timestamp,solver,seed,rep,run_seed,coord_sigma,real_sigma,epoch,t,Qsum,n_backlog,n_pushed,J_coord,solver_time_sec,fairness_ep
20260213_151714,GREEDY_CENTRALIZED,6910,1,69100001,100.0,100.0,1,0,0,1,1,0.0,0.06021595001220703,0.0
20260213_151714,GREEDY_CENTRALIZED,6910,1,69100001,100.0,100.0,2,4,0,1,1,0.0,3.814697265625e-6,0.0
20260213_151714,GREEDY_CENTRALIZED,6910,1,69100001,100.0,100.0,3,8,0,2,2,0.0,0.04294991493225098,0.0
20260213_151714,GREEDY_CENTRALIZED,6910,1,69100001,100.0,100.0,4,12,0,3,3,0.0,1.7881393432617188e-5,0.0
20260213_151714,GREEDY_CENTRALIZED,6910,1,69100001,100.0,100.0,5,16,0,1,1,0.0,7.867813110351562e-6,0.0
20260213_151714,GREEDY_CENTRALIZED,6910,1,69100001,100.0,100.0,6,20,0,7,4,12.0,0.06469583511352539,1000.0
20260213_151714,GREEDY_CENTRALIZED,6910,1,69100001,100.0,100.0,7,24,1,10,4,24.0,0.003537893295288086,1000.0
20260213_151714,GREEDY_CENTRALIZED,6910,1,69100001,100.0,100.0,8,28,1,7,4,12.0,0.057386159896850586,1000.0
20260213_151714,GREEDY_CENTRALIZED,6910,1,69100001,100.0,100.0,9,32,3,5,4,4.0,0.054003000259399414,333.3333333333333
20260213_151714,GREEDY_CENTRALIZED,6910,1,69100001,100.0,100.0,10,36,4,6,4,8.0,0.00019097328186035156,573.3333333333334
20260213_151714,GREEDY_CENTRALIZED,6910,1,69100001,100.0,100.0,11,40,4,8,4,16.0,0.0007638931274414062,720.0
20260213_151714,GREEDY_CENTRALIZED,6910,1,69100001,100.0,100.0,12,44,4,7,4,12.0,0.0003879070281982422,720.0
20260213_151714,GREEDY_CENTRALIZED,6910,1,69100001,100.0,100.0,13,48,4,9,4,20.0,0.0014519691467285156,800.0
20260213_151714,GREEDY_CENTRALIZED,6910,1,69100001,100.0,100.0,14,52,4,12,4,32.0,0.04074883460998535,680.0
20260213_151714,GREEDY_CENTRALIZED,6910,1,69100001,100.0,100.0,15,56,4,10,4,52.0,0.003201007843017578,980.0
20260213_151714,GREEDY_CENTRALIZED,6910,1,69100001,100.0,100.0,16,60,6,9,4,40.0,0.0015749931335449219,1480.0
20260213_151714,GREEDY_CENTRALIZED,4953,1,49530001,100.0,100.0,1,0,0,1,1,0.0,1.811981201171875e-5,0.0
20260213_151714,GREEDY_CENTRALIZED,4953,1,49530001,100.0,100.0,2,4,0,1,1,0.0,3.814697265625e-6,0.0
20260213_151714,GREEDY_CENTRALIZED,4953,1,49530001,100.0,100.0,3,8,0,2,2,0.0,1.3828277587890625e-5,0.0
20260213_151714,GREEDY_CENTRALIZED,4953,1,49530001,100.0,100.0,4,12,0,3,3,0.0,2.5987625122070312e-5,0.0
20260213_151714,GREEDY_CENTRALIZED,4953,1,49530001,100.0,100.0,5,16,0,1,1,0.0,4.0531158447265625e-6,0.0
20260213_151714,GREEDY_CENTRALIZED,4953,1,49530001,100.0,100.0,6,20,0,7,4,12.0,0.0003490447998046875,1000.0
20260213_151714,GREEDY_CENTRALIZED,4953,1,49530001,100.0,100.0,7,24,1,10,4,24.0,0.0034248828887939453,1000.0
20260213_151714,GREEDY_CENTRALIZED,4953,1,49530001,100.0,100.0,8,28,1,7,4,12.0,0.0003829002380371094,1000.0
20260213_151714,GREEDY_CENTRALIZED,4953,1,49530001,100.0,100.0,9,32,3,5,4,4.0,9.107589721679688e-5,333.3333333333333
20260213_151714,GREEDY_CENTRALIZED,4953,1,49530001,100.0,100.0,10,36,4,6,4,8.0,0.00019097328186035156,573.3333333333334
20260213_151714,GREEDY_CENTRALIZED,4953,1,49530001,100.0,100.0,11,40,4,8,4,16.0,0.0007581710815429688,720.0
20260213_151714,GREEDY_CENTRALIZED,4953,1,49530001,100.0,100.0,12,44,4,7,4,12.0,0.00038504600524902344,720.0
20260213_151714,GREEDY_CENTRALIZED,4953,1,49530001,100.0,100.0,13,48,4,9,4,20.0,0.0014450550079345703,800.0
20260213_151714,GREEDY_CENTRALIZED,4953,1,49530001,100.0,100.0,14,52,4,12,4,32.0,0.012234926223754883,680.0
20260213_151714,GREEDY_CENTRALIZED,4953,1,49530001,100.0,100.0,15,56,4,10,4,52.0,0.003426074981689453,980.0
20260213_151714,GREEDY_CENTRALIZED,4953,1,49530001,100.0,100.0,16,60,6,9,4,40.0,0.01016092300415039,1480.0
20260213_151714,GREEDY_CENTRALIZED,8042,1,80420001,100.0,100.0,1,0,0,1,1,0.0,1.3828277587890625e-5,0.0
20260213_151714,GREEDY_CENTRALIZED,8042,1,80420001,100.0,100.0,2,4,0,1,1,0.0,3.0994415283203125e-6,0.0
20260213_151714,GREEDY_CENTRALIZED,8042,1,80420001,100.0,100.0,3,8,0,2,2,0.0,1.3113021850585938e-5,0.0
20260213_151714,GREEDY_CENTRALIZED,8042,1,80420001,100.0,100.0,4,12,0,3,3,0.0,1.5974044799804688e-5,0.0
20260213_151714,GREEDY_CENTRALIZED,8042,1,80420001,100.0,100.0,5,16,0,1,1,0.0,3.814697265625e-6,0.0
20260213_151714,GREEDY_CENTRALIZED,8042,1,80420001,100.0,100.0,6,20,0,7,4,12.0,0.0003371238708496094,1000.0
20260213_151714,GREEDY_CENTRALIZED,8042,1,80420001,100.0,100.0,7,24,1,10,4,24.0,0.0034339427947998047,1000.0
20260213_151714,GREEDY_CENTRALIZED,8042,1,80420001,100.0,100.0,8,28,1,7,4,12.0,0.00038695335388183594,1000.0
20260213_151714,GREEDY_CENTRALIZED,8042,1,80420001,100.0,100.0,9,32,3,5,4,4.0,0.00011515617370605469,333.3333333333333
20260213_151714,GREEDY_CENTRALIZED,8042,1,80420001,100.0,100.0,10,36,4,6,4,8.0,0.00022602081298828125,573.3333333333334
20260213_151714,GREEDY_CENTRALIZED,8042,1,80420001,100.0,100.0,11,40,4,8,4,16.0,0.0007610321044921875,720.0
20260213_151714,GREEDY_CENTRALIZED,8042,1,80420001,100.0,100.0,12,44,4,7,4,12.0,0.0003809928894042969,720.0
20260213_151714,GREEDY_CENTRALIZED,8042,1,80420001,100.0,100.0,13,48,4,9,4,20.0,0.0014710426330566406,800.0
20260213_151714,GREEDY_CENTRALIZED,8042,1,80420001,100.0,100.0,14,52,4,12,4,32.0,0.011936187744140625,680.0
20260213_151714,GREEDY_CENTRALIZED,8042,1,80420001,100.0,100.0,15,56,4,10,4,52.0,0.003086090087890625,980.0
20260213_151714,GREEDY_CENTRALIZED,8042,1,80420001,100.0,100.0,16,60,6,9,4,40.0,0.007109880447387695,1480.0
20260213_151714,GREEDY_CENTRALIZED,180,1,1800001,100.0,100.0,1,0,0,1,1,0.0,1.2159347534179688e-5,0.0
20260213_151714,GREEDY_CENTRALIZED,180,1,1800001,100.0,100.0,2,4,0,1,1,0.0,3.0994415283203125e-6,0.0
20260213_151714,GREEDY_CENTRALIZED,180,1,1800001,100.0,100.0,3,8,0,2,2,0.0,1.3113021850585938e-5,0.0
20260213_151714,GREEDY_CENTRALIZED,180,1,1800001,100.0,100.0,4,12,0,3,3,0.0,1.5974044799804688e-5,0.0
20260213_151714,GREEDY_CENTRALIZED,180,1,1800001,100.0,100.0,5,16,0,1,1,0.0,5.0067901611328125e-6,0.0
20260213_151714,GREEDY_CENTRALIZED,180,1,1800001,100.0,100.0,6,20,0,7,4,12.0,0.0003368854522705078,1000.0
20260213_151714,GREEDY_CENTRALIZED,180,1,1800001,100.0,100.0,7,24,1,10,4,24.0,0.003451108932495117,1000.0
20260213_151714,GREEDY_CENTRALIZED,180,1,1800001,100.0,100.0,8,28,1,7,4,12.0,0.0003631114959716797,1000.0
20260213_151714,GREEDY_CENTRALIZED,180,1,1800001,100.0,100.0,9,32,3,5,4,4.0,8.893013000488281e-5,333.3333333333333
20260213_151714,GREEDY_CENTRALIZED,180,1,1800001,100.0,100.0,10,36,4,6,4,8.0,0.00018310546875,573.3333333333334
20260213_151714,GREEDY_CENTRALIZED,180,1,1800001,100.0,100.0,11,40,4,8,4,16.0,0.0007688999176025391,720.0
20260213_151714,GREEDY_CENTRALIZED,180,1,1800001,100.0,100.0,12,44,4,7,4,12.0,0.0003809928894042969,720.0
20260213_151714,GREEDY_CENTRALIZED,180,1,1800001,100.0,100.0,13,48,4,9,4,20.0,0.00144195556640625,800.0
20260213_151714,GREEDY_CENTRALIZED,180,1,1800001,100.0,100.0,14,52,4,12,4,32.0,0.01176905632019043,680.0
20260213_151714,GREEDY_CENTRALIZED,180,1,1800001,100.0,100.0,15,56,4,10,4,52.0,0.006651163101196289,980.0
20260213_151714,GREEDY_CENTRALIZED,180,1,1800001,100.0,100.0,16,60,6,9,4,40.0,0.0015459060668945312,1480.0
20260213_151714,GREEDY_CENTRALIZED,6646,1,66460001,100.0,100.0,1,0,0,1,1,0.0,1.4066696166992188e-5,0.0
20260213_151714,GREEDY_CENTRALIZED,6646,1,66460001,100.0,100.0,2,4,0,1,1,0.0,4.0531158447265625e-6,0.0
20260213_151714,GREEDY_CENTRALIZED,6646,1,66460001,100.0,100.0,3,8,0,2,2,0.0,1.4066696166992188e-5,0.0
20260213_151714,GREEDY_CENTRALIZED,6646,1,66460001,100.0,100.0,4,12,0,3,3,0.0,2.5033950805664062e-5,0.0
20260213_151714,GREEDY_CENTRALIZED,6646,1,66460001,100.0,100.0,5,16,0,1,1,0.0,5.0067901611328125e-6,0.0
20260213_151714,GREEDY_CENTRALIZED,6646,1,66460001,100.0,100.0,6,20,0,7,4,12.0,0.0003349781036376953,1000.0
20260213_151714,GREEDY_CENTRALIZED,6646,1,66460001,100.0,100.0,7,24,1,10,4,24.0,0.0033829212188720703,1000.0
20260213_151714,GREEDY_CENTRALIZED,6646,1,66460001,100.0,100.0,8,28,1,7,4,12.0,0.0003650188446044922,1000.0
20260213_151714,GREEDY_CENTRALIZED,6646,1,66460001,100.0,100.0,9,32,3,5,4,4.0,8.797645568847656e-5,333.3333333333333
20260213_151714,GREEDY_CENTRALIZED,6646,1,66460001,100.0,100.0,10,36,4,6,4,8.0,0.00018095970153808594,573.3333333333334
20260213_151714,GREEDY_CENTRALIZED,6646,1,66460001,100.0,100.0,11,40,4,8,4,16.0,0.0007739067077636719,720.0
20260213_151714,GREEDY_CENTRALIZED,6646,1,66460001,100.0,100.0,12,44,4,7,4,12.0,0.00039196014404296875,720.0
20260213_151714,GREEDY_CENTRALIZED,6646,1,66460001,100.0,100.0,13,48,4,9,4,20.0,0.0014488697052001953,800.0
20260213_151714,GREEDY_CENTRALIZED,6646,1,66460001,100.0,100.0,14,52,4,12,4,32.0,0.015263080596923828,680.0
20260213_151714,GREEDY_CENTRALIZED,6646,1,66460001,100.0,100.0,15,56,4,10,4,52.0,0.0030059814453125,980.0
20260213_151714,GREEDY_CENTRALIZED,6646,1,66460001,100.0,100.0,16,60,6,9,4,40.0,0.0015659332275390625,1480.0
20260213_151714,GREEDY_CENTRALIZED,1744,1,17440001,100.0,100.0,1,0,0,1,1,0.0,1.6927719116210938e-5,0.0
20260213_151714,GREEDY_CENTRALIZED,1744,1,17440001,100.0,100.0,2,4,0,1,1,0.0,2.86102294921875e-6,0.0
20260213_151714,GREEDY_CENTRALIZED,1744,1,17440001,100.0,100.0,3,8,0,2,2,0.0,1.3828277587890625e-5,0.0
20260213_151714,GREEDY_CENTRALIZED,1744,1,17440001,100.0,100.0,4,12,0,3,3,0.0,1.5974044799804688e-5,0.0
20260213_151714,GREEDY_CENTRALIZED,1744,1,17440001,100.0,100.0,5,16,0,1,1,0.0,4.0531158447265625e-6,0.0
20260213_151714,GREEDY_CENTRALIZED,1744,1,17440001,100.0,100.0,6,20,0,7,4,12.0,0.0003380775451660156,1000.0
20260213_151714,GREEDY_CENTRALIZED,1744,1,17440001,100.0,100.0,7,24,1,10,4,24.0,0.0033338069915771484,1000.0
20260213_151714,GREEDY_CENTRALIZED,1744,1,17440001,100.0,100.0,8,28,1,7,4,12.0,0.00038814544677734375,1000.0
20260213_151714,GREEDY_CENTRALIZED,1744,1,17440001,100.0,100.0,9,32,3,5,4,4.0,9.012222290039062e-5,333.3333333333333
20260213_151714,GREEDY_CENTRALIZED,1744,1,17440001,100.0,100.0,10,36,4,6,4,8.0,0.00018310546875,573.3333333333334
20260213_151714,GREEDY_CENTRALIZED,1744,1,17440001,100.0,100.0,11,40,4,8,4,16.0,0.0007960796356201172,720.0
20260213_151714,GREEDY_CENTRALIZED,1744,1,17440001,100.0,100.0,12,44,4,7,4,12.0,0.00038909912109375,720.0
20260213_151714,GREEDY_CENTRALIZED,1744,1,17440001,100.0,100.0,13,48,4,9,4,20.0,0.0014629364013671875,800.0
20260213_151714,GREEDY_CENTRALIZED,1744,1,17440001,100.0,100.0,14,52,4,12,4,32.0,0.014851093292236328,680.0
20260213_151714,GREEDY_CENTRALIZED,1744,1,17440001,100.0,100.0,15,56,4,10,4,52.0,0.005709171295166016,980.0
20260213_151714,GREEDY_CENTRALIZED,1744,1,17440001,100.0,100.0,16,60,6,9,4,40.0,0.0015590190887451172,1480.0
20260213_151714,GREEDY_CENTRALIZED,9250,1,92500001,100.0,100.0,1,0,0,1,1,0.0,1.8835067749023438e-5,0.0
20260213_151714,GREEDY_CENTRALIZED,9250,1,92500001,100.0,100.0,2,4,0,1,1,0.0,4.0531158447265625e-6,0.0
20260213_151714,GREEDY_CENTRALIZED,9250,1,92500001,100.0,100.0,3,8,0,2,2,0.0,1.4066696166992188e-5,0.0
20260213_151714,GREEDY_CENTRALIZED,9250,1,92500001,100.0,100.0,4,12,0,3,3,0.0,1.5974044799804688e-5,0.0
20260213_151714,GREEDY_CENTRALIZED,9250,1,92500001,100.0,100.0,5,16,0,1,1,0.0,5.0067901611328125e-6,0.0
20260213_151714,GREEDY_CENTRALIZED,9250,1,92500001,100.0,100.0,6,20,0,7,4,12.0,0.00036597251892089844,1000.0
20260213_151714,GREEDY_CENTRALIZED,9250,1,92500001,100.0,100.0,7,24,1,10,4,24.0,0.00339508056640625,1000.0
20260213_151714,GREEDY_CENTRALIZED,9250,1,92500001,100.0,100.0,8,28,1,7,4,12.0,0.0003619194030761719,1000.0
20260213_151714,GREEDY_CENTRALIZED,9250,1,92500001,100.0,100.0,9,32,3,5,4,4.0,9.012222290039062e-5,333.3333333333333
20260213_151714,GREEDY_CENTRALIZED,9250,1,92500001,100.0,100.0,10,36,4,6,4,8.0,0.00018906593322753906,573.3333333333334
20260213_151714,GREEDY_CENTRALIZED,9250,1,92500001,100.0,100.0,11,40,4,8,4,16.0,0.0007679462432861328,720.0
20260213_151714,GREEDY_CENTRALIZED,9250,1,92500001,100.0,100.0,12,44,4,7,4,12.0,0.00041294097900390625,720.0
20260213_151714,GREEDY_CENTRALIZED,9250,1,92500001,100.0,100.0,13,48,4,9,4,20.0,0.0014629364013671875,800.0
20260213_151714,GREEDY_CENTRALIZED,9250,1,92500001,100.0,100.0,14,52,4,12,4,32.0,0.01500082015991211,680.0
20260213_151714,GREEDY_CENTRALIZED,9250,1,92500001,100.0,100.0,15,56,4,10,4,52.0,0.0030260086059570312,980.0
20260213_151714,GREEDY_CENTRALIZED,9250,1,92500001,100.0,100.0,16,60,6,9,4,40.0,0.00421905517578125,1480.0
20260213_151714,GREEDY_CENTRALIZED,7566,1,75660001,100.0,100.0,1,0,0,1,1,0.0,1.4066696166992188e-5,0.0
20260213_151714,GREEDY_CENTRALIZED,7566,1,75660001,100.0,100.0,2,4,0,1,1,0.0,4.0531158447265625e-6,0.0
20260213_151714,GREEDY_CENTRALIZED,7566,1,75660001,100.0,100.0,3,8,0,2,2,0.0,1.5020370483398438e-5,0.0
20260213_151714,GREEDY_CENTRALIZED,7566,1,75660001,100.0,100.0,4,12,0,3,3,0.0,2.384185791015625e-5,0.0
20260213_151714,GREEDY_CENTRALIZED,7566,1,75660001,100.0,100.0,5,16,0,1,1,0.0,5.0067901611328125e-6,0.0
20260213_151714,GREEDY_CENTRALIZED,7566,1,75660001,100.0,100.0,6,20,0,7,4,12.0,0.0003509521484375,1000.0
20260213_151714,GREEDY_CENTRALIZED,7566,1,75660001,100.0,100.0,7,24,1,10,4,24.0,0.0033969879150390625,1000.0
20260213_151714,GREEDY_CENTRALIZED,7566,1,75660001,100.0,100.0,8,28,1,7,4,12.0,0.00039887428283691406,1000.0
20260213_151714,GREEDY_CENTRALIZED,7566,1,75660001,100.0,100.0,9,32,3,5,4,4.0,9.298324584960938e-5,333.3333333333333
20260213_151714,GREEDY_CENTRALIZED,7566,1,75660001,100.0,100.0,10,36,4,6,4,8.0,0.000186920166015625,573.3333333333334
20260213_151714,GREEDY_CENTRALIZED,7566,1,75660001,100.0,100.0,11,40,4,8,4,16.0,0.0007700920104980469,720.0
20260213_151714,GREEDY_CENTRALIZED,7566,1,75660001,100.0,100.0,12,44,4,7,4,12.0,0.00039505958557128906,720.0
20260213_151714,GREEDY_CENTRALIZED,7566,1,75660001,100.0,100.0,13,48,4,9,4,20.0,0.0014920234680175781,800.0
20260213_151714,GREEDY_CENTRALIZED,7566,1,75660001,100.0,100.0,14,52,4,12,4,32.0,0.014989852905273438,680.0
20260213_151714,GREEDY_CENTRALIZED,7566,1,75660001,100.0,100.0,15,56,4,10,4,52.0,0.003165006637573242,980.0
20260213_151714,GREEDY_CENTRALIZED,7566,1,75660001,100.0,100.0,16,60,6,9,4,40.0,0.0016300678253173828,1480.0
20260213_151714,GREEDY_CENTRALIZED,8740,1,87400001,100.0,100.0,1,0,0,1,1,0.0,2.09808349609375e-5,0.0
20260213_151714,GREEDY_CENTRALIZED,8740,1,87400001,100.0,100.0,2,4,0,1,1,0.0,2.86102294921875e-6,0.0
20260213_151714,GREEDY_CENTRALIZED,8740,1,87400001,100.0,100.0,3,8,0,2,2,0.0,1.3828277587890625e-5,0.0
20260213_151714,GREEDY_CENTRALIZED,8740,1,87400001,100.0,100.0,4,12,0,3,3,0.0,1.5974044799804688e-5,0.0
20260213_151714,GREEDY_CENTRALIZED,8740,1,87400001,100.0,100.0,5,16,0,1,1,0.0,4.0531158447265625e-6,0.0
20260213_151714,GREEDY_CENTRALIZED,8740,1,87400001,100.0,100.0,6,20,0,7,4,12.0,0.00035500526428222656,1000.0
20260213_151714,GREEDY_CENTRALIZED,8740,1,87400001,100.0,100.0,7,24,1,10,4,24.0,0.006189107894897461,1000.0
20260213_151714,GREEDY_CENTRALIZED,8740,1,87400001,100.0,100.0,8,28,1,7,4,12.0,0.00036978721618652344,1000.0
20260213_151714,GREEDY_CENTRALIZED,8740,1,87400001,100.0,100.0,9,32,3,5,4,4.0,9.202957153320312e-5,333.3333333333333
20260213_151714,GREEDY_CENTRALIZED,8740,1,87400001,100.0,100.0,10,36,4,6,4,8.0,0.00019788742065429688,573.3333333333334
20260213_151714,GREEDY_CENTRALIZED,8740,1,87400001,100.0,100.0,11,40,4,8,4,16.0,0.0007581710815429688,720.0
20260213_151714,GREEDY_CENTRALIZED,8740,1,87400001,100.0,100.0,12,44,4,7,4,12.0,0.00039696693420410156,720.0
20260213_151714,GREEDY_CENTRALIZED,8740,1,87400001,100.0,100.0,13,48,4,9,4,20.0,0.0015010833740234375,800.0
20260213_151714,GREEDY_CENTRALIZED,8740,1,87400001,100.0,100.0,14,52,4,12,4,32.0,0.014594078063964844,680.0
20260213_151714,GREEDY_CENTRALIZED,8740,1,87400001,100.0,100.0,15,56,4,10,4,52.0,0.0030431747436523438,980.0
20260213_151714,GREEDY_CENTRALIZED,8740,1,87400001,100.0,100.0,16,60,6,9,4,40.0,0.0015120506286621094,1480.0
20260213_151714,GREEDY_CENTRALIZED,7526,1,75260001,100.0,100.0,1,0,0,1,1,0.0,1.3113021850585938e-5,0.0
20260213_151714,GREEDY_CENTRALIZED,7526,1,75260001,100.0,100.0,2,4,0,1,1,0.0,4.0531158447265625e-6,0.0
20260213_151714,GREEDY_CENTRALIZED,7526,1,75260001,100.0,100.0,3,8,0,2,2,0.0,1.4781951904296875e-5,0.0
20260213_151714,GREEDY_CENTRALIZED,7526,1,75260001,100.0,100.0,4,12,0,3,3,0.0,2.5033950805664062e-5,0.0
20260213_151714,GREEDY_CENTRALIZED,7526,1,75260001,100.0,100.0,5,16,0,1,1,0.0,4.0531158447265625e-6,0.0
20260213_151714,GREEDY_CENTRALIZED,7526,1,75260001,100.0,100.0,6,20,0,7,4,12.0,0.0003409385681152344,1000.0
20260213_151714,GREEDY_CENTRALIZED,7526,1,75260001,100.0,100.0,7,24,1,10,4,24.0,0.00605010986328125,1000.0
20260213_151714,GREEDY_CENTRALIZED,7526,1,75260001,100.0,100.0,8,28,1,7,4,12.0,0.0003619194030761719,1000.0
20260213_151714,GREEDY_CENTRALIZED,7526,1,75260001,100.0,100.0,9,32,3,5,4,4.0,8.797645568847656e-5,333.3333333333333
20260213_151714,GREEDY_CENTRALIZED,7526,1,75260001,100.0,100.0,10,36,4,6,4,8.0,0.0001862049102783203,573.3333333333334
20260213_151714,GREEDY_CENTRALIZED,7526,1,75260001,100.0,100.0,11,40,4,8,4,16.0,0.0007798671722412109,720.0
20260213_151714,GREEDY_CENTRALIZED,7526,1,75260001,100.0,100.0,12,44,4,7,4,12.0,0.00041413307189941406,720.0
20260213_151714,GREEDY_CENTRALIZED,7526,1,75260001,100.0,100.0,13,48,4,9,4,20.0,0.0014469623565673828,800.0
20260213_151714,GREEDY_CENTRALIZED,7526,1,75260001,100.0,100.0,14,52,4,12,4,32.0,0.015469789505004883,680.0
20260213_151714,GREEDY_CENTRALIZED,7526,1,75260001,100.0,100.0,15,56,4,10,4,52.0,0.0030260086059570312,980.0
20260213_151714,GREEDY_CENTRALIZED,7526,1,75260001,100.0,100.0,16,60,6,9,4,40.0,0.0015552043914794922,1480.0
20260213_151714,GREEDY_CENTRALIZED,6150,1,61500001,100.0,100.0,1,0,0,1,1,0.0,2.5033950805664062e-5,0.0
20260213_151714,GREEDY_CENTRALIZED,6150,1,61500001,100.0,100.0,2,4,0,1,1,0.0,4.0531158447265625e-6,0.0
20260213_151714,GREEDY_CENTRALIZED,6150,1,61500001,100.0,100.0,3,8,0,2,2,0.0,1.6927719116210938e-5,0.0
20260213_151714,GREEDY_CENTRALIZED,6150,1,61500001,100.0,100.0,4,12,0,3,3,0.0,1.5974044799804688e-5,0.0
20260213_151714,GREEDY_CENTRALIZED,6150,1,61500001,100.0,100.0,5,16,0,1,1,0.0,4.0531158447265625e-6,0.0
20260213_151714,GREEDY_CENTRALIZED,6150,1,61500001,100.0,100.0,6,20,0,7,4,12.0,0.0003390312194824219,1000.0
20260213_151714,GREEDY_CENTRALIZED,6150,1,61500001,100.0,100.0,7,24,1,10,4,24.0,0.0033769607543945312,1000.0
20260213_151714,GREEDY_CENTRALIZED,6150,1,61500001,100.0,100.0,8,28,1,7,4,12.0,0.0003669261932373047,1000.0
20260213_151714,GREEDY_CENTRALIZED,6150,1,61500001,100.0,100.0,9,32,3,5,4,4.0,0.0025620460510253906,333.3333333333333
20260213_151714,GREEDY_CENTRALIZED,6150,1,61500001,100.0,100.0,10,36,4,6,4,8.0,0.00021910667419433594,573.3333333333334
20260213_151714,GREEDY_CENTRALIZED,6150,1,61500001,100.0,100.0,11,40,4,8,4,16.0,0.0007579326629638672,720.0
20260213_151714,GREEDY_CENTRALIZED,6150,1,61500001,100.0,100.0,12,44,4,7,4,12.0,0.0003731250762939453,720.0
20260213_151714,GREEDY_CENTRALIZED,6150,1,61500001,100.0,100.0,13,48,4,9,4,20.0,0.0014719963073730469,800.0
20260213_151714,GREEDY_CENTRALIZED,6150,1,61500001,100.0,100.0,14,52,4,12,4,32.0,0.01485586166381836,680.0
20260213_151714,GREEDY_CENTRALIZED,6150,1,61500001,100.0,100.0,15,56,4,10,4,52.0,0.0030341148376464844,980.0
20260213_151714,GREEDY_CENTRALIZED,6150,1,61500001,100.0,100.0,16,60,6,9,4,40.0,0.0015459060668945312,1480.0
20260213_151714,GREEDY_CENTRALIZED,5660,1,56600001,100.0,100.0,1,0,0,1,1,0.0,1.3113021850585938e-5,0.0
20260213_151714,GREEDY_CENTRALIZED,5660,1,56600001,100.0,100.0,2,4,0,1,1,0.0,2.86102294921875e-6,0.0
20260213_151714,GREEDY_CENTRALIZED,5660,1,56600001,100.0,100.0,3,8,0,2,2,0.0,1.5020370483398438e-5,0.0
20260213_151714,GREEDY_CENTRALIZED,5660,1,56600001,100.0,100.0,4,12,0,3,3,0.0,1.5974044799804688e-5,0.0
20260213_151714,GREEDY_CENTRALIZED,5660,1,56600001,100.0,100.0,5,16,0,1,1,0.0,4.0531158447265625e-6,0.0
20260213_151714,GREEDY_CENTRALIZED,5660,1,56600001,100.0,100.0,6,20,0,7,4,12.0,0.00035309791564941406,1000.0
20260213_151714,GREEDY_CENTRALIZED,5660,1,56600001,100.0,100.0,7,24,1,10,4,24.0,0.0033690929412841797,1000.0
20260213_151714,GREEDY_CENTRALIZED,5660,1,56600001,100.0,100.0,8,28,1,7,4,12.0,0.0003619194030761719,1000.0
20260213_151714,GREEDY_CENTRALIZED,5660,1,56600001,100.0,100.0,9,32,3,5,4,4.0,0.0001010894775390625,333.3333333333333
20260213_151714,GREEDY_CENTRALIZED,5660,1,56600001,100.0,100.0,10,36,4,6,4,8.0,0.00019216537475585938,573.3333333333334
20260213_151714,GREEDY_CENTRALIZED,5660,1,56600001,100.0,100.0,11,40,4,8,4,16.0,0.0007519721984863281,720.0
20260213_151714,GREEDY_CENTRALIZED,5660,1,56600001,100.0,100.0,12,44,4,7,4,12.0,0.00039196014404296875,720.0
20260213_151714,GREEDY_CENTRALIZED,5660,1,56600001,100.0,100.0,13,48,4,9,4,20.0,0.004045009613037109,800.0
20260213_151714,GREEDY_CENTRALIZED,5660,1,56600001,100.0,100.0,14,52,4,12,4,32.0,0.01175999641418457,680.0
20260213_151714,GREEDY_CENTRALIZED,5660,1,56600001,100.0,100.0,15,56,4,10,4,52.0,0.0058519840240478516,980.0
20260213_151714,GREEDY_CENTRALIZED,5660,1,56600001,100.0,100.0,16,60,6,9,4,40.0,0.0015590190887451172,1480.0
20260213_151714,GREEDY_CENTRALIZED,1036,1,10360001,100.0,100.0,1,0,0,1,1,0.0,1.2874603271484375e-5,0.0
20260213_151714,GREEDY_CENTRALIZED,1036,1,10360001,100.0,100.0,2,4,0,1,1,0.0,4.0531158447265625e-6,0.0
20260213_151714,GREEDY_CENTRALIZED,1036,1,10360001,100.0,100.0,3,8,0,2,2,0.0,2.4080276489257812e-5,0.0
20260213_151714,GREEDY_CENTRALIZED,1036,1,10360001,100.0,100.0,4,12,0,3,3,0.0,2.09808349609375e-5,0.0
20260213_151714,GREEDY_CENTRALIZED,1036,1,10360001,100.0,100.0,5,16,0,1,1,0.0,4.0531158447265625e-6,0.0
20260213_151714,GREEDY_CENTRALIZED,1036,1,10360001,100.0,100.0,6,20,0,7,4,12.0,0.0003390312194824219,1000.0
20260213_151714,GREEDY_CENTRALIZED,1036,1,10360001,100.0,100.0,7,24,1,10,4,24.0,0.003370046615600586,1000.0
20260213_151714,GREEDY_CENTRALIZED,1036,1,10360001,100.0,100.0,8,28,1,7,4,12.0,0.00036907196044921875,1000.0
20260213_151714,GREEDY_CENTRALIZED,1036,1,10360001,100.0,100.0,9,32,3,5,4,4.0,0.00011396408081054688,333.3333333333333
20260213_151714,GREEDY_CENTRALIZED,1036,1,10360001,100.0,100.0,10,36,4,6,4,8.0,0.00018596649169921875,573.3333333333334
20260213_151714,GREEDY_CENTRALIZED,1036,1,10360001,100.0,100.0,11,40,4,8,4,16.0,0.00074005126953125,720.0
20260213_151714,GREEDY_CENTRALIZED,1036,1,10360001,100.0,100.0,12,44,4,7,4,12.0,0.0003790855407714844,720.0
20260213_151714,GREEDY_CENTRALIZED,1036,1,10360001,100.0,100.0,13,48,4,9,4,20.0,0.0014510154724121094,800.0
20260213_151714,GREEDY_CENTRALIZED,1036,1,10360001,100.0,100.0,14,52,4,12,4,32.0,0.014641046524047852,680.0
20260213_151714,GREEDY_CENTRALIZED,1036,1,10360001,100.0,100.0,15,56,4,10,4,52.0,0.005836963653564453,980.0
20260213_151714,GREEDY_CENTRALIZED,1036,1,10360001,100.0,100.0,16,60,6,9,4,40.0,0.0015330314636230469,1480.0
20260213_151714,GREEDY_CENTRALIZED,7209,1,72090001,100.0,100.0,1,0,0,1,1,0.0,1.4066696166992188e-5,0.0
20260213_151714,GREEDY_CENTRALIZED,7209,1,72090001,100.0,100.0,2,4,0,1,1,0.0,2.86102294921875e-6,0.0
20260213_151714,GREEDY_CENTRALIZED,7209,1,72090001,100.0,100.0,3,8,0,2,2,0.0,1.5020370483398438e-5,0.0
20260213_151714,GREEDY_CENTRALIZED,7209,1,72090001,100.0,100.0,4,12,0,3,3,0.0,2.288818359375e-5,0.0
20260213_151714,GREEDY_CENTRALIZED,7209,1,72090001,100.0,100.0,5,16,0,1,1,0.0,4.0531158447265625e-6,0.0
20260213_151714,GREEDY_CENTRALIZED,7209,1,72090001,100.0,100.0,6,20,0,7,4,12.0,0.0003528594970703125,1000.0
20260213_151714,GREEDY_CENTRALIZED,7209,1,72090001,100.0,100.0,7,24,1,10,4,24.0,0.0033540725708007812,1000.0
20260213_151714,GREEDY_CENTRALIZED,7209,1,72090001,100.0,100.0,8,28,1,7,4,12.0,0.00039196014404296875,1000.0
20260213_151714,GREEDY_CENTRALIZED,7209,1,72090001,100.0,100.0,9,32,3,5,4,4.0,8.988380432128906e-5,333.3333333333333
20260213_151714,GREEDY_CENTRALIZED,7209,1,72090001,100.0,100.0,10,36,4,6,4,8.0,0.0002040863037109375,573.3333333333334
20260213_151714,GREEDY_CENTRALIZED,7209,1,72090001,100.0,100.0,11,40,4,8,4,16.0,0.000782012939453125,720.0
20260213_151714,GREEDY_CENTRALIZED,7209,1,72090001,100.0,100.0,12,44,4,7,4,12.0,0.0003800392150878906,720.0
20260213_151714,GREEDY_CENTRALIZED,7209,1,72090001,100.0,100.0,13,48,4,9,4,20.0,0.0014739036560058594,800.0
20260213_151714,GREEDY_CENTRALIZED,7209,1,72090001,100.0,100.0,14,52,4,12,4,32.0,0.014581918716430664,680.0
20260213_151714,GREEDY_CENTRALIZED,7209,1,72090001,100.0,100.0,15,56,4,10,4,52.0,0.003108978271484375,980.0
20260213_151714,GREEDY_CENTRALIZED,7209,1,72090001,100.0,100.0,16,60,6,9,4,40.0,0.0015740394592285156,1480.0
20260213_151714,GREEDY_CENTRALIZED,3106,1,31060001,100.0,100.0,1,0,0,1,1,0.0,1.2874603271484375e-5,0.0
20260213_151714,GREEDY_CENTRALIZED,3106,1,31060001,100.0,100.0,2,4,0,1,1,0.0,5.0067901611328125e-6,0.0
20260213_151714,GREEDY_CENTRALIZED,3106,1,31060001,100.0,100.0,3,8,0,2,2,0.0,1.7881393432617188e-5,0.0
20260213_151714,GREEDY_CENTRALIZED,3106,1,31060001,100.0,100.0,4,12,0,3,3,0.0,1.6927719116210938e-5,0.0
20260213_151714,GREEDY_CENTRALIZED,3106,1,31060001,100.0,100.0,5,16,0,1,1,0.0,3.814697265625e-6,0.0
20260213_151714,GREEDY_CENTRALIZED,3106,1,31060001,100.0,100.0,6,20,0,7,4,12.0,0.0003509521484375,1000.0
20260213_151714,GREEDY_CENTRALIZED,3106,1,31060001,100.0,100.0,7,24,1,10,4,24.0,0.006448984146118164,1000.0
20260213_151714,GREEDY_CENTRALIZED,3106,1,31060001,100.0,100.0,8,28,1,7,4,12.0,0.00037789344787597656,1000.0
20260213_151714,GREEDY_CENTRALIZED,3106,1,31060001,100.0,100.0,9,32,3,5,4,4.0,9.202957153320312e-5,333.3333333333333
20260213_151714,GREEDY_CENTRALIZED,3106,1,31060001,100.0,100.0,10,36,4,6,4,8.0,0.0001990795135498047,573.3333333333334
20260213_151714,GREEDY_CENTRALIZED,3106,1,31060001,100.0,100.0,11,40,4,8,4,16.0,0.0007798671722412109,720.0
20260213_151714,GREEDY_CENTRALIZED,3106,1,31060001,100.0,100.0,12,44,4,7,4,12.0,0.000392913818359375,720.0
20260213_151714,GREEDY_CENTRALIZED,3106,1,31060001,100.0,100.0,13,48,4,9,4,20.0,0.0014810562133789062,800.0
20260213_151714,GREEDY_CENTRALIZED,3106,1,31060001,100.0,100.0,14,52,4,12,4,32.0,0.01503300666809082,680.0
20260213_151714,GREEDY_CENTRALIZED,3106,1,31060001,100.0,100.0,15,56,4,10,4,52.0,0.0030579566955566406,980.0
20260213_151714,GREEDY_CENTRALIZED,3106,1,31060001,100.0,100.0,16,60,6,9,4,40.0,0.001538991928100586,1480.0
20260213_151714,GREEDY_CENTRALIZED,5042,1,50420001,100.0,100.0,1,0,0,1,1,0.0,1.3828277587890625e-5,0.0
20260213_151714,GREEDY_CENTRALIZED,5042,1,50420001,100.0,100.0,2,4,0,1,1,0.0,3.814697265625e-6,0.0
20260213_151714,GREEDY_CENTRALIZED,5042,1,50420001,100.0,100.0,3,8,0,2,2,0.0,1.5020370483398438e-5,0.0
20260213_151714,GREEDY_CENTRALIZED,5042,1,50420001,100.0,100.0,4,12,0,3,3,0.0,2.5033950805664062e-5,0.0
20260213_151714,GREEDY_CENTRALIZED,5042,1,50420001,100.0,100.0,5,16,0,1,1,0.0,3.814697265625e-6,0.0
20260213_151714,GREEDY_CENTRALIZED,5042,1,50420001,100.0,100.0,6,20,0,7,4,12.0,0.0003390312194824219,1000.0
20260213_151714,GREEDY_CENTRALIZED,5042,1,50420001,100.0,100.0,7,24,1,10,4,24.0,0.0033440589904785156,1000.0
20260213_151714,GREEDY_CENTRALIZED,5042,1,50420001,100.0,100.0,8,28,1,7,4,12.0,0.000408172607421875,1000.0
20260213_151714,GREEDY_CENTRALIZED,5042,1,50420001,100.0,100.0,9,32,3,5,4,4.0,9.179115295410156e-5,333.3333333333333
20260213_151714,GREEDY_CENTRALIZED,5042,1,50420001,100.0,100.0,10,36,4,6,4,8.0,0.00019097328186035156,573.3333333333334
20260213_151714,GREEDY_CENTRALIZED,5042,1,50420001,100.0,100.0,11,40,4,8,4,16.0,0.0007829666137695312,720.0
20260213_151714,GREEDY_CENTRALIZED,5042,1,50420001,100.0,100.0,12,44,4,7,4,12.0,0.0003809928894042969,720.0
20260213_151714,GREEDY_CENTRALIZED,5042,1,50420001,100.0,100.0,13,48,4,9,4,20.0,0.004300117492675781,800.0
20260213_151714,GREEDY_CENTRALIZED,5042,1,50420001,100.0,100.0,14,52,4,12,4,32.0,0.011836051940917969,680.0
20260213_151714,GREEDY_CENTRALIZED,5042,1,50420001,100.0,100.0,15,56,4,10,4,52.0,0.00562596321105957,980.0
20260213_151714,GREEDY_CENTRALIZED,5042,1,50420001,100.0,100.0,16,60,6,9,4,40.0,0.0015499591827392578,1480.0
20260213_151714,GREEDY_CENTRALIZED,7779,1,77790001,100.0,100.0,1,0,0,1,1,0.0,1.4066696166992188e-5,0.0
20260213_151714,GREEDY_CENTRALIZED,7779,1,77790001,100.0,100.0,2,4,0,1,1,0.0,4.0531158447265625e-6,0.0
20260213_151714,GREEDY_CENTRALIZED,7779,1,77790001,100.0,100.0,3,8,0,2,2,0.0,1.5020370483398438e-5,0.0
20260213_151714,GREEDY_CENTRALIZED,7779,1,77790001,100.0,100.0,4,12,0,3,3,0.0,2.5033950805664062e-5,0.0
20260213_151714,GREEDY_CENTRALIZED,7779,1,77790001,100.0,100.0,5,16,0,1,1,0.0,9.059906005859375e-6,0.0
20260213_151714,GREEDY_CENTRALIZED,7779,1,77790001,100.0,100.0,6,20,0,7,4,12.0,0.0003528594970703125,1000.0
20260213_151714,GREEDY_CENTRALIZED,7779,1,77790001,100.0,100.0,7,24,1,10,4,24.0,0.0033249855041503906,1000.0
20260213_151714,GREEDY_CENTRALIZED,7779,1,77790001,100.0,100.0,8,28,1,7,4,12.0,0.0003662109375,1000.0
20260213_151714,GREEDY_CENTRALIZED,7779,1,77790001,100.0,100.0,9,32,3,5,4,4.0,0.00010514259338378906,333.3333333333333
20260213_151714,GREEDY_CENTRALIZED,7779,1,77790001,100.0,100.0,10,36,4,6,4,8.0,0.00019121170043945312,573.3333333333334
20260213_151714,GREEDY_CENTRALIZED,7779,1,77790001,100.0,100.0,11,40,4,8,4,16.0,0.0007810592651367188,720.0
20260213_151714,GREEDY_CENTRALIZED,7779,1,77790001,100.0,100.0,12,44,4,7,4,12.0,0.00039696693420410156,720.0
20260213_151714,GREEDY_CENTRALIZED,7779,1,77790001,100.0,100.0,13,48,4,9,4,20.0,0.0014691352844238281,800.0
20260213_151714,GREEDY_CENTRALIZED,7779,1,77790001,100.0,100.0,14,52,4,12,4,32.0,0.014940023422241211,680.0
20260213_151714,GREEDY_CENTRALIZED,7779,1,77790001,100.0,100.0,15,56,4,10,4,52.0,0.003031015396118164,980.0
20260213_151714,GREEDY_CENTRALIZED,7779,1,77790001,100.0,100.0,16,60,6,9,4,40.0,0.0015418529510498047,1480.0
20260213_151714,GREEDY_CENTRALIZED,2047,1,20470001,100.0,100.0,1,0,0,1,1,0.0,1.4066696166992188e-5,0.0
20260213_151714,GREEDY_CENTRALIZED,2047,1,20470001,100.0,100.0,2,4,0,1,1,0.0,3.814697265625e-6,0.0
20260213_151714,GREEDY_CENTRALIZED,2047,1,20470001,100.0,100.0,3,8,0,2,2,0.0,2.002716064453125e-5,0.0
20260213_151714,GREEDY_CENTRALIZED,2047,1,20470001,100.0,100.0,4,12,0,3,3,0.0,1.811981201171875e-5,0.0
20260213_151714,GREEDY_CENTRALIZED,2047,1,20470001,100.0,100.0,5,16,0,1,1,0.0,3.0994415283203125e-6,0.0
20260213_151714,GREEDY_CENTRALIZED,2047,1,20470001,100.0,100.0,6,20,0,7,4,12.0,0.0030078887939453125,1000.0
20260213_151714,GREEDY_CENTRALIZED,2047,1,20470001,100.0,100.0,7,24,1,10,4,24.0,0.0033469200134277344,1000.0
20260213_151714,GREEDY_CENTRALIZED,2047,1,20470001,100.0,100.0,8,28,1,7,4,12.0,0.0003840923309326172,1000.0
20260213_151714,GREEDY_CENTRALIZED,2047,1,20470001,100.0,100.0,9,32,3,5,4,4.0,8.893013000488281e-5,333.3333333333333
20260213_151714,GREEDY_CENTRALIZED,2047,1,20470001,100.0,100.0,10,36,4,6,4,8.0,0.0001850128173828125,573.3333333333334
20260213_151714,GREEDY_CENTRALIZED,2047,1,20470001,100.0,100.0,11,40,4,8,4,16.0,0.0007510185241699219,720.0
20260213_151714,GREEDY_CENTRALIZED,2047,1,20470001,100.0,100.0,12,44,4,7,4,12.0,0.00039887428283691406,720.0
20260213_151714,GREEDY_CENTRALIZED,2047,1,20470001,100.0,100.0,13,48,4,9,4,20.0,0.001466989517211914,800.0
20260213_151714,GREEDY_CENTRALIZED,2047,1,20470001,100.0,100.0,14,52,4,12,4,32.0,0.015518903732299805,680.0
20260213_151714,GREEDY_CENTRALIZED,2047,1,20470001,100.0,100.0,15,56,4,10,4,52.0,0.0030548572540283203,980.0
20260213_151714,GREEDY_CENTRALIZED,2047,1,20470001,100.0,100.0,16,60,6,9,4,40.0,0.001538991928100586,1480.0
20260213_151714,GREEDY_CENTRALIZED,4489,1,44890001,100.0,100.0,1,0,0,1,1,0.0,1.2874603271484375e-5,0.0
20260213_151714,GREEDY_CENTRALIZED,4489,1,44890001,100.0,100.0,2,4,0,1,1,0.0,2.86102294921875e-6,0.0
20260213_151714,GREEDY_CENTRALIZED,4489,1,44890001,100.0,100.0,3,8,0,2,2,0.0,1.5020370483398438e-5,0.0
20260213_151714,GREEDY_CENTRALIZED,4489,1,44890001,100.0,100.0,4,12,0,3,3,0.0,2.5987625122070312e-5,0.0
20260213_151714,GREEDY_CENTRALIZED,4489,1,44890001,100.0,100.0,5,16,0,1,1,0.0,5.0067901611328125e-6,0.0
20260213_151714,GREEDY_CENTRALIZED,4489,1,44890001,100.0,100.0,6,20,0,7,4,12.0,0.0003371238708496094,1000.0
20260213_151714,GREEDY_CENTRALIZED,4489,1,44890001,100.0,100.0,7,24,1,10,4,24.0,0.0033600330352783203,1000.0
20260213_151714,GREEDY_CENTRALIZED,4489,1,44890001,100.0,100.0,8,28,1,7,4,12.0,0.0003790855407714844,1000.0
20260213_151714,GREEDY_CENTRALIZED,4489,1,44890001,100.0,100.0,9,32,3,5,4,4.0,9.202957153320312e-5,333.3333333333333
20260213_151714,GREEDY_CENTRALIZED,4489,1,44890001,100.0,100.0,10,36,4,6,4,8.0,0.00018596649169921875,573.3333333333334
20260213_151714,GREEDY_CENTRALIZED,4489,1,44890001,100.0,100.0,11,40,4,8,4,16.0,0.0007600784301757812,720.0
20260213_151714,GREEDY_CENTRALIZED,4489,1,44890001,100.0,100.0,12,44,4,7,4,12.0,0.0003859996795654297,720.0
20260213_151714,GREEDY_CENTRALIZED,4489,1,44890001,100.0,100.0,13,48,4,9,4,20.0,0.004163026809692383,800.0
20260213_151714,GREEDY_CENTRALIZED,4489,1,44890001,100.0,100.0,14,52,4,12,4,32.0,0.011934041976928711,680.0
20260213_151714,GREEDY_CENTRALIZED,4489,1,44890001,100.0,100.0,15,56,4,10,4,52.0,0.005881071090698242,980.0
20260213_151714,GREEDY_CENTRALIZED,4489,1,44890001,100.0,100.0,16,60,6,9,4,40.0,0.0015501976013183594,1480.0
20260213_151714,GREEDY_CENTRALIZED,4902,1,49020001,100.0,100.0,1,0,0,1,1,0.0,1.3113021850585938e-5,0.0
20260213_151714,GREEDY_CENTRALIZED,4902,1,49020001,100.0,100.0,2,4,0,1,1,0.0,4.0531158447265625e-6,0.0
20260213_151714,GREEDY_CENTRALIZED,4902,1,49020001,100.0,100.0,3,8,0,2,2,0.0,1.4066696166992188e-5,0.0
20260213_151714,GREEDY_CENTRALIZED,4902,1,49020001,100.0,100.0,4,12,0,3,3,0.0,2.5987625122070312e-5,0.0
20260213_151714,GREEDY_CENTRALIZED,4902,1,49020001,100.0,100.0,5,16,0,1,1,0.0,3.0994415283203125e-6,0.0
20260213_151714,GREEDY_CENTRALIZED,4902,1,49020001,100.0,100.0,6,20,0,7,4,12.0,0.0003330707550048828,1000.0
20260213_151714,GREEDY_CENTRALIZED,4902,1,49020001,100.0,100.0,7,24,1,10,4,24.0,0.003428936004638672,1000.0
20260213_151714,GREEDY_CENTRALIZED,4902,1,49020001,100.0,100.0,8,28,1,7,4,12.0,0.00036406517028808594,1000.0
20260213_151714,GREEDY_CENTRALIZED,4902,1,49020001,100.0,100.0,9,32,3,5,4,4.0,9.083747863769531e-5,333.3333333333333
20260213_151714,GREEDY_CENTRALIZED,4902,1,49020001,100.0,100.0,10,36,4,6,4,8.0,0.0001888275146484375,573.3333333333334
20260213_151714,GREEDY_CENTRALIZED,4902,1,49020001,100.0,100.0,11,40,4,8,4,16.0,0.0007441043853759766,720.0
20260213_151714,GREEDY_CENTRALIZED,4902,1,49020001,100.0,100.0,12,44,4,7,4,12.0,0.0003859996795654297,720.0
20260213_151714,GREEDY_CENTRALIZED,4902,1,49020001,100.0,100.0,13,48,4,9,4,20.0,0.0014328956604003906,800.0
20260213_151714,GREEDY_CENTRALIZED,4902,1,49020001,100.0,100.0,14,52,4,12,4,32.0,0.01481485366821289,680.0
20260213_151714,GREEDY_CENTRALIZED,4902,1,49020001,100.0,100.0,15,56,4,10,4,52.0,0.003033876419067383,980.0
20260213_151714,GREEDY_CENTRALIZED,4902,1,49020001,100.0,100.0,16,60,6,9,4,40.0,0.0016140937805175781,1480.0
20260213_151714,GREEDY_CENTRALIZED,8084,1,80840001,100.0,100.0,1,0,0,1,1,0.0,1.6927719116210938e-5,0.0
20260213_151714,GREEDY_CENTRALIZED,8084,1,80840001,100.0,100.0,2,4,0,1,1,0.0,4.0531158447265625e-6,0.0
20260213_151714,GREEDY_CENTRALIZED,8084,1,80840001,100.0,100.0,3,8,0,2,2,0.0,1.4066696166992188e-5,0.0
20260213_151714,GREEDY_CENTRALIZED,8084,1,80840001,100.0,100.0,4,12,0,3,3,0.0,1.71661376953125e-5,0.0
20260213_151714,GREEDY_CENTRALIZED,8084,1,80840001,100.0,100.0,5,16,0,1,1,0.0,5.9604644775390625e-6,0.0
20260213_151714,GREEDY_CENTRALIZED,8084,1,80840001,100.0,100.0,6,20,0,7,4,12.0,0.00034999847412109375,1000.0
20260213_151714,GREEDY_CENTRALIZED,8084,1,80840001,100.0,100.0,7,24,1,10,4,24.0,0.006669044494628906,1000.0
20260213_151714,GREEDY_CENTRALIZED,8084,1,80840001,100.0,100.0,8,28,1,7,4,12.0,0.000392913818359375,1000.0
20260213_151714,GREEDY_CENTRALIZED,8084,1,80840001,100.0,100.0,9,32,3,5,4,4.0,9.202957153320312e-5,333.3333333333333
20260213_151714,GREEDY_CENTRALIZED,8084,1,80840001,100.0,100.0,10,36,4,6,4,8.0,0.00018906593322753906,573.3333333333334
20260213_151714,GREEDY_CENTRALIZED,8084,1,80840001,100.0,100.0,11,40,4,8,4,16.0,0.0007970333099365234,720.0
20260213_151714,GREEDY_CENTRALIZED,8084,1,80840001,100.0,100.0,12,44,4,7,4,12.0,0.0004000663757324219,720.0
20260213_151714,GREEDY_CENTRALIZED,8084,1,80840001,100.0,100.0,13,48,4,9,4,20.0,0.0015180110931396484,800.0
20260213_151714,GREEDY_CENTRALIZED,8084,1,80840001,100.0,100.0,14,52,4,12,4,32.0,0.015368938446044922,680.0
20260213_151714,GREEDY_CENTRALIZED,8084,1,80840001,100.0,100.0,15,56,4,10,4,52.0,0.0031211376190185547,980.0
20260213_151714,GREEDY_CENTRALIZED,8084,1,80840001,100.0,100.0,16,60,6,9,4,40.0,0.0015401840209960938,1480.0
20260213_151714,GREEDY_CENTRALIZED,6811,1,68110001,100.0,100.0,1,0,0,1,1,0.0,1.4066696166992188e-5,0.0
20260213_151714,GREEDY_CENTRALIZED,6811,1,68110001,100.0,100.0,2,4,0,1,1,0.0,4.0531158447265625e-6,0.0
20260213_151714,GREEDY_CENTRALIZED,6811,1,68110001,100.0,100.0,3,8,0,2,2,0.0,1.2874603271484375e-5,0.0
20260213_151714,GREEDY_CENTRALIZED,6811,1,68110001,100.0,100.0,4,12,0,3,3,0.0,2.5033950805664062e-5,0.0
20260213_151714,GREEDY_CENTRALIZED,6811,1,68110001,100.0,100.0,5,16,0,1,1,0.0,3.814697265625e-6,0.0
20260213_151714,GREEDY_CENTRALIZED,6811,1,68110001,100.0,100.0,6,20,0,7,4,12.0,0.0003330707550048828,1000.0
20260213_151714,GREEDY_CENTRALIZED,6811,1,68110001,100.0,100.0,7,24,1,10,4,24.0,0.0033311843872070312,1000.0
20260213_151714,GREEDY_CENTRALIZED,6811,1,68110001,100.0,100.0,8,28,1,7,4,12.0,0.00037097930908203125,1000.0
20260213_151714,GREEDY_CENTRALIZED,6811,1,68110001,100.0,100.0,9,32,3,5,4,4.0,8.893013000488281e-5,333.3333333333333
20260213_151714,GREEDY_CENTRALIZED,6811,1,68110001,100.0,100.0,10,36,4,6,4,8.0,0.00019288063049316406,573.3333333333334
20260213_151714,GREEDY_CENTRALIZED,6811,1,68110001,100.0,100.0,11,40,4,8,4,16.0,0.0007719993591308594,720.0
20260213_151714,GREEDY_CENTRALIZED,6811,1,68110001,100.0,100.0,12,44,4,7,4,12.0,0.00039005279541015625,720.0
20260213_151714,GREEDY_CENTRALIZED,6811,1,68110001,100.0,100.0,13,48,4,9,4,20.0,0.0014750957489013672,800.0
20260213_151714,GREEDY_CENTRALIZED,6811,1,68110001,100.0,100.0,14,52,4,12,4,32.0,0.015424966812133789,680.0
20260213_151714,GREEDY_CENTRALIZED,6811,1,68110001,100.0,100.0,15,56,4,10,4,52.0,0.0030510425567626953,980.0
20260213_151714,GREEDY_CENTRALIZED,6811,1,68110001,100.0,100.0,16,60,6,9,4,40.0,0.0015759468078613281,1480.0
20260213_151714,GREEDY_CENTRALIZED,2732,1,27320001,100.0,100.0,1,0,0,1,1,0.0,1.3828277587890625e-5,0.0
20260213_151714,GREEDY_CENTRALIZED,2732,1,27320001,100.0,100.0,2,4,0,1,1,0.0,5.0067901611328125e-6,0.0
20260213_151714,GREEDY_CENTRALIZED,2732,1,27320001,100.0,100.0,3,8,0,2,2,0.0,1.5020370483398438e-5,0.0
20260213_151714,GREEDY_CENTRALIZED,2732,1,27320001,100.0,100.0,4,12,0,3,3,0.0,1.5974044799804688e-5,0.0
20260213_151714,GREEDY_CENTRALIZED,2732,1,27320001,100.0,100.0,5,16,0,1,1,0.0,8.821487426757812e-6,0.0
20260213_151714,GREEDY_CENTRALIZED,2732,1,27320001,100.0,100.0,6,20,0,7,4,12.0,0.0003409385681152344,1000.0
20260213_151714,GREEDY_CENTRALIZED,2732,1,27320001,100.0,100.0,7,24,1,10,4,24.0,0.006398916244506836,1000.0
20260213_151714,GREEDY_CENTRALIZED,2732,1,27320001,100.0,100.0,8,28,1,7,4,12.0,0.0003719329833984375,1000.0
20260213_151714,GREEDY_CENTRALIZED,2732,1,27320001,100.0,100.0,9,32,3,5,4,4.0,0.00011301040649414062,333.3333333333333
20260213_151714,GREEDY_CENTRALIZED,2732,1,27320001,100.0,100.0,10,36,4,6,4,8.0,0.00018405914306640625,573.3333333333334
20260213_151714,GREEDY_CENTRALIZED,2732,1,27320001,100.0,100.0,11,40,4,8,4,16.0,0.0007669925689697266,720.0
20260213_151714,GREEDY_CENTRALIZED,2732,1,27320001,100.0,100.0,12,44,4,7,4,12.0,0.0003840923309326172,720.0
20260213_151714,GREEDY_CENTRALIZED,2732,1,27320001,100.0,100.0,13,48,4,9,4,20.0,0.001483917236328125,800.0
20260213_151714,GREEDY_CENTRALIZED,2732,1,27320001,100.0,100.0,14,52,4,12,4,32.0,0.015565872192382812,680.0
20260213_151714,GREEDY_CENTRALIZED,2732,1,27320001,100.0,100.0,15,56,4,10,4,52.0,0.0031058788299560547,980.0
20260213_151714,GREEDY_CENTRALIZED,2732,1,27320001,100.0,100.0,16,60,6,9,4,40.0,0.0015251636505126953,1480.0
20260213_151714,GREEDY_CENTRALIZED,3069,1,30690001,100.0,100.0,1,0,0,1,1,0.0,1.2874603271484375e-5,0.0
20260213_151714,GREEDY_CENTRALIZED,3069,1,30690001,100.0,100.0,2,4,0,1,1,0.0,4.0531158447265625e-6,0.0
20260213_151714,GREEDY_CENTRALIZED,3069,1,30690001,100.0,100.0,3,8,0,2,2,0.0,1.3828277587890625e-5,0.0
20260213_151714,GREEDY_CENTRALIZED,3069,1,30690001,100.0,100.0,4,12,0,3,3,0.0,2.4080276489257812e-5,0.0
20260213_151714,GREEDY_CENTRALIZED,3069,1,30690001,100.0,100.0,5,16,0,1,1,0.0,5.0067901611328125e-6,0.0
20260213_151714,GREEDY_CENTRALIZED,3069,1,30690001,100.0,100.0,6,20,0,7,4,12.0,0.00034499168395996094,1000.0
20260213_151714,GREEDY_CENTRALIZED,3069,1,30690001,100.0,100.0,7,24,1,10,4,24.0,0.003362894058227539,1000.0
20260213_151714,GREEDY_CENTRALIZED,3069,1,30690001,100.0,100.0,8,28,1,7,4,12.0,0.000370025634765625,1000.0
20260213_151714,GREEDY_CENTRALIZED,3069,1,30690001,100.0,100.0,9,32,3,5,4,4.0,9.107589721679688e-5,333.3333333333333
20260213_151714,GREEDY_CENTRALIZED,3069,1,30690001,100.0,100.0,10,36,4,6,4,8.0,0.0001900196075439453,573.3333333333334
20260213_151714,GREEDY_CENTRALIZED,3069,1,30690001,100.0,100.0,11,40,4,8,4,16.0,0.0007491111755371094,720.0
20260213_151714,GREEDY_CENTRALIZED,3069,1,30690001,100.0,100.0,12,44,4,7,4,12.0,0.0003859996795654297,720.0
20260213_151714,GREEDY_CENTRALIZED,3069,1,30690001,100.0,100.0,13,48,4,9,4,20.0,0.0014438629150390625,800.0
20260213_151714,GREEDY_CENTRALIZED,3069,1,30690001,100.0,100.0,14,52,4,12,4,32.0,0.015067100524902344,680.0
20260213_151714,GREEDY_CENTRALIZED,3069,1,30690001,100.0,100.0,15,56,4,10,4,52.0,0.0030791759490966797,980.0
20260213_151714,GREEDY_CENTRALIZED,3069,1,30690001,100.0,100.0,16,60,6,9,4,40.0,0.0015828609466552734,1480.0
20260213_151714,GREEDY_CENTRALIZED,4457,1,44570001,100.0,100.0,1,0,0,1,1,0.0,1.5020370483398438e-5,0.0
20260213_151714,GREEDY_CENTRALIZED,4457,1,44570001,100.0,100.0,2,4,0,1,1,0.0,4.0531158447265625e-6,0.0
20260213_151714,GREEDY_CENTRALIZED,4457,1,44570001,100.0,100.0,3,8,0,2,2,0.0,1.5020370483398438e-5,0.0
20260213_151714,GREEDY_CENTRALIZED,4457,1,44570001,100.0,100.0,4,12,0,3,3,0.0,1.6927719116210938e-5,0.0
20260213_151714,GREEDY_CENTRALIZED,4457,1,44570001,100.0,100.0,5,16,0,1,1,0.0,4.0531158447265625e-6,0.0
20260213_151714,GREEDY_CENTRALIZED,4457,1,44570001,100.0,100.0,6,20,0,7,4,12.0,0.00035500526428222656,1000.0
20260213_151714,GREEDY_CENTRALIZED,4457,1,44570001,100.0,100.0,7,24,1,10,4,24.0,0.0033860206604003906,1000.0
20260213_151714,GREEDY_CENTRALIZED,4457,1,44570001,100.0,100.0,8,28,1,7,4,12.0,0.0003910064697265625,1000.0
20260213_151714,GREEDY_CENTRALIZED,4457,1,44570001,100.0,100.0,9,32,3,5,4,4.0,0.00011587142944335938,333.3333333333333
20260213_151714,GREEDY_CENTRALIZED,4457,1,44570001,100.0,100.0,10,36,4,6,4,8.0,0.00368499755859375,573.3333333333334
20260213_151714,GREEDY_CENTRALIZED,4457,1,44570001,100.0,100.0,11,40,4,8,4,16.0,0.0007538795471191406,720.0
20260213_151714,GREEDY_CENTRALIZED,4457,1,44570001,100.0,100.0,12,44,4,7,4,12.0,0.0003898143768310547,720.0
20260213_151714,GREEDY_CENTRALIZED,4457,1,44570001,100.0,100.0,13,48,4,9,4,20.0,0.0014488697052001953,800.0
20260213_151714,GREEDY_CENTRALIZED,4457,1,44570001,100.0,100.0,14,52,4,12,4,32.0,0.014842987060546875,680.0
20260213_151714,GREEDY_CENTRALIZED,4457,1,44570001,100.0,100.0,15,56,4,10,4,52.0,0.003041982650756836,980.0
20260213_151714,GREEDY_CENTRALIZED,4457,1,44570001,100.0,100.0,16,60,6,9,4,40.0,0.001569986343383789,1480.0
20260213_151714,GREEDY_CENTRALIZED,5680,1,56800001,100.0,100.0,1,0,0,1,1,0.0,1.3828277587890625e-5,0.0
20260213_151714,GREEDY_CENTRALIZED,5680,1,56800001,100.0,100.0,2,4,0,1,1,0.0,3.814697265625e-6,0.0
20260213_151714,GREEDY_CENTRALIZED,5680,1,56800001,100.0,100.0,3,8,0,2,2,0.0,2.288818359375e-5,0.0
20260213_151714,GREEDY_CENTRALIZED,5680,1,56800001,100.0,100.0,4,12,0,3,3,0.0,1.6927719116210938e-5,0.0
20260213_151714,GREEDY_CENTRALIZED,5680,1,56800001,100.0,100.0,5,16,0,1,1,0.0,4.0531158447265625e-6,0.0
20260213_151714,GREEDY_CENTRALIZED,5680,1,56800001,100.0,100.0,6,20,0,7,4,12.0,0.0003559589385986328,1000.0
20260213_151714,GREEDY_CENTRALIZED,5680,1,56800001,100.0,100.0,7,24,1,10,4,24.0,0.0033528804779052734,1000.0
20260213_151714,GREEDY_CENTRALIZED,5680,1,56800001,100.0,100.0,8,28,1,7,4,12.0,0.00036907196044921875,1000.0
20260213_151714,GREEDY_CENTRALIZED,5680,1,56800001,100.0,100.0,9,32,3,5,4,4.0,9.083747863769531e-5,333.3333333333333
20260213_151714,GREEDY_CENTRALIZED,5680,1,56800001,100.0,100.0,10,36,4,6,4,8.0,0.00021004676818847656,573.3333333333334
20260213_151714,GREEDY_CENTRALIZED,5680,1,56800001,100.0,100.0,11,40,4,8,4,16.0,0.0007750988006591797,720.0
20260213_151714,GREEDY_CENTRALIZED,5680,1,56800001,100.0,100.0,12,44,4,7,4,12.0,0.000392913818359375,720.0
20260213_151714,GREEDY_CENTRALIZED,5680,1,56800001,100.0,100.0,13,48,4,9,4,20.0,0.0014491081237792969,800.0
20260213_151714,GREEDY_CENTRALIZED,5680,1,56800001,100.0,100.0,14,52,4,12,4,32.0,0.015398979187011719,680.0
20260213_151714,GREEDY_CENTRALIZED,5680,1,56800001,100.0,100.0,15,56,4,10,4,52.0,0.0030660629272460938,980.0
20260213_151714,GREEDY_CENTRALIZED,5680,1,56800001,100.0,100.0,16,60,6,9,4,40.0,0.00152587890625,1480.0
20260213_151714,GREEDY_CENTRALIZED,6485,1,64850001,100.0,100.0,1,0,0,1,1,0.0,1.4066696166992188e-5,0.0
20260213_151714,GREEDY_CENTRALIZED,6485,1,64850001,100.0,100.0,2,4,0,1,1,0.0,4.0531158447265625e-6,0.0
20260213_151714,GREEDY_CENTRALIZED,6485,1,64850001,100.0,100.0,3,8,0,2,2,0.0,1.3828277587890625e-5,0.0
20260213_151714,GREEDY_CENTRALIZED,6485,1,64850001,100.0,100.0,4,12,0,3,3,0.0,2.4080276489257812e-5,0.0
20260213_151714,GREEDY_CENTRALIZED,6485,1,64850001,100.0,100.0,5,16,0,1,1,0.0,5.0067901611328125e-6,0.0
20260213_151714,GREEDY_CENTRALIZED,6485,1,64850001,100.0,100.0,6,20,0,7,4,12.0,0.0003409385681152344,1000.0
20260213_151714,GREEDY_CENTRALIZED,6485,1,64850001,100.0,100.0,7,24,1,10,4,24.0,0.003407001495361328,1000.0
20260213_151714,GREEDY_CENTRALIZED,6485,1,64850001,100.0,100.0,8,28,1,7,4,12.0,0.0003840923309326172,1000.0
20260213_151714,GREEDY_CENTRALIZED,6485,1,64850001,100.0,100.0,9,32,3,5,4,4.0,0.00011801719665527344,333.3333333333333
20260213_151714,GREEDY_CENTRALIZED,6485,1,64850001,100.0,100.0,10,36,4,6,4,8.0,0.00019812583923339844,573.3333333333334
20260213_151714,GREEDY_CENTRALIZED,6485,1,64850001,100.0,100.0,11,40,4,8,4,16.0,0.0008189678192138672,720.0
20260213_151714,GREEDY_CENTRALIZED,6485,1,64850001,100.0,100.0,12,44,4,7,4,12.0,0.00038909912109375,720.0
20260213_151714,GREEDY_CENTRALIZED,6485,1,64850001,100.0,100.0,13,48,4,9,4,20.0,0.0050029754638671875,800.0
20260213_151714,GREEDY_CENTRALIZED,6485,1,64850001,100.0,100.0,14,52,4,12,4,32.0,0.012089014053344727,680.0
20260213_151714,GREEDY_CENTRALIZED,6485,1,64850001,100.0,100.0,15,56,4,10,4,52.0,0.0062830448150634766,980.0
20260213_151714,GREEDY_CENTRALIZED,6485,1,64850001,100.0,100.0,16,60,6,9,4,40.0,0.0015869140625,1480.0
20260213_151714,GREEDY_CENTRALIZED,3287,1,32870001,100.0,100.0,1,0,0,1,1,0.0,1.4066696166992188e-5,0.0
20260213_151714,GREEDY_CENTRALIZED,3287,1,32870001,100.0,100.0,2,4,0,1,1,0.0,4.0531158447265625e-6,0.0
20260213_151714,GREEDY_CENTRALIZED,3287,1,32870001,100.0,100.0,3,8,0,2,2,0.0,2.2172927856445312e-5,0.0
20260213_151714,GREEDY_CENTRALIZED,3287,1,32870001,100.0,100.0,4,12,0,3,3,0.0,1.6927719116210938e-5,0.0
20260213_151714,GREEDY_CENTRALIZED,3287,1,32870001,100.0,100.0,5,16,0,1,1,0.0,5.0067901611328125e-6,0.0
20260213_151714,GREEDY_CENTRALIZED,3287,1,32870001,100.0,100.0,6,20,0,7,4,12.0,0.0003609657287597656,1000.0
20260213_151714,GREEDY_CENTRALIZED,3287,1,32870001,100.0,100.0,7,24,1,10,4,24.0,0.003409862518310547,1000.0
20260213_151714,GREEDY_CENTRALIZED,3287,1,32870001,100.0,100.0,8,28,1,7,4,12.0,0.0004210472106933594,1000.0
20260213_151714,GREEDY_CENTRALIZED,3287,1,32870001,100.0,100.0,9,32,3,5,4,4.0,9.608268737792969e-5,333.3333333333333
20260213_151714,GREEDY_CENTRALIZED,3287,1,32870001,100.0,100.0,10,36,4,6,4,8.0,0.000186920166015625,573.3333333333334
20260213_151714,GREEDY_CENTRALIZED,3287,1,32870001,100.0,100.0,11,40,4,8,4,16.0,0.0007648468017578125,720.0
20260213_151714,GREEDY_CENTRALIZED,3287,1,32870001,100.0,100.0,12,44,4,7,4,12.0,0.0003859996795654297,720.0
20260213_151714,GREEDY_CENTRALIZED,3287,1,32870001,100.0,100.0,13,48,4,9,4,20.0,0.0015020370483398438,800.0
20260213_151714,GREEDY_CENTRALIZED,3287,1,32870001,100.0,100.0,14,52,4,12,4,32.0,0.015577077865600586,680.0
20260213_151714,GREEDY_CENTRALIZED,3287,1,32870001,100.0,100.0,15,56,4,10,4,52.0,0.003075838088989258,980.0
20260213_151714,GREEDY_CENTRALIZED,3287,1,32870001,100.0,100.0,16,60,6,9,4,40.0,0.0015490055084228516,1480.0
20260213_151714,GREEDY_CENTRALIZED,8179,1,81790001,100.0,100.0,1,0,0,1,1,0.0,1.4066696166992188e-5,0.0
20260213_151714,GREEDY_CENTRALIZED,8179,1,81790001,100.0,100.0,2,4,0,1,1,0.0,4.0531158447265625e-6,0.0
20260213_151714,GREEDY_CENTRALIZED,8179,1,81790001,100.0,100.0,3,8,0,2,2,0.0,1.4066696166992188e-5,0.0
20260213_151714,GREEDY_CENTRALIZED,8179,1,81790001,100.0,100.0,4,12,0,3,3,0.0,1.5974044799804688e-5,0.0
20260213_151714,GREEDY_CENTRALIZED,8179,1,81790001,100.0,100.0,5,16,0,1,1,0.0,5.0067901611328125e-6,0.0
20260213_151714,GREEDY_CENTRALIZED,8179,1,81790001,100.0,100.0,6,20,0,7,4,12.0,0.0003571510314941406,1000.0
20260213_151714,GREEDY_CENTRALIZED,8179,1,81790001,100.0,100.0,7,24,1,10,4,24.0,0.003345012664794922,1000.0
20260213_151714,GREEDY_CENTRALIZED,8179,1,81790001,100.0,100.0,8,28,1,7,4,12.0,0.000370025634765625,1000.0
20260213_151714,GREEDY_CENTRALIZED,8179,1,81790001,100.0,100.0,9,32,3,5,4,4.0,9.107589721679688e-5,333.3333333333333
20260213_151714,GREEDY_CENTRALIZED,8179,1,81790001,100.0,100.0,10,36,4,6,4,8.0,0.0001881122589111328,573.3333333333334
20260213_151714,GREEDY_CENTRALIZED,8179,1,81790001,100.0,100.0,11,40,4,8,4,16.0,0.0007848739624023438,720.0
20260213_151714,GREEDY_CENTRALIZED,8179,1,81790001,100.0,100.0,12,44,4,7,4,12.0,0.0003859996795654297,720.0
20260213_151714,GREEDY_CENTRALIZED,8179,1,81790001,100.0,100.0,13,48,4,9,4,20.0,0.0015130043029785156,800.0
20260213_151714,GREEDY_CENTRALIZED,8179,1,81790001,100.0,100.0,14,52,4,12,4,32.0,0.015620946884155273,680.0
20260213_151714,GREEDY_CENTRALIZED,8179,1,81790001,100.0,100.0,15,56,4,10,4,52.0,0.0030870437622070312,980.0
20260213_151714,GREEDY_CENTRALIZED,8179,1,81790001,100.0,100.0,16,60,6,9,4,40.0,0.001524209976196289,1480.0
20260213_151714,GREEDY_CENTRALIZED,9249,1,92490001,100.0,100.0,1,0,0,1,1,0.0,1.4066696166992188e-5,0.0
20260213_151714,GREEDY_CENTRALIZED,9249,1,92490001,100.0,100.0,2,4,0,1,1,0.0,4.0531158447265625e-6,0.0
20260213_151714,GREEDY_CENTRALIZED,9249,1,92490001,100.0,100.0,3,8,0,2,2,0.0,1.3828277587890625e-5,0.0
20260213_151714,GREEDY_CENTRALIZED,9249,1,92490001,100.0,100.0,4,12,0,3,3,0.0,1.6927719116210938e-5,0.0
20260213_151714,GREEDY_CENTRALIZED,9249,1,92490001,100.0,100.0,5,16,0,1,1,0.0,4.0531158447265625e-6,0.0
20260213_151714,GREEDY_CENTRALIZED,9249,1,92490001,100.0,100.0,6,20,0,7,4,12.0,0.0003459453582763672,1000.0
20260213_151714,GREEDY_CENTRALIZED,9249,1,92490001,100.0,100.0,7,24,1,10,4,24.0,0.0033740997314453125,1000.0
20260213_151714,GREEDY_CENTRALIZED,9249,1,92490001,100.0,100.0,8,28,1,7,4,12.0,0.003773212432861328,1000.0
20260213_151714,GREEDY_CENTRALIZED,9249,1,92490001,100.0,100.0,9,32,3,5,4,4.0,9.179115295410156e-5,333.3333333333333
20260213_151714,GREEDY_CENTRALIZED,9249,1,92490001,100.0,100.0,10,36,4,6,4,8.0,0.00019097328186035156,573.3333333333334
20260213_151714,GREEDY_CENTRALIZED,9249,1,92490001,100.0,100.0,11,40,4,8,4,16.0,0.0007860660552978516,720.0
20260213_151714,GREEDY_CENTRALIZED,9249,1,92490001,100.0,100.0,12,44,4,7,4,12.0,0.0003800392150878906,720.0
20260213_151714,GREEDY_CENTRALIZED,9249,1,92490001,100.0,100.0,13,48,4,9,4,20.0,0.0014798641204833984,800.0
20260213_151714,GREEDY_CENTRALIZED,9249,1,92490001,100.0,100.0,14,52,4,12,4,32.0,0.011821985244750977,680.0
20260213_151714,GREEDY_CENTRALIZED,9249,1,92490001,100.0,100.0,15,56,4,10,4,52.0,0.006317853927612305,980.0
20260213_151714,GREEDY_CENTRALIZED,9249,1,92490001,100.0,100.0,16,60,6,9,4,40.0,0.0015349388122558594,1480.0
20260213_151714,GREEDY_CENTRALIZED,8304,1,83040001,100.0,100.0,1,0,0,1,1,0.0,1.3113021850585938e-5,0.0
20260213_151714,GREEDY_CENTRALIZED,8304,1,83040001,100.0,100.0,2,4,0,1,1,0.0,4.0531158447265625e-6,0.0
20260213_151714,GREEDY_CENTRALIZED,8304,1,83040001,100.0,100.0,3,8,0,2,2,0.0,2.193450927734375e-5,0.0
20260213_151714,GREEDY_CENTRALIZED,8304,1,83040001,100.0,100.0,4,12,0,3,3,0.0,1.6927719116210938e-5,0.0
20260213_151714,GREEDY_CENTRALIZED,8304,1,83040001,100.0,100.0,5,16,0,1,1,0.0,4.0531158447265625e-6,0.0
20260213_151714,GREEDY_CENTRALIZED,8304,1,83040001,100.0,100.0,6,20,0,7,4,12.0,0.00033593177795410156,1000.0
20260213_151714,GREEDY_CENTRALIZED,8304,1,83040001,100.0,100.0,7,24,1,10,4,24.0,0.0033888816833496094,1000.0
20260213_151714,GREEDY_CENTRALIZED,8304,1,83040001,100.0,100.0,8,28,1,7,4,12.0,0.0003619194030761719,1000.0
20260213_151714,GREEDY_CENTRALIZED,8304,1,83040001,100.0,100.0,9,32,3,5,4,4.0,9.202957153320312e-5,333.3333333333333
20260213_151714,GREEDY_CENTRALIZED,8304,1,83040001,100.0,100.0,10,36,4,6,4,8.0,0.00018215179443359375,573.3333333333334
20260213_151714,GREEDY_CENTRALIZED,8304,1,83040001,100.0,100.0,11,40,4,8,4,16.0,0.0007500648498535156,720.0
20260213_151714,GREEDY_CENTRALIZED,8304,1,83040001,100.0,100.0,12,44,4,7,4,12.0,0.0003910064697265625,720.0
20260213_151714,GREEDY_CENTRALIZED,8304,1,83040001,100.0,100.0,13,48,4,9,4,20.0,0.0015299320220947266,800.0
20260213_151714,GREEDY_CENTRALIZED,8304,1,83040001,100.0,100.0,14,52,4,12,4,32.0,0.015053987503051758,680.0
20260213_151714,GREEDY_CENTRALIZED,8304,1,83040001,100.0,100.0,15,56,4,10,4,52.0,0.002988100051879883,980.0
20260213_151714,GREEDY_CENTRALIZED,8304,1,83040001,100.0,100.0,16,60,6,9,4,40.0,0.0015180110931396484,1480.0
20260213_151714,GREEDY_CENTRALIZED,378,1,3780001,100.0,100.0,1,0,0,1,1,0.0,1.4066696166992188e-5,0.0
20260213_151714,GREEDY_CENTRALIZED,378,1,3780001,100.0,100.0,2,4,0,1,1,0.0,3.0994415283203125e-6,0.0
20260213_151714,GREEDY_CENTRALIZED,378,1,3780001,100.0,100.0,3,8,0,2,2,0.0,1.2874603271484375e-5,0.0
20260213_151714,GREEDY_CENTRALIZED,378,1,3780001,100.0,100.0,4,12,0,3,3,0.0,1.5974044799804688e-5,0.0
20260213_151714,GREEDY_CENTRALIZED,378,1,3780001,100.0,100.0,5,16,0,1,1,0.0,4.0531158447265625e-6,0.0
20260213_151714,GREEDY_CENTRALIZED,378,1,3780001,100.0,100.0,6,20,0,7,4,12.0,0.00034499168395996094,1000.0
20260213_151714,GREEDY_CENTRALIZED,378,1,3780001,100.0,100.0,7,24,1,10,4,24.0,0.003381013870239258,1000.0
20260213_151714,GREEDY_CENTRALIZED,378,1,3780001,100.0,100.0,8,28,1,7,4,12.0,0.00037097930908203125,1000.0
20260213_151714,GREEDY_CENTRALIZED,378,1,3780001,100.0,100.0,9,32,3,5,4,4.0,9.298324584960938e-5,333.3333333333333
20260213_151714,GREEDY_CENTRALIZED,378,1,3780001,100.0,100.0,10,36,4,6,4,8.0,0.00019216537475585938,573.3333333333334
20260213_151714,GREEDY_CENTRALIZED,378,1,3780001,100.0,100.0,11,40,4,8,4,16.0,0.0007891654968261719,720.0
20260213_151714,GREEDY_CENTRALIZED,378,1,3780001,100.0,100.0,12,44,4,7,4,12.0,0.0004220008850097656,720.0
20260213_151714,GREEDY_CENTRALIZED,378,1,3780001,100.0,100.0,13,48,4,9,4,20.0,0.0051538944244384766,800.0
20260213_151714,GREEDY_CENTRALIZED,378,1,3780001,100.0,100.0,14,52,4,12,4,32.0,0.011859893798828125,680.0
20260213_151714,GREEDY_CENTRALIZED,378,1,3780001,100.0,100.0,15,56,4,10,4,52.0,0.0030100345611572266,980.0
20260213_151714,GREEDY_CENTRALIZED,378,1,3780001,100.0,100.0,16,60,6,9,4,40.0,0.0015511512756347656,1480.0
20260213_151714,GREEDY_CENTRALIZED,5168,1,51680001,100.0,100.0,1,0,0,1,1,0.0,1.4066696166992188e-5,0.0
20260213_151714,GREEDY_CENTRALIZED,5168,1,51680001,100.0,100.0,2,4,0,1,1,0.0,1.0967254638671875e-5,0.0
20260213_151714,GREEDY_CENTRALIZED,5168,1,51680001,100.0,100.0,3,8,0,2,2,0.0,1.4066696166992188e-5,0.0
20260213_151714,GREEDY_CENTRALIZED,5168,1,51680001,100.0,100.0,4,12,0,3,3,0.0,2.09808349609375e-5,0.0
20260213_151714,GREEDY_CENTRALIZED,5168,1,51680001,100.0,100.0,5,16,0,1,1,0.0,3.0994415283203125e-6,0.0
20260213_151714,GREEDY_CENTRALIZED,5168,1,51680001,100.0,100.0,6,20,0,7,4,12.0,0.0003409385681152344,1000.0
20260213_151714,GREEDY_CENTRALIZED,5168,1,51680001,100.0,100.0,7,24,1,10,4,24.0,0.003422975540161133,1000.0
20260213_151714,GREEDY_CENTRALIZED,5168,1,51680001,100.0,100.0,8,28,1,7,4,12.0,0.0003941059112548828,1000.0
20260213_151714,GREEDY_CENTRALIZED,5168,1,51680001,100.0,100.0,9,32,3,5,4,4.0,0.00010395050048828125,333.3333333333333
20260213_151714,GREEDY_CENTRALIZED,5168,1,51680001,100.0,100.0,10,36,4,6,4,8.0,0.000186920166015625,573.3333333333334
20260213_151714,GREEDY_CENTRALIZED,5168,1,51680001,100.0,100.0,11,40,4,8,4,16.0,0.0007681846618652344,720.0
20260213_151714,GREEDY_CENTRALIZED,5168,1,51680001,100.0,100.0,12,44,4,7,4,12.0,0.00038695335388183594,720.0
20260213_151714,GREEDY_CENTRALIZED,5168,1,51680001,100.0,100.0,13,48,4,9,4,20.0,0.0014810562133789062,800.0
20260213_151714,GREEDY_CENTRALIZED,5168,1,51680001,100.0,100.0,14,52,4,12,4,32.0,0.015512943267822266,680.0
20260213_151714,GREEDY_CENTRALIZED,5168,1,51680001,100.0,100.0,15,56,4,10,4,52.0,0.003134012222290039,980.0
20260213_151714,GREEDY_CENTRALIZED,5168,1,51680001,100.0,100.0,16,60,6,9,4,40.0,0.0016160011291503906,1480.0
20260213_151714,GREEDY_CENTRALIZED,3845,1,38450001,100.0,100.0,1,0,0,1,1,0.0,1.4066696166992188e-5,0.0
20260213_151714,GREEDY_CENTRALIZED,3845,1,38450001,100.0,100.0,2,4,0,1,1,0.0,4.0531158447265625e-6,0.0
20260213_151714,GREEDY_CENTRALIZED,3845,1,38450001,100.0,100.0,3,8,0,2,2,0.0,2.193450927734375e-5,0.0
20260213_151714,GREEDY_CENTRALIZED,3845,1,38450001,100.0,100.0,4,12,0,3,3,0.0,1.8835067749023438e-5,0.0
20260213_151714,GREEDY_CENTRALIZED,3845,1,38450001,100.0,100.0,5,16,0,1,1,0.0,3.814697265625e-6,0.0
20260213_151714,GREEDY_CENTRALIZED,3845,1,38450001,100.0,100.0,6,20,0,7,4,12.0,0.0003387928009033203,1000.0
20260213_151714,GREEDY_CENTRALIZED,3845,1,38450001,100.0,100.0,7,24,1,10,4,24.0,0.003486156463623047,1000.0
20260213_151714,GREEDY_CENTRALIZED,3845,1,38450001,100.0,100.0,8,28,1,7,4,12.0,0.0003790855407714844,1000.0
20260213_151714,GREEDY_CENTRALIZED,3845,1,38450001,100.0,100.0,9,32,3,5,4,4.0,9.417533874511719e-5,333.3333333333333
20260213_151714,GREEDY_CENTRALIZED,3845,1,38450001,100.0,100.0,10,36,4,6,4,8.0,0.0001900196075439453,573.3333333333334
20260213_151714,GREEDY_CENTRALIZED,3845,1,38450001,100.0,100.0,11,40,4,8,4,16.0,0.0007750988006591797,720.0
20260213_151714,GREEDY_CENTRALIZED,3845,1,38450001,100.0,100.0,12,44,4,7,4,12.0,0.00039696693420410156,720.0
20260213_151714,GREEDY_CENTRALIZED,3845,1,38450001,100.0,100.0,13,48,4,9,4,20.0,0.0015289783477783203,800.0
20260213_151714,GREEDY_CENTRALIZED,3845,1,38450001,100.0,100.0,14,52,4,12,4,32.0,0.015588998794555664,680.0
20260213_151714,GREEDY_CENTRALIZED,3845,1,38450001,100.0,100.0,15,56,4,10,4,52.0,0.0030951499938964844,980.0
20260213_151714,GREEDY_CENTRALIZED,3845,1,38450001,100.0,100.0,16,60,6,9,4,40.0,0.0015599727630615234,1480.0
20260213_151714,GREEDY_CENTRALIZED,794,1,7940001,100.0,100.0,1,0,0,1,1,0.0,2.09808349609375e-5,0.0
20260213_151714,GREEDY_CENTRALIZED,794,1,7940001,100.0,100.0,2,4,0,1,1,0.0,2.86102294921875e-6,0.0
20260213_151714,GREEDY_CENTRALIZED,794,1,7940001,100.0,100.0,3,8,0,2,2,0.0,1.3828277587890625e-5,0.0
20260213_151714,GREEDY_CENTRALIZED,794,1,7940001,100.0,100.0,4,12,0,3,3,0.0,1.5974044799804688e-5,0.0
20260213_151714,GREEDY_CENTRALIZED,794,1,7940001,100.0,100.0,5,16,0,1,1,0.0,4.0531158447265625e-6,0.0
20260213_151714,GREEDY_CENTRALIZED,794,1,7940001,100.0,100.0,6,20,0,7,4,12.0,0.00034499168395996094,1000.0
20260213_151714,GREEDY_CENTRALIZED,794,1,7940001,100.0,100.0,7,24,1,10,4,24.0,0.0035278797149658203,1000.0
20260213_151714,GREEDY_CENTRALIZED,794,1,7940001,100.0,100.0,8,28,1,7,4,12.0,0.00039196014404296875,1000.0
20260213_151714,GREEDY_CENTRALIZED,794,1,7940001,100.0,100.0,9,32,3,5,4,4.0,0.00010013580322265625,333.3333333333333
20260213_151714,GREEDY_CENTRALIZED,794,1,7940001,100.0,100.0,10,36,4,6,4,8.0,0.00018095970153808594,573.3333333333334
20260213_151714,GREEDY_CENTRALIZED,794,1,7940001,100.0,100.0,11,40,4,8,4,16.0,0.000762939453125,720.0
20260213_151714,GREEDY_CENTRALIZED,794,1,7940001,100.0,100.0,12,44,4,7,4,12.0,0.0004019737243652344,720.0
20260213_151714,GREEDY_CENTRALIZED,794,1,7940001,100.0,100.0,13,48,4,9,4,20.0,0.005292177200317383,800.0
20260213_151714,GREEDY_CENTRALIZED,794,1,7940001,100.0,100.0,14,52,4,12,4,32.0,0.011851072311401367,680.0
20260213_151714,GREEDY_CENTRALIZED,794,1,7940001,100.0,100.0,15,56,4,10,4,52.0,0.003097057342529297,980.0
20260213_151714,GREEDY_CENTRALIZED,794,1,7940001,100.0,100.0,16,60,6,9,4,40.0,0.004755973815917969,1480.0
20260213_151714,GREEDY_CENTRALIZED,5941,1,59410001,100.0,100.0,1,0,0,1,1,0.0,2.09808349609375e-5,0.0
20260213_151714,GREEDY_CENTRALIZED,5941,1,59410001,100.0,100.0,2,4,0,1,1,0.0,3.0994415283203125e-6,0.0
20260213_151714,GREEDY_CENTRALIZED,5941,1,59410001,100.0,100.0,3,8,0,2,2,0.0,1.71661376953125e-5,0.0
20260213_151714,GREEDY_CENTRALIZED,5941,1,59410001,100.0,100.0,4,12,0,3,3,0.0,1.5974044799804688e-5,0.0
20260213_151714,GREEDY_CENTRALIZED,5941,1,59410001,100.0,100.0,5,16,0,1,1,0.0,4.0531158447265625e-6,0.0
20260213_151714,GREEDY_CENTRALIZED,5941,1,59410001,100.0,100.0,6,20,0,7,4,12.0,0.0003311634063720703,1000.0
20260213_151714,GREEDY_CENTRALIZED,5941,1,59410001,100.0,100.0,7,24,1,10,4,24.0,0.00335693359375,1000.0
20260213_151714,GREEDY_CENTRALIZED,5941,1,59410001,100.0,100.0,8,28,1,7,4,12.0,0.00037097930908203125,1000.0
20260213_151714,GREEDY_CENTRALIZED,5941,1,59410001,100.0,100.0,9,32,3,5,4,4.0,9.202957153320312e-5,333.3333333333333
20260213_151714,GREEDY_CENTRALIZED,5941,1,59410001,100.0,100.0,10,36,4,6,4,8.0,0.00018596649169921875,573.3333333333334
20260213_151714,GREEDY_CENTRALIZED,5941,1,59410001,100.0,100.0,11,40,4,8,4,16.0,0.0007519721984863281,720.0
20260213_151714,GREEDY_CENTRALIZED,5941,1,59410001,100.0,100.0,12,44,4,7,4,12.0,0.0004069805145263672,720.0
20260213_151714,GREEDY_CENTRALIZED,5941,1,59410001,100.0,100.0,13,48,4,9,4,20.0,0.0014929771423339844,800.0
20260213_151714,GREEDY_CENTRALIZED,5941,1,59410001,100.0,100.0,14,52,4,12,4,32.0,0.01563096046447754,680.0
20260213_151714,GREEDY_CENTRALIZED,5941,1,59410001,100.0,100.0,15,56,4,10,4,52.0,0.003108978271484375,980.0
20260213_151714,GREEDY_CENTRALIZED,5941,1,59410001,100.0,100.0,16,60,6,9,4,40.0,0.001547098159790039,1480.0
20260213_151714,GREEDY_CENTRALIZED,1980,1,19800001,100.0,100.0,1,0,0,1,1,0.0,1.4066696166992188e-5,0.0
20260213_151714,GREEDY_CENTRALIZED,1980,1,19800001,100.0,100.0,2,4,0,1,1,0.0,4.0531158447265625e-6,0.0
20260213_151714,GREEDY_CENTRALIZED,1980,1,19800001,100.0,100.0,3,8,0,2,2,0.0,2.193450927734375e-5,0.0
20260213_151714,GREEDY_CENTRALIZED,1980,1,19800001,100.0,100.0,4,12,0,3,3,0.0,2.002716064453125e-5,0.0
20260213_151714,GREEDY_CENTRALIZED,1980,1,19800001,100.0,100.0,5,16,0,1,1,0.0,4.0531158447265625e-6,0.0
20260213_151714,GREEDY_CENTRALIZED,1980,1,19800001,100.0,100.0,6,20,0,7,4,12.0,0.0003390312194824219,1000.0
20260213_151714,GREEDY_CENTRALIZED,1980,1,19800001,100.0,100.0,7,24,1,10,4,24.0,0.0033800601959228516,1000.0
20260213_151714,GREEDY_CENTRALIZED,1980,1,19800001,100.0,100.0,8,28,1,7,4,12.0,0.0003681182861328125,1000.0
20260213_151714,GREEDY_CENTRALIZED,1980,1,19800001,100.0,100.0,9,32,3,5,4,4.0,8.988380432128906e-5,333.3333333333333
20260213_151714,GREEDY_CENTRALIZED,1980,1,19800001,100.0,100.0,10,36,4,6,4,8.0,0.00017905235290527344,573.3333333333334
20260213_151714,GREEDY_CENTRALIZED,1980,1,19800001,100.0,100.0,11,40,4,8,4,16.0,0.0007560253143310547,720.0
20260213_151714,GREEDY_CENTRALIZED,1980,1,19800001,100.0,100.0,12,44,4,7,4,12.0,0.0003809928894042969,720.0
20260213_151714,GREEDY_CENTRALIZED,1980,1,19800001,100.0,100.0,13,48,4,9,4,20.0,0.0014290809631347656,800.0
20260213_151714,GREEDY_CENTRALIZED,1980,1,19800001,100.0,100.0,14,52,4,12,4,32.0,0.0158388614654541,680.0
20260213_151714,GREEDY_CENTRALIZED,1980,1,19800001,100.0,100.0,15,56,4,10,4,52.0,0.0031151771545410156,980.0
20260213_151714,GREEDY_CENTRALIZED,1980,1,19800001,100.0,100.0,16,60,6,9,4,40.0,0.0015490055084228516,1480.0
20260213_151714,GREEDY_CENTRALIZED,8841,1,88410001,100.0,100.0,1,0,0,1,1,0.0,1.3113021850585938e-5,0.0
20260213_151714,GREEDY_CENTRALIZED,8841,1,88410001,100.0,100.0,2,4,0,1,1,0.0,4.0531158447265625e-6,0.0
20260213_151714,GREEDY_CENTRALIZED,8841,1,88410001,100.0,100.0,3,8,0,2,2,0.0,2.193450927734375e-5,0.0
20260213_151714,GREEDY_CENTRALIZED,8841,1,88410001,100.0,100.0,4,12,0,3,3,0.0,1.9073486328125e-5,0.0
20260213_151714,GREEDY_CENTRALIZED,8841,1,88410001,100.0,100.0,5,16,0,1,1,0.0,3.814697265625e-6,0.0
20260213_151714,GREEDY_CENTRALIZED,8841,1,88410001,100.0,100.0,6,20,0,7,4,12.0,0.0003421306610107422,1000.0
20260213_151714,GREEDY_CENTRALIZED,8841,1,88410001,100.0,100.0,7,24,1,10,4,24.0,0.0033860206604003906,1000.0
20260213_151714,GREEDY_CENTRALIZED,8841,1,88410001,100.0,100.0,8,28,1,7,4,12.0,0.0003619194030761719,1000.0
20260213_151714,GREEDY_CENTRALIZED,8841,1,88410001,100.0,100.0,9,32,3,5,4,4.0,0.00011587142944335938,333.3333333333333
20260213_151714,GREEDY_CENTRALIZED,8841,1,88410001,100.0,100.0,10,36,4,6,4,8.0,0.00018286705017089844,573.3333333333334
20260213_151714,GREEDY_CENTRALIZED,8841,1,88410001,100.0,100.0,11,40,4,8,4,16.0,0.0007579326629638672,720.0
20260213_151714,GREEDY_CENTRALIZED,8841,1,88410001,100.0,100.0,12,44,4,7,4,12.0,0.0004298686981201172,720.0
20260213_151714,GREEDY_CENTRALIZED,8841,1,88410001,100.0,100.0,13,48,4,9,4,20.0,0.001500844955444336,800.0
20260213_151714,GREEDY_CENTRALIZED,8841,1,88410001,100.0,100.0,14,52,4,12,4,32.0,0.015820026397705078,680.0
20260213_151714,GREEDY_CENTRALIZED,8841,1,88410001,100.0,100.0,15,56,4,10,4,52.0,0.0029687881469726562,980.0
20260213_151714,GREEDY_CENTRALIZED,8841,1,88410001,100.0,100.0,16,60,6,9,4,40.0,0.0015239715576171875,1480.0
20260213_151714,GREEDY_CENTRALIZED,2134,1,21340001,100.0,100.0,1,0,0,1,1,0.0,1.5020370483398438e-5,0.0
20260213_151714,GREEDY_CENTRALIZED,2134,1,21340001,100.0,100.0,2,4,0,1,1,0.0,3.814697265625e-6,0.0
20260213_151714,GREEDY_CENTRALIZED,2134,1,21340001,100.0,100.0,3,8,0,2,2,0.0,1.3828277587890625e-5,0.0
20260213_151714,GREEDY_CENTRALIZED,2134,1,21340001,100.0,100.0,4,12,0,3,3,0.0,1.5974044799804688e-5,0.0
20260213_151714,GREEDY_CENTRALIZED,2134,1,21340001,100.0,100.0,5,16,0,1,1,0.0,4.0531158447265625e-6,0.0
20260213_151714,GREEDY_CENTRALIZED,2134,1,21340001,100.0,100.0,6,20,0,7,4,12.0,0.0003600120544433594,1000.0
20260213_151714,GREEDY_CENTRALIZED,2134,1,21340001,100.0,100.0,7,24,1,10,4,24.0,0.0034279823303222656,1000.0
20260213_151714,GREEDY_CENTRALIZED,2134,1,21340001,100.0,100.0,8,28,1,7,4,12.0,0.0004119873046875,1000.0
20260213_151714,GREEDY_CENTRALIZED,2134,1,21340001,100.0,100.0,9,32,3,5,4,4.0,9.083747863769531e-5,333.3333333333333
20260213_151714,GREEDY_CENTRALIZED,2134,1,21340001,100.0,100.0,10,36,4,6,4,8.0,0.00019693374633789062,573.3333333333334
20260213_151714,GREEDY_CENTRALIZED,2134,1,21340001,100.0,100.0,11,40,4,8,4,16.0,0.0007710456848144531,720.0
20260213_151714,GREEDY_CENTRALIZED,2134,1,21340001,100.0,100.0,12,44,4,7,4,12.0,0.0003879070281982422,720.0
20260213_151714,GREEDY_CENTRALIZED,2134,1,21340001,100.0,100.0,13,48,4,9,4,20.0,0.0014650821685791016,800.0
20260213_151714,GREEDY_CENTRALIZED,2134,1,21340001,100.0,100.0,14,52,4,12,4,32.0,0.01588296890258789,680.0
20260213_151714,GREEDY_CENTRALIZED,2134,1,21340001,100.0,100.0,15,56,4,10,4,52.0,0.0030050277709960938,980.0
20260213_151714,GREEDY_CENTRALIZED,2134,1,21340001,100.0,100.0,16,60,6,9,4,40.0,0.001589059829711914,1480.0
20260213_151714,GREEDY_CENTRALIZED,7214,1,72140001,100.0,100.0,1,0,0,1,1,0.0,1.4066696166992188e-5,0.0
20260213_151714,GREEDY_CENTRALIZED,7214,1,72140001,100.0,100.0,2,4,0,1,1,0.0,4.0531158447265625e-6,0.0
20260213_151714,GREEDY_CENTRALIZED,7214,1,72140001,100.0,100.0,3,8,0,2,2,0.0,1.8835067749023438e-5,0.0
20260213_151714,GREEDY_CENTRALIZED,7214,1,72140001,100.0,100.0,4,12,0,3,3,0.0,2.384185791015625e-5,0.0
20260213_151714,GREEDY_CENTRALIZED,7214,1,72140001,100.0,100.0,5,16,0,1,1,0.0,3.814697265625e-6,0.0
20260213_151714,GREEDY_CENTRALIZED,7214,1,72140001,100.0,100.0,6,20,0,7,4,12.0,0.00033783912658691406,1000.0
20260213_151714,GREEDY_CENTRALIZED,7214,1,72140001,100.0,100.0,7,24,1,10,4,24.0,0.003468036651611328,1000.0
20260213_151714,GREEDY_CENTRALIZED,7214,1,72140001,100.0,100.0,8,28,1,7,4,12.0,0.00039196014404296875,1000.0
20260213_151714,GREEDY_CENTRALIZED,7214,1,72140001,100.0,100.0,9,32,3,5,4,4.0,8.988380432128906e-5,333.3333333333333
20260213_151714,GREEDY_CENTRALIZED,7214,1,72140001,100.0,100.0,10,36,4,6,4,8.0,0.00019407272338867188,573.3333333333334
20260213_151714,GREEDY_CENTRALIZED,7214,1,72140001,100.0,100.0,11,40,4,8,4,16.0,0.0007779598236083984,720.0
20260213_151714,GREEDY_CENTRALIZED,7214,1,72140001,100.0,100.0,12,44,4,7,4,12.0,0.0004000663757324219,720.0
20260213_151714,GREEDY_CENTRALIZED,7214,1,72140001,100.0,100.0,13,48,4,9,4,20.0,0.005324125289916992,800.0
20260213_151714,GREEDY_CENTRALIZED,7214,1,72140001,100.0,100.0,14,52,4,12,4,32.0,0.012152910232543945,680.0
20260213_151714,GREEDY_CENTRALIZED,7214,1,72140001,100.0,100.0,15,56,4,10,4,52.0,0.0030701160430908203,980.0
20260213_151714,GREEDY_CENTRALIZED,7214,1,72140001,100.0,100.0,16,60,6,9,4,40.0,0.001628875732421875,1480.0
20260213_151714,GREEDY_CENTRALIZED,5987,1,59870001,100.0,100.0,1,0,0,1,1,0.0,2.193450927734375e-5,0.0
20260213_151714,GREEDY_CENTRALIZED,5987,1,59870001,100.0,100.0,2,4,0,1,1,0.0,4.0531158447265625e-6,0.0
20260213_151714,GREEDY_CENTRALIZED,5987,1,59870001,100.0,100.0,3,8,0,2,2,0.0,1.4066696166992188e-5,0.0
20260213_151714,GREEDY_CENTRALIZED,5987,1,59870001,100.0,100.0,4,12,0,3,3,0.0,1.6927719116210938e-5,0.0
20260213_151714,GREEDY_CENTRALIZED,5987,1,59870001,100.0,100.0,5,16,0,1,1,0.0,4.0531158447265625e-6,0.0
20260213_151714,GREEDY_CENTRALIZED,5987,1,59870001,100.0,100.0,6,20,0,7,4,12.0,0.003492116928100586,1000.0
20260213_151714,GREEDY_CENTRALIZED,5987,1,59870001,100.0,100.0,7,24,1,10,4,24.0,0.0033540725708007812,1000.0
20260213_151714,GREEDY_CENTRALIZED,5987,1,59870001,100.0,100.0,8,28,1,7,4,12.0,0.00037097930908203125,1000.0
20260213_151714,GREEDY_CENTRALIZED,5987,1,59870001,100.0,100.0,9,32,3,5,4,4.0,8.988380432128906e-5,333.3333333333333
20260213_151714,GREEDY_CENTRALIZED,5987,1,59870001,100.0,100.0,10,36,4,6,4,8.0,0.0001900196075439453,573.3333333333334
20260213_151714,GREEDY_CENTRALIZED,5987,1,59870001,100.0,100.0,11,40,4,8,4,16.0,0.0007500648498535156,720.0
20260213_151714,GREEDY_CENTRALIZED,5987,1,59870001,100.0,100.0,12,44,4,7,4,12.0,0.0003960132598876953,720.0
20260213_151714,GREEDY_CENTRALIZED,5987,1,59870001,100.0,100.0,13,48,4,9,4,20.0,0.0015239715576171875,800.0
20260213_151714,GREEDY_CENTRALIZED,5987,1,59870001,100.0,100.0,14,52,4,12,4,32.0,0.015346050262451172,680.0
20260213_151714,GREEDY_CENTRALIZED,5987,1,59870001,100.0,100.0,15,56,4,10,4,52.0,0.003108978271484375,980.0
20260213_151714,GREEDY_CENTRALIZED,5987,1,59870001,100.0,100.0,16,60,6,9,4,40.0,0.001558065414428711,1480.0
20260213_151714,GREEDY_CENTRALIZED,3807,1,38070001,100.0,100.0,1,0,0,1,1,0.0,1.4066696166992188e-5,0.0
20260213_151714,GREEDY_CENTRALIZED,3807,1,38070001,100.0,100.0,2,4,0,1,1,0.0,4.0531158447265625e-6,0.0
20260213_151714,GREEDY_CENTRALIZED,3807,1,38070001,100.0,100.0,3,8,0,2,2,0.0,1.2874603271484375e-5,0.0
20260213_151714,GREEDY_CENTRALIZED,3807,1,38070001,100.0,100.0,4,12,0,3,3,0.0,1.5974044799804688e-5,0.0
20260213_151714,GREEDY_CENTRALIZED,3807,1,38070001,100.0,100.0,5,16,0,1,1,0.0,4.0531158447265625e-6,0.0
20260213_151714,GREEDY_CENTRALIZED,3807,1,38070001,100.0,100.0,6,20,0,7,4,12.0,0.00034499168395996094,1000.0
20260213_151714,GREEDY_CENTRALIZED,3807,1,38070001,100.0,100.0,7,24,1,10,4,24.0,0.0033409595489501953,1000.0
20260213_151714,GREEDY_CENTRALIZED,3807,1,38070001,100.0,100.0,8,28,1,7,4,12.0,0.0003647804260253906,1000.0
20260213_151714,GREEDY_CENTRALIZED,3807,1,38070001,100.0,100.0,9,32,3,5,4,4.0,9.107589721679688e-5,333.3333333333333
20260213_151714,GREEDY_CENTRALIZED,3807,1,38070001,100.0,100.0,10,36,4,6,4,8.0,0.0001862049102783203,573.3333333333334
20260213_151714,GREEDY_CENTRALIZED,3807,1,38070001,100.0,100.0,11,40,4,8,4,16.0,0.0007719993591308594,720.0
20260213_151714,GREEDY_CENTRALIZED,3807,1,38070001,100.0,100.0,12,44,4,7,4,12.0,0.0003838539123535156,720.0
20260213_151714,GREEDY_CENTRALIZED,3807,1,38070001,100.0,100.0,13,48,4,9,4,20.0,0.0014581680297851562,800.0
20260213_151714,GREEDY_CENTRALIZED,3807,1,38070001,100.0,100.0,14,52,4,12,4,32.0,0.015781879425048828,680.0
20260213_151714,GREEDY_CENTRALIZED,3807,1,38070001,100.0,100.0,15,56,4,10,4,52.0,0.0030760765075683594,980.0
20260213_151714,GREEDY_CENTRALIZED,3807,1,38070001,100.0,100.0,16,60,6,9,4,40.0,0.0015361309051513672,1480.0
20260213_151714,GREEDY_CENTRALIZED,467,1,4670001,100.0,100.0,1,0,0,1,1,0.0,1.4066696166992188e-5,0.0
20260213_151714,GREEDY_CENTRALIZED,467,1,4670001,100.0,100.0,2,4,0,1,1,0.0,4.0531158447265625e-6,0.0
20260213_151714,GREEDY_CENTRALIZED,467,1,4670001,100.0,100.0,3,8,0,2,2,0.0,1.4066696166992188e-5,0.0
20260213_151714,GREEDY_CENTRALIZED,467,1,4670001,100.0,100.0,4,12,0,3,3,0.0,2.5033950805664062e-5,0.0
20260213_151714,GREEDY_CENTRALIZED,467,1,4670001,100.0,100.0,5,16,0,1,1,0.0,3.814697265625e-6,0.0
20260213_151714,GREEDY_CENTRALIZED,467,1,4670001,100.0,100.0,6,20,0,7,4,12.0,0.00034117698669433594,1000.0
20260213_151714,GREEDY_CENTRALIZED,467,1,4670001,100.0,100.0,7,24,1,10,4,24.0,0.00335693359375,1000.0
20260213_151714,GREEDY_CENTRALIZED,467,1,4670001,100.0,100.0,8,28,1,7,4,12.0,0.0003771781921386719,1000.0
20260213_151714,GREEDY_CENTRALIZED,467,1,4670001,100.0,100.0,9,32,3,5,4,4.0,0.00011992454528808594,333.3333333333333
20260213_151714,GREEDY_CENTRALIZED,467,1,4670001,100.0,100.0,10,36,4,6,4,8.0,0.00018596649169921875,573.3333333333334
20260213_151714,GREEDY_CENTRALIZED,467,1,4670001,100.0,100.0,11,40,4,8,4,16.0,0.0007579326629638672,720.0
20260213_151714,GREEDY_CENTRALIZED,467,1,4670001,100.0,100.0,12,44,4,7,4,12.0,0.0003848075866699219,720.0
20260213_151714,GREEDY_CENTRALIZED,467,1,4670001,100.0,100.0,13,48,4,9,4,20.0,0.0014579296112060547,800.0
20260213_151714,GREEDY_CENTRALIZED,467,1,4670001,100.0,100.0,14,52,4,12,4,32.0,0.016366004943847656,680.0
20260213_151714,GREEDY_CENTRALIZED,467,1,4670001,100.0,100.0,15,56,4,10,4,52.0,0.003083944320678711,980.0
20260213_151714,GREEDY_CENTRALIZED,467,1,4670001,100.0,100.0,16,60,6,9,4,40.0,0.0015749931335449219,1480.0
20260213_151714,GREEDY_CENTRALIZED,6478,1,64780001,100.0,100.0,1,0,0,1,1,0.0,1.2874603271484375e-5,0.0
20260213_151714,GREEDY_CENTRALIZED,6478,1,64780001,100.0,100.0,2,4,0,1,1,0.0,2.86102294921875e-6,0.0
20260213_151714,GREEDY_CENTRALIZED,6478,1,64780001,100.0,100.0,3,8,0,2,2,0.0,1.2874603271484375e-5,0.0
20260213_151714,GREEDY_CENTRALIZED,6478,1,64780001,100.0,100.0,4,12,0,3,3,0.0,1.6927719116210938e-5,0.0
20260213_151714,GREEDY_CENTRALIZED,6478,1,64780001,100.0,100.0,5,16,0,1,1,0.0,4.0531158447265625e-6,0.0
20260213_151714,GREEDY_CENTRALIZED,6478,1,64780001,100.0,100.0,6,20,0,7,4,12.0,0.00035500526428222656,1000.0
20260213_151714,GREEDY_CENTRALIZED,6478,1,64780001,100.0,100.0,7,24,1,10,4,24.0,0.003378152847290039,1000.0
20260213_151714,GREEDY_CENTRALIZED,6478,1,64780001,100.0,100.0,8,28,1,7,4,12.0,0.0003638267517089844,1000.0
20260213_151714,GREEDY_CENTRALIZED,6478,1,64780001,100.0,100.0,9,32,3,5,4,4.0,9.107589721679688e-5,333.3333333333333
20260213_151714,GREEDY_CENTRALIZED,6478,1,64780001,100.0,100.0,10,36,4,6,4,8.0,0.00018286705017089844,573.3333333333334
20260213_151714,GREEDY_CENTRALIZED,6478,1,64780001,100.0,100.0,11,40,4,8,4,16.0,0.0007920265197753906,720.0
20260213_151714,GREEDY_CENTRALIZED,6478,1,64780001,100.0,100.0,12,44,4,7,4,12.0,0.00038886070251464844,720.0
20260213_151714,GREEDY_CENTRALIZED,6478,1,64780001,100.0,100.0,13,48,4,9,4,20.0,0.0014600753784179688,800.0
20260213_151714,GREEDY_CENTRALIZED,6478,1,64780001,100.0,100.0,14,52,4,12,4,32.0,0.015686988830566406,680.0
20260213_151714,GREEDY_CENTRALIZED,6478,1,64780001,100.0,100.0,15,56,4,10,4,52.0,0.0030498504638671875,980.0
20260213_151714,GREEDY_CENTRALIZED,6478,1,64780001,100.0,100.0,16,60,6,9,4,40.0,0.0015578269958496094,1480.0
20260213_151714,GREEDY_CENTRALIZED,4898,1,48980001,100.0,100.0,1,0,0,1,1,0.0,1.4066696166992188e-5,0.0
20260213_151714,GREEDY_CENTRALIZED,4898,1,48980001,100.0,100.0,2,4,0,1,1,0.0,4.0531158447265625e-6,0.0
20260213_151714,GREEDY_CENTRALIZED,4898,1,48980001,100.0,100.0,3,8,0,2,2,0.0,1.4066696166992188e-5,0.0
20260213_151714,GREEDY_CENTRALIZED,4898,1,48980001,100.0,100.0,4,12,0,3,3,0.0,2.4080276489257812e-5,0.0
20260213_151714,GREEDY_CENTRALIZED,4898,1,48980001,100.0,100.0,5,16,0,1,1,0.0,5.0067901611328125e-6,0.0
20260213_151714,GREEDY_CENTRALIZED,4898,1,48980001,100.0,100.0,6,20,0,7,4,12.0,0.00032901763916015625,1000.0
20260213_151714,GREEDY_CENTRALIZED,4898,1,48980001,100.0,100.0,7,24,1,10,4,24.0,0.0034818649291992188,1000.0
20260213_151714,GREEDY_CENTRALIZED,4898,1,48980001,100.0,100.0,8,28,1,7,4,12.0,0.00037407875061035156,1000.0
20260213_151714,GREEDY_CENTRALIZED,4898,1,48980001,100.0,100.0,9,32,3,5,4,4.0,9.679794311523438e-5,333.3333333333333
20260213_151714,GREEDY_CENTRALIZED,4898,1,48980001,100.0,100.0,10,36,4,6,4,8.0,0.00020194053649902344,573.3333333333334
20260213_151714,GREEDY_CENTRALIZED,4898,1,48980001,100.0,100.0,11,40,4,8,4,16.0,0.0008020401000976562,720.0
20260213_151714,GREEDY_CENTRALIZED,4898,1,48980001,100.0,100.0,12,44,4,7,4,12.0,0.0004048347473144531,720.0
20260213_151714,GREEDY_CENTRALIZED,4898,1,48980001,100.0,100.0,13,48,4,9,4,20.0,0.0014948844909667969,800.0
20260213_151714,GREEDY_CENTRALIZED,4898,1,48980001,100.0,100.0,14,52,4,12,4,32.0,0.016048908233642578,680.0
20260213_151714,GREEDY_CENTRALIZED,4898,1,48980001,100.0,100.0,15,56,4,10,4,52.0,0.003033876419067383,980.0
20260213_151714,GREEDY_CENTRALIZED,4898,1,48980001,100.0,100.0,16,60,6,9,4,40.0,0.001550912857055664,1480.0
20260213_151714,GREEDY_CENTRALIZED,7886,1,78860001,100.0,100.0,1,0,0,1,1,0.0,1.4066696166992188e-5,0.0
20260213_151714,GREEDY_CENTRALIZED,7886,1,78860001,100.0,100.0,2,4,0,1,1,0.0,4.0531158447265625e-6,0.0
20260213_151714,GREEDY_CENTRALIZED,7886,1,78860001,100.0,100.0,3,8,0,2,2,0.0,1.4066696166992188e-5,0.0
20260213_151714,GREEDY_CENTRALIZED,7886,1,78860001,100.0,100.0,4,12,0,3,3,0.0,1.621246337890625e-5,0.0
20260213_151714,GREEDY_CENTRALIZED,7886,1,78860001,100.0,100.0,5,16,0,1,1,0.0,5.0067901611328125e-6,0.0
20260213_151714,GREEDY_CENTRALIZED,7886,1,78860001,100.0,100.0,6,20,0,7,4,12.0,0.0003490447998046875,1000.0
20260213_151714,GREEDY_CENTRALIZED,7886,1,78860001,100.0,100.0,7,24,1,10,4,24.0,0.0033648014068603516,1000.0
20260213_151714,GREEDY_CENTRALIZED,7886,1,78860001,100.0,100.0,8,28,1,7,4,12.0,0.0003819465637207031,1000.0
20260213_151714,GREEDY_CENTRALIZED,7886,1,78860001,100.0,100.0,9,32,3,5,4,4.0,0.00011706352233886719,333.3333333333333
20260213_151714,GREEDY_CENTRALIZED,7886,1,78860001,100.0,100.0,10,36,4,6,4,8.0,0.00019216537475585938,573.3333333333334
20260213_151714,GREEDY_CENTRALIZED,7886,1,78860001,100.0,100.0,11,40,4,8,4,16.0,0.0007529258728027344,720.0
20260213_151714,GREEDY_CENTRALIZED,7886,1,78860001,100.0,100.0,12,44,4,7,4,12.0,0.0003979206085205078,720.0
20260213_151714,GREEDY_CENTRALIZED,7886,1,78860001,100.0,100.0,13,48,4,9,4,20.0,0.0014531612396240234,800.0
20260213_151714,GREEDY_CENTRALIZED,7886,1,78860001,100.0,100.0,14,52,4,12,4,32.0,0.016025066375732422,680.0
20260213_151714,GREEDY_CENTRALIZED,7886,1,78860001,100.0,100.0,15,56,4,10,4,52.0,0.0031490325927734375,980.0
20260213_151714,GREEDY_CENTRALIZED,7886,1,78860001,100.0,100.0,16,60,6,9,4,40.0,0.001583099365234375,1480.0
20260213_151714,GREEDY_CENTRALIZED,4410,1,44100001,100.0,100.0,1,0,0,1,1,0.0,2.09808349609375e-5,0.0
20260213_151714,GREEDY_CENTRALIZED,4410,1,44100001,100.0,100.0,2,4,0,1,1,0.0,2.86102294921875e-6,0.0
20260213_151714,GREEDY_CENTRALIZED,4410,1,44100001,100.0,100.0,3,8,0,2,2,0.0,1.3828277587890625e-5,0.0
20260213_151714,GREEDY_CENTRALIZED,4410,1,44100001,100.0,100.0,4,12,0,3,3,0.0,1.5974044799804688e-5,0.0
20260213_151714,GREEDY_CENTRALIZED,4410,1,44100001,100.0,100.0,5,16,0,1,1,0.0,4.0531158447265625e-6,0.0
20260213_151714,GREEDY_CENTRALIZED,4410,1,44100001,100.0,100.0,6,20,0,7,4,12.0,0.00034308433532714844,1000.0
20260213_151714,GREEDY_CENTRALIZED,4410,1,44100001,100.0,100.0,7,24,1,10,4,24.0,0.003484964370727539,1000.0
20260213_151714,GREEDY_CENTRALIZED,4410,1,44100001,100.0,100.0,8,28,1,7,4,12.0,0.00037407875061035156,1000.0
20260213_151714,GREEDY_CENTRALIZED,4410,1,44100001,100.0,100.0,9,32,3,5,4,4.0,0.00012111663818359375,333.3333333333333
20260213_151714,GREEDY_CENTRALIZED,4410,1,44100001,100.0,100.0,10,36,4,6,4,8.0,0.00018906593322753906,573.3333333333334
20260213_151714,GREEDY_CENTRALIZED,4410,1,44100001,100.0,100.0,11,40,4,8,4,16.0,0.0007870197296142578,720.0
20260213_151714,GREEDY_CENTRALIZED,4410,1,44100001,100.0,100.0,12,44,4,7,4,12.0,0.0004031658172607422,720.0
20260213_151714,GREEDY_CENTRALIZED,4410,1,44100001,100.0,100.0,13,48,4,9,4,20.0,0.0014891624450683594,800.0
20260213_151714,GREEDY_CENTRALIZED,4410,1,44100001,100.0,100.0,14,52,4,12,4,32.0,0.01599597930908203,680.0
20260213_151714,GREEDY_CENTRALIZED,4410,1,44100001,100.0,100.0,15,56,4,10,4,52.0,0.0030448436737060547,980.0
20260213_151714,GREEDY_CENTRALIZED,4410,1,44100001,100.0,100.0,16,60,6,9,4,40.0,0.0015730857849121094,1480.0
20260213_151714,GREEDY_CENTRALIZED,8260,1,82600001,100.0,100.0,1,0,0,1,1,0.0,1.4066696166992188e-5,0.0
20260213_151714,GREEDY_CENTRALIZED,8260,1,82600001,100.0,100.0,2,4,0,1,1,0.0,3.0994415283203125e-6,0.0
20260213_151714,GREEDY_CENTRALIZED,8260,1,82600001,100.0,100.0,3,8,0,2,2,0.0,1.4066696166992188e-5,0.0
20260213_151714,GREEDY_CENTRALIZED,8260,1,82600001,100.0,100.0,4,12,0,3,3,0.0,1.5974044799804688e-5,0.0
20260213_151714,GREEDY_CENTRALIZED,8260,1,82600001,100.0,100.0,5,16,0,1,1,0.0,3.814697265625e-6,0.0
20260213_151714,GREEDY_CENTRALIZED,8260,1,82600001,100.0,100.0,6,20,0,7,4,12.0,0.0003361701965332031,1000.0
20260213_151714,GREEDY_CENTRALIZED,8260,1,82600001,100.0,100.0,7,24,1,10,4,24.0,0.0033998489379882812,1000.0
20260213_151714,GREEDY_CENTRALIZED,8260,1,82600001,100.0,100.0,8,28,1,7,4,12.0,0.0003688335418701172,1000.0
20260213_151714,GREEDY_CENTRALIZED,8260,1,82600001,100.0,100.0,9,32,3,5,4,4.0,0.00011515617370605469,333.3333333333333
20260213_151714,GREEDY_CENTRALIZED,8260,1,82600001,100.0,100.0,10,36,4,6,4,8.0,0.0001881122589111328,573.3333333333334
20260213_151714,GREEDY_CENTRALIZED,8260,1,82600001,100.0,100.0,11,40,4,8,4,16.0,0.0007638931274414062,720.0
20260213_151714,GREEDY_CENTRALIZED,8260,1,82600001,100.0,100.0,12,44,4,7,4,12.0,0.0003819465637207031,720.0
20260213_151714,GREEDY_CENTRALIZED,8260,1,82600001,100.0,100.0,13,48,4,9,4,20.0,0.005084037780761719,800.0
20260213_151714,GREEDY_CENTRALIZED,8260,1,82600001,100.0,100.0,14,52,4,12,4,32.0,0.011894941329956055,680.0
20260213_151714,GREEDY_CENTRALIZED,8260,1,82600001,100.0,100.0,15,56,4,10,4,52.0,0.0030660629272460938,980.0
20260213_151714,GREEDY_CENTRALIZED,8260,1,82600001,100.0,100.0,16,60,6,9,4,40.0,0.0015590190887451172,1480.0
20260213_151714,GREEDY_CENTRALIZED,5346,1,53460001,100.0,100.0,1,0,0,1,1,0.0,1.4066696166992188e-5,0.0
20260213_151714,GREEDY_CENTRALIZED,5346,1,53460001,100.0,100.0,2,4,0,1,1,0.0,4.0531158447265625e-6,0.0
20260213_151714,GREEDY_CENTRALIZED,5346,1,53460001,100.0,100.0,3,8,0,2,2,0.0,2.4080276489257812e-5,0.0
20260213_151714,GREEDY_CENTRALIZED,5346,1,53460001,100.0,100.0,4,12,0,3,3,0.0,1.811981201171875e-5,0.0
20260213_151714,GREEDY_CENTRALIZED,5346,1,53460001,100.0,100.0,5,16,0,1,1,0.0,4.0531158447265625e-6,0.0
20260213_151714,GREEDY_CENTRALIZED,5346,1,53460001,100.0,100.0,6,20,0,7,4,12.0,0.00034999847412109375,1000.0
20260213_151714,GREEDY_CENTRALIZED,5346,1,53460001,100.0,100.0,7,24,1,10,4,24.0,0.0068318843841552734,1000.0
20260213_151714,GREEDY_CENTRALIZED,5346,1,53460001,100.0,100.0,8,28,1,7,4,12.0,0.0003650188446044922,1000.0
20260213_151714,GREEDY_CENTRALIZED,5346,1,53460001,100.0,100.0,9,32,3,5,4,4.0,9.083747863769531e-5,333.3333333333333
20260213_151714,GREEDY_CENTRALIZED,5346,1,53460001,100.0,100.0,10,36,4,6,4,8.0,0.0001819133758544922,573.3333333333334
20260213_151714,GREEDY_CENTRALIZED,5346,1,53460001,100.0,100.0,11,40,4,8,4,16.0,0.0007419586181640625,720.0
20260213_151714,GREEDY_CENTRALIZED,5346,1,53460001,100.0,100.0,12,44,4,7,4,12.0,0.0004031658172607422,720.0
20260213_151714,GREEDY_CENTRALIZED,5346,1,53460001,100.0,100.0,13,48,4,9,4,20.0,0.0014879703521728516,800.0
20260213_151714,GREEDY_CENTRALIZED,5346,1,53460001,100.0,100.0,14,52,4,12,4,32.0,0.011687040328979492,680.0
20260213_151714,GREEDY_CENTRALIZED,5346,1,53460001,100.0,100.0,15,56,4,10,4,52.0,0.00621485710144043,980.0
20260213_151714,GREEDY_CENTRALIZED,5346,1,53460001,100.0,100.0,16,60,6,9,4,40.0,0.001558065414428711,1480.0
20260213_151714,GREEDY_CENTRALIZED,1574,1,15740001,100.0,100.0,1,0,0,1,1,0.0,1.2874603271484375e-5,0.0
20260213_151714,GREEDY_CENTRALIZED,1574,1,15740001,100.0,100.0,2,4,0,1,1,0.0,4.0531158447265625e-6,0.0
20260213_151714,GREEDY_CENTRALIZED,1574,1,15740001,100.0,100.0,3,8,0,2,2,0.0,1.5020370483398438e-5,0.0
20260213_151714,GREEDY_CENTRALIZED,1574,1,15740001,100.0,100.0,4,12,0,3,3,0.0,2.47955322265625e-5,0.0
20260213_151714,GREEDY_CENTRALIZED,1574,1,15740001,100.0,100.0,5,16,0,1,1,0.0,5.0067901611328125e-6,0.0
20260213_151714,GREEDY_CENTRALIZED,1574,1,15740001,100.0,100.0,6,20,0,7,4,12.0,0.0003299713134765625,1000.0
20260213_151714,GREEDY_CENTRALIZED,1574,1,15740001,100.0,100.0,7,24,1,10,4,24.0,0.0034210681915283203,1000.0
20260213_151714,GREEDY_CENTRALIZED,1574,1,15740001,100.0,100.0,8,28,1,7,4,12.0,0.00038504600524902344,1000.0
20260213_151714,GREEDY_CENTRALIZED,1574,1,15740001,100.0,100.0,9,32,3,5,4,4.0,8.821487426757812e-5,333.3333333333333
20260213_151714,GREEDY_CENTRALIZED,1574,1,15740001,100.0,100.0,10,36,4,6,4,8.0,0.00018405914306640625,573.3333333333334
20260213_151714,GREEDY_CENTRALIZED,1574,1,15740001,100.0,100.0,11,40,4,8,4,16.0,0.0007450580596923828,720.0
20260213_151714,GREEDY_CENTRALIZED,1574,1,15740001,100.0,100.0,12,44,4,7,4,12.0,0.00038695335388183594,720.0
20260213_151714,GREEDY_CENTRALIZED,1574,1,15740001,100.0,100.0,13,48,4,9,4,20.0,0.0014538764953613281,800.0
20260213_151714,GREEDY_CENTRALIZED,1574,1,15740001,100.0,100.0,14,52,4,12,4,32.0,0.015935897827148438,680.0
20260213_151714,GREEDY_CENTRALIZED,1574,1,15740001,100.0,100.0,15,56,4,10,4,52.0,0.0031130313873291016,980.0
20260213_151714,GREEDY_CENTRALIZED,1574,1,15740001,100.0,100.0,16,60,6,9,4,40.0,0.0015590190887451172,1480.0
20260213_151714,GREEDY_CENTRALIZED,4719,1,47190001,100.0,100.0,1,0,0,1,1,0.0,1.4066696166992188e-5,0.0
20260213_151714,GREEDY_CENTRALIZED,4719,1,47190001,100.0,100.0,2,4,0,1,1,0.0,4.0531158447265625e-6,0.0
20260213_151714,GREEDY_CENTRALIZED,4719,1,47190001,100.0,100.0,3,8,0,2,2,0.0,1.3828277587890625e-5,0.0
20260213_151714,GREEDY_CENTRALIZED,4719,1,47190001,100.0,100.0,4,12,0,3,3,0.0,2.288818359375e-5,0.0
20260213_151714,GREEDY_CENTRALIZED,4719,1,47190001,100.0,100.0,5,16,0,1,1,0.0,4.0531158447265625e-6,0.0
20260213_151714,GREEDY_CENTRALIZED,4719,1,47190001,100.0,100.0,6,20,0,7,4,12.0,0.00033211708068847656,1000.0
20260213_151714,GREEDY_CENTRALIZED,4719,1,47190001,100.0,100.0,7,24,1,10,4,24.0,0.0033218860626220703,1000.0
20260213_151714,GREEDY_CENTRALIZED,4719,1,47190001,100.0,100.0,8,28,1,7,4,12.0,0.0003829002380371094,1000.0
20260213_151714,GREEDY_CENTRALIZED,4719,1,47190001,100.0,100.0,9,32,3,5,4,4.0,9.512901306152344e-5,333.3333333333333
20260213_151714,GREEDY_CENTRALIZED,4719,1,47190001,100.0,100.0,10,36,4,6,4,8.0,0.00018596649169921875,573.3333333333334
20260213_151714,GREEDY_CENTRALIZED,4719,1,47190001,100.0,100.0,11,40,4,8,4,16.0,0.0007770061492919922,720.0
20260213_151714,GREEDY_CENTRALIZED,4719,1,47190001,100.0,100.0,12,44,4,7,4,12.0,0.00038313865661621094,720.0
20260213_151714,GREEDY_CENTRALIZED,4719,1,47190001,100.0,100.0,13,48,4,9,4,20.0,0.0014390945434570312,800.0
20260213_151714,GREEDY_CENTRALIZED,4719,1,47190001,100.0,100.0,14,52,4,12,4,32.0,0.016162872314453125,680.0
20260213_151714,GREEDY_CENTRALIZED,4719,1,47190001,100.0,100.0,15,56,4,10,4,52.0,0.0031280517578125,980.0
20260213_151714,GREEDY_CENTRALIZED,4719,1,47190001,100.0,100.0,16,60,6,9,4,40.0,0.0015790462493896484,1480.0
20260213_151714,GREEDY_CENTRALIZED,6566,1,65660001,100.0,100.0,1,0,0,1,1,0.0,1.2874603271484375e-5,0.0
20260213_151714,GREEDY_CENTRALIZED,6566,1,65660001,100.0,100.0,2,4,0,1,1,0.0,2.86102294921875e-6,0.0
20260213_151714,GREEDY_CENTRALIZED,6566,1,65660001,100.0,100.0,3,8,0,2,2,0.0,2.384185791015625e-5,0.0
20260213_151714,GREEDY_CENTRALIZED,6566,1,65660001,100.0,100.0,4,12,0,3,3,0.0,2.288818359375e-5,0.0
20260213_151714,GREEDY_CENTRALIZED,6566,1,65660001,100.0,100.0,5,16,0,1,1,0.0,4.0531158447265625e-6,0.0
20260213_151714,GREEDY_CENTRALIZED,6566,1,65660001,100.0,100.0,6,20,0,7,4,12.0,0.0003349781036376953,1000.0
20260213_151714,GREEDY_CENTRALIZED,6566,1,65660001,100.0,100.0,7,24,1,10,4,24.0,0.0033528804779052734,1000.0
20260213_151714,GREEDY_CENTRALIZED,6566,1,65660001,100.0,100.0,8,28,1,7,4,12.0,0.0003800392150878906,1000.0
20260213_151714,GREEDY_CENTRALIZED,6566,1,65660001,100.0,100.0,9,32,3,5,4,4.0,9.083747863769531e-5,333.3333333333333
20260213_151714,GREEDY_CENTRALIZED,6566,1,65660001,100.0,100.0,10,36,4,6,4,8.0,0.00020503997802734375,573.3333333333334
20260213_151714,GREEDY_CENTRALIZED,6566,1,65660001,100.0,100.0,11,40,4,8,4,16.0,0.000743865966796875,720.0
20260213_151714,GREEDY_CENTRALIZED,6566,1,65660001,100.0,100.0,12,44,4,7,4,12.0,0.0003838539123535156,720.0
20260213_151714,GREEDY_CENTRALIZED,6566,1,65660001,100.0,100.0,13,48,4,9,4,20.0,0.0014491081237792969,800.0
20260213_151714,GREEDY_CENTRALIZED,6566,1,65660001,100.0,100.0,14,52,4,12,4,32.0,0.01633906364440918,680.0
20260213_151714,GREEDY_CENTRALIZED,6566,1,65660001,100.0,100.0,15,56,4,10,4,52.0,0.0030939579010009766,980.0
20260213_151714,GREEDY_CENTRALIZED,6566,1,65660001,100.0,100.0,16,60,6,9,4,40.0,0.0015380382537841797,1480.0
20260213_151714,GREEDY_CENTRALIZED,9071,1,90710001,100.0,100.0,1,0,0,1,1,0.0,1.2874603271484375e-5,0.0
20260213_151714,GREEDY_CENTRALIZED,9071,1,90710001,100.0,100.0,2,4,0,1,1,0.0,3.814697265625e-6,0.0
20260213_151714,GREEDY_CENTRALIZED,9071,1,90710001,100.0,100.0,3,8,0,2,2,0.0,1.5020370483398438e-5,0.0
20260213_151714,GREEDY_CENTRALIZED,9071,1,90710001,100.0,100.0,4,12,0,3,3,0.0,1.6927719116210938e-5,0.0
20260213_151714,GREEDY_CENTRALIZED,9071,1,90710001,100.0,100.0,5,16,0,1,1,0.0,4.0531158447265625e-6,0.0
20260213_151714,GREEDY_CENTRALIZED,9071,1,90710001,100.0,100.0,6,20,0,7,4,12.0,0.0003528594970703125,1000.0
20260213_151714,GREEDY_CENTRALIZED,9071,1,90710001,100.0,100.0,7,24,1,10,4,24.0,0.0033211708068847656,1000.0
20260213_151714,GREEDY_CENTRALIZED,9071,1,90710001,100.0,100.0,8,28,1,7,4,12.0,0.00036907196044921875,1000.0
20260213_151714,GREEDY_CENTRALIZED,9071,1,90710001,100.0,100.0,9,32,3,5,4,4.0,8.988380432128906e-5,333.3333333333333
20260213_151714,GREEDY_CENTRALIZED,9071,1,90710001,100.0,100.0,10,36,4,6,4,8.0,0.00018286705017089844,573.3333333333334
20260213_151714,GREEDY_CENTRALIZED,9071,1,90710001,100.0,100.0,11,40,4,8,4,16.0,0.0007579326629638672,720.0
20260213_151714,GREEDY_CENTRALIZED,9071,1,90710001,100.0,100.0,12,44,4,7,4,12.0,0.0003981590270996094,720.0
20260213_151714,GREEDY_CENTRALIZED,9071,1,90710001,100.0,100.0,13,48,4,9,4,20.0,0.0014889240264892578,800.0
20260213_151714,GREEDY_CENTRALIZED,9071,1,90710001,100.0,100.0,14,52,4,12,4,32.0,0.01656198501586914,680.0
20260213_151714,GREEDY_CENTRALIZED,9071,1,90710001,100.0,100.0,15,56,4,10,4,52.0,0.003204822540283203,980.0
20260213_151714,GREEDY_CENTRALIZED,9071,1,90710001,100.0,100.0,16,60,6,9,4,40.0,0.0015959739685058594,1480.0
20260213_151714,GREEDY_CENTRALIZED,9416,1,94160001,100.0,100.0,1,0,0,1,1,0.0,1.4066696166992188e-5,0.0
20260213_151714,GREEDY_CENTRALIZED,9416,1,94160001,100.0,100.0,2,4,0,1,1,0.0,3.0994415283203125e-6,0.0
20260213_151714,GREEDY_CENTRALIZED,9416,1,94160001,100.0,100.0,3,8,0,2,2,0.0,1.4066696166992188e-5,0.0
20260213_151714,GREEDY_CENTRALIZED,9416,1,94160001,100.0,100.0,4,12,0,3,3,0.0,2.3126602172851562e-5,0.0
20260213_151714,GREEDY_CENTRALIZED,9416,1,94160001,100.0,100.0,5,16,0,1,1,0.0,4.0531158447265625e-6,0.0
20260213_151714,GREEDY_CENTRALIZED,9416,1,94160001,100.0,100.0,6,20,0,7,4,12.0,0.0003349781036376953,1000.0
20260213_151714,GREEDY_CENTRALIZED,9416,1,94160001,100.0,100.0,7,24,1,10,4,24.0,0.003322124481201172,1000.0
20260213_151714,GREEDY_CENTRALIZED,9416,1,94160001,100.0,100.0,8,28,1,7,4,12.0,0.00037598609924316406,1000.0
20260213_151714,GREEDY_CENTRALIZED,9416,1,94160001,100.0,100.0,9,32,3,5,4,4.0,9.012222290039062e-5,333.3333333333333
20260213_151714,GREEDY_CENTRALIZED,9416,1,94160001,100.0,100.0,10,36,4,6,4,8.0,0.00018286705017089844,573.3333333333334
20260213_151714,GREEDY_CENTRALIZED,9416,1,94160001,100.0,100.0,11,40,4,8,4,16.0,0.0007479190826416016,720.0
20260213_151714,GREEDY_CENTRALIZED,9416,1,94160001,100.0,100.0,12,44,4,7,4,12.0,0.0003819465637207031,720.0
20260213_151714,GREEDY_CENTRALIZED,9416,1,94160001,100.0,100.0,13,48,4,9,4,20.0,0.0014629364013671875,800.0
20260213_151714,GREEDY_CENTRALIZED,9416,1,94160001,100.0,100.0,14,52,4,12,4,32.0,0.016265869140625,680.0
20260213_151714,GREEDY_CENTRALIZED,9416,1,94160001,100.0,100.0,15,56,4,10,4,52.0,0.0030930042266845703,980.0
20260213_151714,GREEDY_CENTRALIZED,9416,1,94160001,100.0,100.0,16,60,6,9,4,40.0,0.0016698837280273438,1480.0
20260213_151714,GREEDY_CENTRALIZED,1942,1,19420001,100.0,100.0,1,0,0,1,1,0.0,1.1920928955078125e-5,0.0
20260213_151714,GREEDY_CENTRALIZED,1942,1,19420001,100.0,100.0,2,4,0,1,1,0.0,5.0067901611328125e-6,0.0
20260213_151714,GREEDY_CENTRALIZED,1942,1,19420001,100.0,100.0,3,8,0,2,2,0.0,1.4066696166992188e-5,0.0
20260213_151714,GREEDY_CENTRALIZED,1942,1,19420001,100.0,100.0,4,12,0,3,3,0.0,2.288818359375e-5,0.0
20260213_151714,GREEDY_CENTRALIZED,1942,1,19420001,100.0,100.0,5,16,0,1,1,0.0,4.0531158447265625e-6,0.0
20260213_151714,GREEDY_CENTRALIZED,1942,1,19420001,100.0,100.0,6,20,0,7,4,12.0,0.00033092498779296875,1000.0
20260213_151714,GREEDY_CENTRALIZED,1942,1,19420001,100.0,100.0,7,24,1,10,4,24.0,0.003484010696411133,1000.0
20260213_151714,GREEDY_CENTRALIZED,1942,1,19420001,100.0,100.0,8,28,1,7,4,12.0,0.0003578662872314453,1000.0
20260213_151714,GREEDY_CENTRALIZED,1942,1,19420001,100.0,100.0,9,32,3,5,4,4.0,0.000102996826171875,333.3333333333333
20260213_151714,GREEDY_CENTRALIZED,1942,1,19420001,100.0,100.0,10,36,4,6,4,8.0,0.0001819133758544922,573.3333333333334
20260213_151714,GREEDY_CENTRALIZED,1942,1,19420001,100.0,100.0,11,40,4,8,4,16.0,0.0007579326629638672,720.0
20260213_151714,GREEDY_CENTRALIZED,1942,1,19420001,100.0,100.0,12,44,4,7,4,12.0,0.0004100799560546875,720.0
20260213_151714,GREEDY_CENTRALIZED,1942,1,19420001,100.0,100.0,13,48,4,9,4,20.0,0.0014719963073730469,800.0
20260213_151714,GREEDY_CENTRALIZED,1942,1,19420001,100.0,100.0,14,52,4,12,4,32.0,0.011955976486206055,680.0
20260213_151714,GREEDY_CENTRALIZED,1942,1,19420001,100.0,100.0,15,56,4,10,4,52.0,0.0071980953216552734,980.0
20260213_151714,GREEDY_CENTRALIZED,1942,1,19420001,100.0,100.0,16,60,6,9,4,40.0,0.0015799999237060547,1480.0
20260213_151714,GREEDY_CENTRALIZED,1562,1,15620001,100.0,100.0,1,0,0,1,1,0.0,1.3828277587890625e-5,0.0
20260213_151714,GREEDY_CENTRALIZED,1562,1,15620001,100.0,100.0,2,4,0,1,1,0.0,4.0531158447265625e-6,0.0
20260213_151714,GREEDY_CENTRALIZED,1562,1,15620001,100.0,100.0,3,8,0,2,2,0.0,2.288818359375e-5,0.0
20260213_151714,GREEDY_CENTRALIZED,1562,1,15620001,100.0,100.0,4,12,0,3,3,0.0,1.6927719116210938e-5,0.0
20260213_151714,GREEDY_CENTRALIZED,1562,1,15620001,100.0,100.0,5,16,0,1,1,0.0,4.0531158447265625e-6,0.0
20260213_151714,GREEDY_CENTRALIZED,1562,1,15620001,100.0,100.0,6,20,0,7,4,12.0,0.00033211708068847656,1000.0
20260213_151714,GREEDY_CENTRALIZED,1562,1,15620001,100.0,100.0,7,24,1,10,4,24.0,0.0034210681915283203,1000.0
20260213_151714,GREEDY_CENTRALIZED,1562,1,15620001,100.0,100.0,8,28,1,7,4,12.0,0.000370025634765625,1000.0
20260213_151714,GREEDY_CENTRALIZED,1562,1,15620001,100.0,100.0,9,32,3,5,4,4.0,9.107589721679688e-5,333.3333333333333
20260213_151714,GREEDY_CENTRALIZED,1562,1,15620001,100.0,100.0,10,36,4,6,4,8.0,0.0001919269561767578,573.3333333333334
20260213_151714,GREEDY_CENTRALIZED,1562,1,15620001,100.0,100.0,11,40,4,8,4,16.0,0.000782012939453125,720.0
20260213_151714,GREEDY_CENTRALIZED,1562,1,15620001,100.0,100.0,12,44,4,7,4,12.0,0.0003809928894042969,720.0
20260213_151714,GREEDY_CENTRALIZED,1562,1,15620001,100.0,100.0,13,48,4,9,4,20.0,0.0014469623565673828,800.0
20260213_151714,GREEDY_CENTRALIZED,1562,1,15620001,100.0,100.0,14,52,4,12,4,32.0,0.01593804359436035,680.0
20260213_151714,GREEDY_CENTRALIZED,1562,1,15620001,100.0,100.0,15,56,4,10,4,52.0,0.003017902374267578,980.0
20260213_151714,GREEDY_CENTRALIZED,1562,1,15620001,100.0,100.0,16,60,6,9,4,40.0,0.0015840530395507812,1480.0
20260213_151714,GREEDY_CENTRALIZED,2244,1,22440001,100.0,100.0,1,0,0,1,1,0.0,1.3828277587890625e-5,0.0
20260213_151714,GREEDY_CENTRALIZED,2244,1,22440001,100.0,100.0,2,4,0,1,1,0.0,4.0531158447265625e-6,0.0
20260213_151714,GREEDY_CENTRALIZED,2244,1,22440001,100.0,100.0,3,8,0,2,2,0.0,1.5020370483398438e-5,0.0
20260213_151714,GREEDY_CENTRALIZED,2244,1,22440001,100.0,100.0,4,12,0,3,3,0.0,2.6941299438476562e-5,0.0
20260213_151714,GREEDY_CENTRALIZED,2244,1,22440001,100.0,100.0,5,16,0,1,1,0.0,5.0067901611328125e-6,0.0
20260213_151714,GREEDY_CENTRALIZED,2244,1,22440001,100.0,100.0,6,20,0,7,4,12.0,0.0003399848937988281,1000.0
20260213_151714,GREEDY_CENTRALIZED,2244,1,22440001,100.0,100.0,7,24,1,10,4,24.0,0.0033271312713623047,1000.0
20260213_151714,GREEDY_CENTRALIZED,2244,1,22440001,100.0,100.0,8,28,1,7,4,12.0,0.0003840923309326172,1000.0
20260213_151714,GREEDY_CENTRALIZED,2244,1,22440001,100.0,100.0,9,32,3,5,4,4.0,0.00011491775512695312,333.3333333333333
20260213_151714,GREEDY_CENTRALIZED,2244,1,22440001,100.0,100.0,10,36,4,6,4,8.0,0.00019407272338867188,573.3333333333334
20260213_151714,GREEDY_CENTRALIZED,2244,1,22440001,100.0,100.0,11,40,4,8,4,16.0,0.0007619857788085938,720.0
20260213_151714,GREEDY_CENTRALIZED,2244,1,22440001,100.0,100.0,12,44,4,7,4,12.0,0.00040602684020996094,720.0
20260213_151714,GREEDY_CENTRALIZED,2244,1,22440001,100.0,100.0,13,48,4,9,4,20.0,0.0014491081237792969,800.0
20260213_151714,GREEDY_CENTRALIZED,2244,1,22440001,100.0,100.0,14,52,4,12,4,32.0,0.016000986099243164,680.0
20260213_151714,GREEDY_CENTRALIZED,2244,1,22440001,100.0,100.0,15,56,4,10,4,52.0,0.0030138492584228516,980.0
20260213_151714,GREEDY_CENTRALIZED,2244,1,22440001,100.0,100.0,16,60,6,9,4,40.0,0.0016050338745117188,1480.0
20260213_151714,GREEDY_CENTRALIZED,7298,1,72980001,100.0,100.0,1,0,0,1,1,0.0,1.4066696166992188e-5,0.0
20260213_151714,GREEDY_CENTRALIZED,7298,1,72980001,100.0,100.0,2,4,0,1,1,0.0,4.0531158447265625e-6,0.0
20260213_151714,GREEDY_CENTRALIZED,7298,1,72980001,100.0,100.0,3,8,0,2,2,0.0,1.5020370483398438e-5,0.0
20260213_151714,GREEDY_CENTRALIZED,7298,1,72980001,100.0,100.0,4,12,0,3,3,0.0,2.5987625122070312e-5,0.0
20260213_151714,GREEDY_CENTRALIZED,7298,1,72980001,100.0,100.0,5,16,0,1,1,0.0,5.0067901611328125e-6,0.0
20260213_151714,GREEDY_CENTRALIZED,7298,1,72980001,100.0,100.0,6,20,0,7,4,12.0,0.00034999847412109375,1000.0
20260213_151714,GREEDY_CENTRALIZED,7298,1,72980001,100.0,100.0,7,24,1,10,4,24.0,0.0033740997314453125,1000.0
20260213_151714,GREEDY_CENTRALIZED,7298,1,72980001,100.0,100.0,8,28,1,7,4,12.0,0.00036597251892089844,1000.0
20260213_151714,GREEDY_CENTRALIZED,7298,1,72980001,100.0,100.0,9,32,3,5,4,4.0,9.012222290039062e-5,333.3333333333333
20260213_151714,GREEDY_CENTRALIZED,7298,1,72980001,100.0,100.0,10,36,4,6,4,8.0,0.0001850128173828125,573.3333333333334
20260213_151714,GREEDY_CENTRALIZED,7298,1,72980001,100.0,100.0,11,40,4,8,4,16.0,0.0007538795471191406,720.0
20260213_151714,GREEDY_CENTRALIZED,7298,1,72980001,100.0,100.0,12,44,4,7,4,12.0,0.0003838539123535156,720.0
20260213_151714,GREEDY_CENTRALIZED,7298,1,72980001,100.0,100.0,13,48,4,9,4,20.0,0.001483917236328125,800.0
20260213_151714,GREEDY_CENTRALIZED,7298,1,72980001,100.0,100.0,14,52,4,12,4,32.0,0.012064933776855469,680.0
20260213_151714,GREEDY_CENTRALIZED,7298,1,72980001,100.0,100.0,15,56,4,10,4,52.0,0.0073549747467041016,980.0
20260213_151714,GREEDY_CENTRALIZED,7298,1,72980001,100.0,100.0,16,60,6,9,4,40.0,0.0015339851379394531,1480.0
20260213_151714,GREEDY_CENTRALIZED,8847,1,88470001,100.0,100.0,1,0,0,1,1,0.0,1.4066696166992188e-5,0.0
20260213_151714,GREEDY_CENTRALIZED,8847,1,88470001,100.0,100.0,2,4,0,1,1,0.0,4.0531158447265625e-6,0.0
20260213_151714,GREEDY_CENTRALIZED,8847,1,88470001,100.0,100.0,3,8,0,2,2,0.0,1.5020370483398438e-5,0.0
20260213_151714,GREEDY_CENTRALIZED,8847,1,88470001,100.0,100.0,4,12,0,3,3,0.0,1.811981201171875e-5,0.0
20260213_151714,GREEDY_CENTRALIZED,8847,1,88470001,100.0,100.0,5,16,0,1,1,0.0,4.0531158447265625e-6,0.0
20260213_151714,GREEDY_CENTRALIZED,8847,1,88470001,100.0,100.0,6,20,0,7,4,12.0,0.00034117698669433594,1000.0
20260213_151714,GREEDY_CENTRALIZED,8847,1,88470001,100.0,100.0,7,24,1,10,4,24.0,0.0034859180450439453,1000.0
20260213_151714,GREEDY_CENTRALIZED,8847,1,88470001,100.0,100.0,8,28,1,7,4,12.0,0.0003650188446044922,1000.0
20260213_151714,GREEDY_CENTRALIZED,8847,1,88470001,100.0,100.0,9,32,3,5,4,4.0,8.893013000488281e-5,333.3333333333333
20260213_151714,GREEDY_CENTRALIZED,8847,1,88470001,100.0,100.0,10,36,4,6,4,8.0,0.00020599365234375,573.3333333333334
20260213_151714,GREEDY_CENTRALIZED,8847,1,88470001,100.0,100.0,11,40,4,8,4,16.0,0.0007579326629638672,720.0
20260213_151714,GREEDY_CENTRALIZED,8847,1,88470001,100.0,100.0,12,44,4,7,4,12.0,0.0004010200500488281,720.0
20260213_151714,GREEDY_CENTRALIZED,8847,1,88470001,100.0,100.0,13,48,4,9,4,20.0,0.0015017986297607422,800.0
20260213_151714,GREEDY_CENTRALIZED,8847,1,88470001,100.0,100.0,14,52,4,12,4,32.0,0.015774011611938477,680.0
20260213_151714,GREEDY_CENTRALIZED,8847,1,88470001,100.0,100.0,15,56,4,10,4,52.0,0.0031409263610839844,980.0
20260213_151714,GREEDY_CENTRALIZED,8847,1,88470001,100.0,100.0,16,60,6,9,4,40.0,0.0015799999237060547,1480.0
20260213_151714,GREEDY_CENTRALIZED,6318,1,63180001,100.0,100.0,1,0,0,1,1,0.0,1.4781951904296875e-5,0.0
20260213_151714,GREEDY_CENTRALIZED,6318,1,63180001,100.0,100.0,2,4,0,1,1,0.0,4.0531158447265625e-6,0.0
20260213_151714,GREEDY_CENTRALIZED,6318,1,63180001,100.0,100.0,3,8,0,2,2,0.0,1.5020370483398438e-5,0.0
20260213_151714,GREEDY_CENTRALIZED,6318,1,63180001,100.0,100.0,4,12,0,3,3,0.0,1.8835067749023438e-5,0.0
20260213_151714,GREEDY_CENTRALIZED,6318,1,63180001,100.0,100.0,5,16,0,1,1,0.0,5.9604644775390625e-6,0.0
20260213_151714,GREEDY_CENTRALIZED,6318,1,63180001,100.0,100.0,6,20,0,7,4,12.0,0.0003638267517089844,1000.0
20260213_151714,GREEDY_CENTRALIZED,6318,1,63180001,100.0,100.0,7,24,1,10,4,24.0,0.0034449100494384766,1000.0
20260213_151714,GREEDY_CENTRALIZED,6318,1,63180001,100.0,100.0,8,28,1,7,4,12.0,0.00037384033203125,1000.0
20260213_151714,GREEDY_CENTRALIZED,6318,1,63180001,100.0,100.0,9,32,3,5,4,4.0,9.202957153320312e-5,333.3333333333333
20260213_151714,GREEDY_CENTRALIZED,6318,1,63180001,100.0,100.0,10,36,4,6,4,8.0,0.000186920166015625,573.3333333333334
20260213_151714,GREEDY_CENTRALIZED,6318,1,63180001,100.0,100.0,11,40,4,8,4,16.0,0.0008020401000976562,720.0
20260213_151714,GREEDY_CENTRALIZED,6318,1,63180001,100.0,100.0,12,44,4,7,4,12.0,0.000392913818359375,720.0
20260213_151714,GREEDY_CENTRALIZED,6318,1,63180001,100.0,100.0,13,48,4,9,4,20.0,0.0014789104461669922,800.0
20260213_151714,GREEDY_CENTRALIZED,6318,1,63180001,100.0,100.0,14,52,4,12,4,32.0,0.011982202529907227,680.0
20260213_151714,GREEDY_CENTRALIZED,6318,1,63180001,100.0,100.0,15,56,4,10,4,52.0,0.0071599483489990234,980.0
20260213_151714,GREEDY_CENTRALIZED,6318,1,63180001,100.0,100.0,16,60,6,9,4,40.0,0.0015368461608886719,1480.0
20260213_151714,GREEDY_CENTRALIZED,7261,1,72610001,100.0,100.0,1,0,0,1,1,0.0,2.6941299438476562e-5,0.0
20260213_151714,GREEDY_CENTRALIZED,7261,1,72610001,100.0,100.0,2,4,0,1,1,0.0,3.0994415283203125e-6,0.0
20260213_151714,GREEDY_CENTRALIZED,7261,1,72610001,100.0,100.0,3,8,0,2,2,0.0,1.3828277587890625e-5,0.0
20260213_151714,GREEDY_CENTRALIZED,7261,1,72610001,100.0,100.0,4,12,0,3,3,0.0,2.4080276489257812e-5,0.0
20260213_151714,GREEDY_CENTRALIZED,7261,1,72610001,100.0,100.0,5,16,0,1,1,0.0,5.0067901611328125e-6,0.0
20260213_151714,GREEDY_CENTRALIZED,7261,1,72610001,100.0,100.0,6,20,0,7,4,12.0,0.0003399848937988281,1000.0
20260213_151714,GREEDY_CENTRALIZED,7261,1,72610001,100.0,100.0,7,24,1,10,4,24.0,0.003400087356567383,1000.0
20260213_151714,GREEDY_CENTRALIZED,7261,1,72610001,100.0,100.0,8,28,1,7,4,12.0,0.00039315223693847656,1000.0
20260213_151714,GREEDY_CENTRALIZED,7261,1,72610001,100.0,100.0,9,32,3,5,4,4.0,8.988380432128906e-5,333.3333333333333
20260213_151714,GREEDY_CENTRALIZED,7261,1,72610001,100.0,100.0,10,36,4,6,4,8.0,0.0001881122589111328,573.3333333333334
20260213_151714,GREEDY_CENTRALIZED,7261,1,72610001,100.0,100.0,11,40,4,8,4,16.0,0.000743865966796875,720.0
20260213_151714,GREEDY_CENTRALIZED,7261,1,72610001,100.0,100.0,12,44,4,7,4,12.0,0.0003941059112548828,720.0
20260213_151714,GREEDY_CENTRALIZED,7261,1,72610001,100.0,100.0,13,48,4,9,4,20.0,0.0014770030975341797,800.0
20260213_151714,GREEDY_CENTRALIZED,7261,1,72610001,100.0,100.0,14,52,4,12,4,32.0,0.015935897827148438,680.0
20260213_151714,GREEDY_CENTRALIZED,7261,1,72610001,100.0,100.0,15,56,4,10,4,52.0,0.0030651092529296875,980.0
20260213_151714,GREEDY_CENTRALIZED,7261,1,72610001,100.0,100.0,16,60,6,9,4,40.0,0.0016179084777832031,1480.0
20260213_151714,GREEDY_CENTRALIZED,3149,1,31490001,100.0,100.0,1,0,0,1,1,0.0,1.4066696166992188e-5,0.0
20260213_151714,GREEDY_CENTRALIZED,3149,1,31490001,100.0,100.0,2,4,0,1,1,0.0,3.0994415283203125e-6,0.0
20260213_151714,GREEDY_CENTRALIZED,3149,1,31490001,100.0,100.0,3,8,0,2,2,0.0,1.5020370483398438e-5,0.0
20260213_151714,GREEDY_CENTRALIZED,3149,1,31490001,100.0,100.0,4,12,0,3,3,0.0,2.384185791015625e-5,0.0
20260213_151714,GREEDY_CENTRALIZED,3149,1,31490001,100.0,100.0,5,16,0,1,1,0.0,4.0531158447265625e-6,0.0
20260213_151714,GREEDY_CENTRALIZED,3149,1,31490001,100.0,100.0,6,20,0,7,4,12.0,0.00037097930908203125,1000.0
20260213_151714,GREEDY_CENTRALIZED,3149,1,31490001,100.0,100.0,7,24,1,10,4,24.0,0.0034029483795166016,1000.0
20260213_151714,GREEDY_CENTRALIZED,3149,1,31490001,100.0,100.0,8,28,1,7,4,12.0,0.0003688335418701172,1000.0
20260213_151714,GREEDY_CENTRALIZED,3149,1,31490001,100.0,100.0,9,32,3,5,4,4.0,8.916854858398438e-5,333.3333333333333
20260213_151714,GREEDY_CENTRALIZED,3149,1,31490001,100.0,100.0,10,36,4,6,4,8.0,0.00018405914306640625,573.3333333333334
20260213_151714,GREEDY_CENTRALIZED,3149,1,31490001,100.0,100.0,11,40,4,8,4,16.0,0.0007829666137695312,720.0
20260213_151714,GREEDY_CENTRALIZED,3149,1,31490001,100.0,100.0,12,44,4,7,4,12.0,0.00038695335388183594,720.0
20260213_151714,GREEDY_CENTRALIZED,3149,1,31490001,100.0,100.0,13,48,4,9,4,20.0,0.001461029052734375,800.0
20260213_151714,GREEDY_CENTRALIZED,3149,1,31490001,100.0,100.0,14,52,4,12,4,32.0,0.01197504997253418,680.0
20260213_151714,GREEDY_CENTRALIZED,3149,1,31490001,100.0,100.0,15,56,4,10,4,52.0,0.007155895233154297,980.0
20260213_151714,GREEDY_CENTRALIZED,3149,1,31490001,100.0,100.0,16,60,6,9,4,40.0,0.0015718936920166016,1480.0
20260213_151714,GREEDY_CENTRALIZED,7427,1,74270001,100.0,100.0,1,0,0,1,1,0.0,1.3113021850585938e-5,0.0
20260213_151714,GREEDY_CENTRALIZED,7427,1,74270001,100.0,100.0,2,4,0,1,1,0.0,4.0531158447265625e-6,0.0
20260213_151714,GREEDY_CENTRALIZED,7427,1,74270001,100.0,100.0,3,8,0,2,2,0.0,1.4066696166992188e-5,0.0
20260213_151714,GREEDY_CENTRALIZED,7427,1,74270001,100.0,100.0,4,12,0,3,3,0.0,2.5033950805664062e-5,0.0
20260213_151714,GREEDY_CENTRALIZED,7427,1,74270001,100.0,100.0,5,16,0,1,1,0.0,5.0067901611328125e-6,0.0
20260213_151714,GREEDY_CENTRALIZED,7427,1,74270001,100.0,100.0,6,20,0,7,4,12.0,0.00041794776916503906,1000.0
20260213_151714,GREEDY_CENTRALIZED,7427,1,74270001,100.0,100.0,7,24,1,10,4,24.0,0.0033638477325439453,1000.0
20260213_151714,GREEDY_CENTRALIZED,7427,1,74270001,100.0,100.0,8,28,1,7,4,12.0,0.00039196014404296875,1000.0
20260213_151714,GREEDY_CENTRALIZED,7427,1,74270001,100.0,100.0,9,32,3,5,4,4.0,9.298324584960938e-5,333.3333333333333
20260213_151714,GREEDY_CENTRALIZED,7427,1,74270001,100.0,100.0,10,36,4,6,4,8.0,0.00018715858459472656,573.3333333333334
20260213_151714,GREEDY_CENTRALIZED,7427,1,74270001,100.0,100.0,11,40,4,8,4,16.0,0.0007491111755371094,720.0
20260213_151714,GREEDY_CENTRALIZED,7427,1,74270001,100.0,100.0,12,44,4,7,4,12.0,0.0003840923309326172,720.0
20260213_151714,GREEDY_CENTRALIZED,7427,1,74270001,100.0,100.0,13,48,4,9,4,20.0,0.0014400482177734375,800.0
20260213_151714,GREEDY_CENTRALIZED,7427,1,74270001,100.0,100.0,14,52,4,12,4,32.0,0.015779972076416016,680.0
20260213_151714,GREEDY_CENTRALIZED,7427,1,74270001,100.0,100.0,15,56,4,10,4,52.0,0.0030260086059570312,980.0
20260213_151714,GREEDY_CENTRALIZED,7427,1,74270001,100.0,100.0,16,60,6,9,4,40.0,0.0015919208526611328,1480.0
20260213_151714,GREEDY_CENTRALIZED,6882,1,68820001,100.0,100.0,1,0,0,1,1,0.0,1.2874603271484375e-5,0.0
20260213_151714,GREEDY_CENTRALIZED,6882,1,68820001,100.0,100.0,2,4,0,1,1,0.0,3.814697265625e-6,0.0
20260213_151714,GREEDY_CENTRALIZED,6882,1,68820001,100.0,100.0,3,8,0,2,2,0.0,1.4066696166992188e-5,0.0
20260213_151714,GREEDY_CENTRALIZED,6882,1,68820001,100.0,100.0,4,12,0,3,3,0.0,2.4080276489257812e-5,0.0
20260213_151714,GREEDY_CENTRALIZED,6882,1,68820001,100.0,100.0,5,16,0,1,1,0.0,4.0531158447265625e-6,0.0
20260213_151714,GREEDY_CENTRALIZED,6882,1,68820001,100.0,100.0,6,20,0,7,4,12.0,0.0003399848937988281,1000.0
20260213_151714,GREEDY_CENTRALIZED,6882,1,68820001,100.0,100.0,7,24,1,10,4,24.0,0.0033371448516845703,1000.0
20260213_151714,GREEDY_CENTRALIZED,6882,1,68820001,100.0,100.0,8,28,1,7,4,12.0,0.00038695335388183594,1000.0
20260213_151714,GREEDY_CENTRALIZED,6882,1,68820001,100.0,100.0,9,32,3,5,4,4.0,8.916854858398438e-5,333.3333333333333
20260213_151714,GREEDY_CENTRALIZED,6882,1,68820001,100.0,100.0,10,36,4,6,4,8.0,0.000186920166015625,573.3333333333334
20260213_151714,GREEDY_CENTRALIZED,6882,1,68820001,100.0,100.0,11,40,4,8,4,16.0,0.0008411407470703125,720.0
20260213_151714,GREEDY_CENTRALIZED,6882,1,68820001,100.0,100.0,12,44,4,7,4,12.0,0.0004038810729980469,720.0
20260213_151714,GREEDY_CENTRALIZED,6882,1,68820001,100.0,100.0,13,48,4,9,4,20.0,0.001444101333618164,800.0
20260213_151714,GREEDY_CENTRALIZED,6882,1,68820001,100.0,100.0,14,52,4,12,4,32.0,0.011923074722290039,680.0
20260213_151714,GREEDY_CENTRALIZED,6882,1,68820001,100.0,100.0,15,56,4,10,4,52.0,0.007215023040771484,980.0
20260213_151714,GREEDY_CENTRALIZED,6882,1,68820001,100.0,100.0,16,60,6,9,4,40.0,0.0015490055084228516,1480.0
20260213_151714,GREEDY_CENTRALIZED,9841,1,98410001,100.0,100.0,1,0,0,1,1,0.0,1.2874603271484375e-5,0.0
20260213_151714,GREEDY_CENTRALIZED,9841,1,98410001,100.0,100.0,2,4,0,1,1,0.0,5.0067901611328125e-6,0.0
20260213_151714,GREEDY_CENTRALIZED,9841,1,98410001,100.0,100.0,3,8,0,2,2,0.0,1.4066696166992188e-5,0.0
20260213_151714,GREEDY_CENTRALIZED,9841,1,98410001,100.0,100.0,4,12,0,3,3,0.0,2.5987625122070312e-5,0.0
20260213_151714,GREEDY_CENTRALIZED,9841,1,98410001,100.0,100.0,5,16,0,1,1,0.0,4.0531158447265625e-6,0.0
20260213_151714,GREEDY_CENTRALIZED,9841,1,98410001,100.0,100.0,6,20,0,7,4,12.0,0.000331878662109375,1000.0
20260213_151714,GREEDY_CENTRALIZED,9841,1,98410001,100.0,100.0,7,24,1,10,4,24.0,0.0033600330352783203,1000.0
20260213_151714,GREEDY_CENTRALIZED,9841,1,98410001,100.0,100.0,8,28,1,7,4,12.0,0.0003669261932373047,1000.0
20260213_151714,GREEDY_CENTRALIZED,9841,1,98410001,100.0,100.0,9,32,3,5,4,4.0,9.012222290039062e-5,333.3333333333333
20260213_151714,GREEDY_CENTRALIZED,9841,1,98410001,100.0,100.0,10,36,4,6,4,8.0,0.00018310546875,573.3333333333334
20260213_151714,GREEDY_CENTRALIZED,9841,1,98410001,100.0,100.0,11,40,4,8,4,16.0,0.0007548332214355469,720.0
20260213_151714,GREEDY_CENTRALIZED,9841,1,98410001,100.0,100.0,12,44,4,7,4,12.0,0.0004057884216308594,720.0
20260213_151714,GREEDY_CENTRALIZED,9841,1,98410001,100.0,100.0,13,48,4,9,4,20.0,0.0014688968658447266,800.0
20260213_151714,GREEDY_CENTRALIZED,9841,1,98410001,100.0,100.0,14,52,4,12,4,32.0,0.015944957733154297,680.0
20260213_151714,GREEDY_CENTRALIZED,9841,1,98410001,100.0,100.0,15,56,4,10,4,52.0,0.0031011104583740234,980.0
20260213_151714,GREEDY_CENTRALIZED,9841,1,98410001,100.0,100.0,16,60,6,9,4,40.0,0.0015728473663330078,1480.0
20260213_151714,GREEDY_CENTRALIZED,6351,1,63510001,100.0,100.0,1,0,0,1,1,0.0,1.4066696166992188e-5,0.0
20260213_151714,GREEDY_CENTRALIZED,6351,1,63510001,100.0,100.0,2,4,0,1,1,0.0,3.0994415283203125e-6,0.0
20260213_151714,GREEDY_CENTRALIZED,6351,1,63510001,100.0,100.0,3,8,0,2,2,0.0,1.5020370483398438e-5,0.0
20260213_151714,GREEDY_CENTRALIZED,6351,1,63510001,100.0,100.0,4,12,0,3,3,0.0,2.4080276489257812e-5,0.0
20260213_151714,GREEDY_CENTRALIZED,6351,1,63510001,100.0,100.0,5,16,0,1,1,0.0,5.0067901611328125e-6,0.0
20260213_151714,GREEDY_CENTRALIZED,6351,1,63510001,100.0,100.0,6,20,0,7,4,12.0,0.0003490447998046875,1000.0
20260213_151714,GREEDY_CENTRALIZED,6351,1,63510001,100.0,100.0,7,24,1,10,4,24.0,0.0033249855041503906,1000.0
20260213_151714,GREEDY_CENTRALIZED,6351,1,63510001,100.0,100.0,8,28,1,7,4,12.0,0.0003631114959716797,1000.0
20260213_151714,GREEDY_CENTRALIZED,6351,1,63510001,100.0,100.0,9,32,3,5,4,4.0,8.916854858398438e-5,333.3333333333333
20260213_151714,GREEDY_CENTRALIZED,6351,1,63510001,100.0,100.0,10,36,4,6,4,8.0,0.00018310546875,573.3333333333334
20260213_151714,GREEDY_CENTRALIZED,6351,1,63510001,100.0,100.0,11,40,4,8,4,16.0,0.0007829666137695312,720.0
20260213_151714,GREEDY_CENTRALIZED,6351,1,63510001,100.0,100.0,12,44,4,7,4,12.0,0.0003910064697265625,720.0
20260213_151714,GREEDY_CENTRALIZED,6351,1,63510001,100.0,100.0,13,48,4,9,4,20.0,0.0015330314636230469,800.0
20260213_151714,GREEDY_CENTRALIZED,6351,1,63510001,100.0,100.0,14,52,4,12,4,32.0,0.012230157852172852,680.0
20260213_151714,GREEDY_CENTRALIZED,6351,1,63510001,100.0,100.0,15,56,4,10,4,52.0,0.007619142532348633,980.0
20260213_151714,GREEDY_CENTRALIZED,6351,1,63510001,100.0,100.0,16,60,6,9,4,40.0,0.0015609264373779297,1480.0
20260213_151714,GREEDY_CENTRALIZED,9611,1,96110001,100.0,100.0,1,0,0,1,1,0.0,1.2874603271484375e-5,0.0
20260213_151714,GREEDY_CENTRALIZED,9611,1,96110001,100.0,100.0,2,4,0,1,1,0.0,5.0067901611328125e-6,0.0
20260213_151714,GREEDY_CENTRALIZED,9611,1,96110001,100.0,100.0,3,8,0,2,2,0.0,1.4066696166992188e-5,0.0
20260213_151714,GREEDY_CENTRALIZED,9611,1,96110001,100.0,100.0,4,12,0,3,3,0.0,1.71661376953125e-5,0.0
20260213_151714,GREEDY_CENTRALIZED,9611,1,96110001,100.0,100.0,5,16,0,1,1,0.0,4.0531158447265625e-6,0.0
20260213_151714,GREEDY_CENTRALIZED,9611,1,96110001,100.0,100.0,6,20,0,7,4,12.0,0.0003428459167480469,1000.0
20260213_151714,GREEDY_CENTRALIZED,9611,1,96110001,100.0,100.0,7,24,1,10,4,24.0,0.0034360885620117188,1000.0
20260213_151714,GREEDY_CENTRALIZED,9611,1,96110001,100.0,100.0,8,28,1,7,4,12.0,0.0003650188446044922,1000.0
20260213_151714,GREEDY_CENTRALIZED,9611,1,96110001,100.0,100.0,9,32,3,5,4,4.0,8.702278137207031e-5,333.3333333333333
20260213_151714,GREEDY_CENTRALIZED,9611,1,96110001,100.0,100.0,10,36,4,6,4,8.0,0.00018405914306640625,573.3333333333334
20260213_151714,GREEDY_CENTRALIZED,9611,1,96110001,100.0,100.0,11,40,4,8,4,16.0,0.0007569789886474609,720.0
20260213_151714,GREEDY_CENTRALIZED,9611,1,96110001,100.0,100.0,12,44,4,7,4,12.0,0.00038504600524902344,720.0
20260213_151714,GREEDY_CENTRALIZED,9611,1,96110001,100.0,100.0,13,48,4,9,4,20.0,0.0014719963073730469,800.0
20260213_151714,GREEDY_CENTRALIZED,9611,1,96110001,100.0,100.0,14,52,4,12,4,32.0,0.011855840682983398,680.0
20260213_151714,GREEDY_CENTRALIZED,9611,1,96110001,100.0,100.0,15,56,4,10,4,52.0,0.006800174713134766,980.0
20260213_151714,GREEDY_CENTRALIZED,9611,1,96110001,100.0,100.0,16,60,6,9,4,40.0,0.0015480518341064453,1480.0
20260213_151714,GREEDY_CENTRALIZED,5178,1,51780001,100.0,100.0,1,0,0,1,1,0.0,1.3113021850585938e-5,0.0
20260213_151714,GREEDY_CENTRALIZED,5178,1,51780001,100.0,100.0,2,4,0,1,1,0.0,4.0531158447265625e-6,0.0
20260213_151714,GREEDY_CENTRALIZED,5178,1,51780001,100.0,100.0,3,8,0,2,2,0.0,1.5974044799804688e-5,0.0
20260213_151714,GREEDY_CENTRALIZED,5178,1,51780001,100.0,100.0,4,12,0,3,3,0.0,1.7881393432617188e-5,0.0
20260213_151714,GREEDY_CENTRALIZED,5178,1,51780001,100.0,100.0,5,16,0,1,1,0.0,4.0531158447265625e-6,0.0
20260213_151714,GREEDY_CENTRALIZED,5178,1,51780001,100.0,100.0,6,20,0,7,4,12.0,0.0003399848937988281,1000.0
20260213_151714,GREEDY_CENTRALIZED,5178,1,51780001,100.0,100.0,7,24,1,10,4,24.0,0.003412008285522461,1000.0
20260213_151714,GREEDY_CENTRALIZED,5178,1,51780001,100.0,100.0,8,28,1,7,4,12.0,0.00036597251892089844,1000.0
20260213_151714,GREEDY_CENTRALIZED,5178,1,51780001,100.0,100.0,9,32,3,5,4,4.0,9.012222290039062e-5,333.3333333333333
20260213_151714,GREEDY_CENTRALIZED,5178,1,51780001,100.0,100.0,10,36,4,6,4,8.0,0.00019693374633789062,573.3333333333334
20260213_151714,GREEDY_CENTRALIZED,5178,1,51780001,100.0,100.0,11,40,4,8,4,16.0,0.0007598400115966797,720.0
20260213_151714,GREEDY_CENTRALIZED,5178,1,51780001,100.0,100.0,12,44,4,7,4,12.0,0.0003838539123535156,720.0
20260213_151714,GREEDY_CENTRALIZED,5178,1,51780001,100.0,100.0,13,48,4,9,4,20.0,0.0014698505401611328,800.0
20260213_151714,GREEDY_CENTRALIZED,5178,1,51780001,100.0,100.0,14,52,4,12,4,32.0,0.01603412628173828,680.0
20260213_151714,GREEDY_CENTRALIZED,5178,1,51780001,100.0,100.0,15,56,4,10,4,52.0,0.003094911575317383,980.0
20260213_151714,GREEDY_CENTRALIZED,5178,1,51780001,100.0,100.0,16,60,6,9,4,40.0,0.0015408992767333984,1480.0
20260213_151714,GREEDY_CENTRALIZED,8915,1,89150001,100.0,100.0,1,0,0,1,1,0.0,1.4066696166992188e-5,0.0
20260213_151714,GREEDY_CENTRALIZED,8915,1,89150001,100.0,100.0,2,4,0,1,1,0.0,4.0531158447265625e-6,0.0
20260213_151714,GREEDY_CENTRALIZED,8915,1,89150001,100.0,100.0,3,8,0,2,2,0.0,1.2874603271484375e-5,0.0
20260213_151714,GREEDY_CENTRALIZED,8915,1,89150001,100.0,100.0,4,12,0,3,3,0.0,2.5987625122070312e-5,0.0
20260213_151714,GREEDY_CENTRALIZED,8915,1,89150001,100.0,100.0,5,16,0,1,1,0.0,9.059906005859375e-6,0.0
20260213_151714,GREEDY_CENTRALIZED,8915,1,89150001,100.0,100.0,6,20,0,7,4,12.0,0.00033283233642578125,1000.0
20260213_151714,GREEDY_CENTRALIZED,8915,1,89150001,100.0,100.0,7,24,1,10,4,24.0,0.003361940383911133,1000.0
20260213_151714,GREEDY_CENTRALIZED,8915,1,89150001,100.0,100.0,8,28,1,7,4,12.0,0.0004191398620605469,1000.0
20260213_151714,GREEDY_CENTRALIZED,8915,1,89150001,100.0,100.0,9,32,3,5,4,4.0,8.988380432128906e-5,333.3333333333333
20260213_151714,GREEDY_CENTRALIZED,8915,1,89150001,100.0,100.0,10,36,4,6,4,8.0,0.00018095970153808594,573.3333333333334
20260213_151714,GREEDY_CENTRALIZED,8915,1,89150001,100.0,100.0,11,40,4,8,4,16.0,0.0007488727569580078,720.0
20260213_151714,GREEDY_CENTRALIZED,8915,1,89150001,100.0,100.0,12,44,4,7,4,12.0,0.0003809928894042969,720.0
20260213_151714,GREEDY_CENTRALIZED,8915,1,89150001,100.0,100.0,13,48,4,9,4,20.0,0.0014581680297851562,800.0
20260213_151714,GREEDY_CENTRALIZED,8915,1,89150001,100.0,100.0,14,52,4,12,4,32.0,0.016205787658691406,680.0
20260213_151714,GREEDY_CENTRALIZED,8915,1,89150001,100.0,100.0,15,56,4,10,4,52.0,0.0030579566955566406,980.0
20260213_151714,GREEDY_CENTRALIZED,8915,1,89150001,100.0,100.0,16,60,6,9,4,40.0,0.0015349388122558594,1480.0
20260213_151714,GREEDY_CENTRALIZED,361,1,3610001,100.0,100.0,1,0,0,1,1,0.0,1.3113021850585938e-5,0.0
20260213_151714,GREEDY_CENTRALIZED,361,1,3610001,100.0,100.0,2,4,0,1,1,0.0,4.0531158447265625e-6,0.0
20260213_151714,GREEDY_CENTRALIZED,361,1,3610001,100.0,100.0,3,8,0,2,2,0.0,1.4066696166992188e-5,0.0
20260213_151714,GREEDY_CENTRALIZED,361,1,3610001,100.0,100.0,4,12,0,3,3,0.0,1.6927719116210938e-5,0.0
20260213_151714,GREEDY_CENTRALIZED,361,1,3610001,100.0,100.0,5,16,0,1,1,0.0,1.1920928955078125e-5,0.0
20260213_151714,GREEDY_CENTRALIZED,361,1,3610001,100.0,100.0,6,20,0,7,4,12.0,0.0003631114959716797,1000.0
20260213_151714,GREEDY_CENTRALIZED,361,1,3610001,100.0,100.0,7,24,1,10,4,24.0,0.003371000289916992,1000.0
20260213_151714,GREEDY_CENTRALIZED,361,1,3610001,100.0,100.0,8,28,1,7,4,12.0,0.00037097930908203125,1000.0
20260213_151714,GREEDY_CENTRALIZED,361,1,3610001,100.0,100.0,9,32,3,5,4,4.0,8.893013000488281e-5,333.3333333333333
20260213_151714,GREEDY_CENTRALIZED,361,1,3610001,100.0,100.0,10,36,4,6,4,8.0,0.0001900196075439453,573.3333333333334
20260213_151714,GREEDY_CENTRALIZED,361,1,3610001,100.0,100.0,11,40,4,8,4,16.0,0.0007519721984863281,720.0
20260213_151714,GREEDY_CENTRALIZED,361,1,3610001,100.0,100.0,12,44,4,7,4,12.0,0.0003948211669921875,720.0
20260213_151714,GREEDY_CENTRALIZED,361,1,3610001,100.0,100.0,13,48,4,9,4,20.0,0.0014600753784179688,800.0
20260213_151714,GREEDY_CENTRALIZED,361,1,3610001,100.0,100.0,14,52,4,12,4,32.0,0.011938095092773438,680.0
20260213_151714,GREEDY_CENTRALIZED,361,1,3610001,100.0,100.0,15,56,4,10,4,52.0,0.00321197509765625,980.0
20260213_151714,GREEDY_CENTRALIZED,361,1,3610001,100.0,100.0,16,60,6,9,4,40.0,0.005836963653564453,1480.0
20260213_151714,GREEDY_CENTRALIZED,3803,1,38030001,100.0,100.0,1,0,0,1,1,0.0,1.1920928955078125e-5,0.0
20260213_151714,GREEDY_CENTRALIZED,3803,1,38030001,100.0,100.0,2,4,0,1,1,0.0,4.0531158447265625e-6,0.0
20260213_151714,GREEDY_CENTRALIZED,3803,1,38030001,100.0,100.0,3,8,0,2,2,0.0,1.5020370483398438e-5,0.0
20260213_151714,GREEDY_CENTRALIZED,3803,1,38030001,100.0,100.0,4,12,0,3,3,0.0,2.3126602172851562e-5,0.0
20260213_151714,GREEDY_CENTRALIZED,3803,1,38030001,100.0,100.0,5,16,0,1,1,0.0,3.0994415283203125e-6,0.0
20260213_151714,GREEDY_CENTRALIZED,3803,1,38030001,100.0,100.0,6,20,0,7,4,12.0,0.0003380775451660156,1000.0
20260213_151714,GREEDY_CENTRALIZED,3803,1,38030001,100.0,100.0,7,24,1,10,4,24.0,0.0033597946166992188,1000.0
20260213_151714,GREEDY_CENTRALIZED,3803,1,38030001,100.0,100.0,8,28,1,7,4,12.0,0.0004298686981201172,1000.0
20260213_151714,GREEDY_CENTRALIZED,3803,1,38030001,100.0,100.0,9,32,3,5,4,4.0,0.00010609626770019531,333.3333333333333
20260213_151714,GREEDY_CENTRALIZED,3803,1,38030001,100.0,100.0,10,36,4,6,4,8.0,0.0001900196075439453,573.3333333333334
20260213_151714,GREEDY_CENTRALIZED,3803,1,38030001,100.0,100.0,11,40,4,8,4,16.0,0.0007469654083251953,720.0
20260213_151714,GREEDY_CENTRALIZED,3803,1,38030001,100.0,100.0,12,44,4,7,4,12.0,0.00038504600524902344,720.0
20260213_151714,GREEDY_CENTRALIZED,3803,1,38030001,100.0,100.0,13,48,4,9,4,20.0,0.0014491081237792969,800.0
20260213_151714,GREEDY_CENTRALIZED,3803,1,38030001,100.0,100.0,14,52,4,12,4,32.0,0.011771917343139648,680.0
20260213_151714,GREEDY_CENTRALIZED,3803,1,38030001,100.0,100.0,15,56,4,10,4,52.0,0.00666499137878418,980.0
20260213_151714,GREEDY_CENTRALIZED,3803,1,38030001,100.0,100.0,16,60,6,9,4,40.0,0.0015690326690673828,1480.0
20260213_151714,GREEDY_CENTRALIZED,1030,1,10300001,100.0,100.0,1,0,0,1,1,0.0,1.2159347534179688e-5,0.0
20260213_151714,GREEDY_CENTRALIZED,1030,1,10300001,100.0,100.0,2,4,0,1,1,0.0,4.0531158447265625e-6,0.0
20260213_151714,GREEDY_CENTRALIZED,1030,1,10300001,100.0,100.0,3,8,0,2,2,0.0,1.5020370483398438e-5,0.0
20260213_151714,GREEDY_CENTRALIZED,1030,1,10300001,100.0,100.0,4,12,0,3,3,0.0,2.193450927734375e-5,0.0
20260213_151714,GREEDY_CENTRALIZED,1030,1,10300001,100.0,100.0,5,16,0,1,1,0.0,4.0531158447265625e-6,0.0
20260213_151714,GREEDY_CENTRALIZED,1030,1,10300001,100.0,100.0,6,20,0,7,4,12.0,0.00033283233642578125,1000.0
20260213_151714,GREEDY_CENTRALIZED,1030,1,10300001,100.0,100.0,7,24,1,10,4,24.0,0.0034110546112060547,1000.0
20260213_151714,GREEDY_CENTRALIZED,1030,1,10300001,100.0,100.0,8,28,1,7,4,12.0,0.00036907196044921875,1000.0
20260213_151714,GREEDY_CENTRALIZED,1030,1,10300001,100.0,100.0,9,32,3,5,4,4.0,9.083747863769531e-5,333.3333333333333
20260213_151714,GREEDY_CENTRALIZED,1030,1,10300001,100.0,100.0,10,36,4,6,4,8.0,0.00018286705017089844,573.3333333333334
20260213_151714,GREEDY_CENTRALIZED,1030,1,10300001,100.0,100.0,11,40,4,8,4,16.0,0.0007619857788085938,720.0
20260213_151714,GREEDY_CENTRALIZED,1030,1,10300001,100.0,100.0,12,44,4,7,4,12.0,0.00038695335388183594,720.0
20260213_151714,GREEDY_CENTRALIZED,1030,1,10300001,100.0,100.0,13,48,4,9,4,20.0,0.001544952392578125,800.0
20260213_151714,GREEDY_CENTRALIZED,1030,1,10300001,100.0,100.0,14,52,4,12,4,32.0,0.016096830368041992,680.0
20260213_151714,GREEDY_CENTRALIZED,1030,1,10300001,100.0,100.0,15,56,4,10,4,52.0,0.0030808448791503906,980.0
20260213_151714,GREEDY_CENTRALIZED,1030,1,10300001,100.0,100.0,16,60,6,9,4,40.0,0.0016849040985107422,1480.0
20260213_151714,GREEDY_CENTRALIZED,6073,1,60730001,100.0,100.0,1,0,0,1,1,0.0,1.9073486328125e-5,0.0
20260213_151714,GREEDY_CENTRALIZED,6073,1,60730001,100.0,100.0,2,4,0,1,1,0.0,4.0531158447265625e-6,0.0
20260213_151714,GREEDY_CENTRALIZED,6073,1,60730001,100.0,100.0,3,8,0,2,2,0.0,1.4066696166992188e-5,0.0
20260213_151714,GREEDY_CENTRALIZED,6073,1,60730001,100.0,100.0,4,12,0,3,3,0.0,1.6927719116210938e-5,0.0
20260213_151714,GREEDY_CENTRALIZED,6073,1,60730001,100.0,100.0,5,16,0,1,1,0.0,4.0531158447265625e-6,0.0
20260213_151714,GREEDY_CENTRALIZED,6073,1,60730001,100.0,100.0,6,20,0,7,4,12.0,0.0003581047058105469,1000.0
20260213_151714,GREEDY_CENTRALIZED,6073,1,60730001,100.0,100.0,7,24,1,10,4,24.0,0.0033850669860839844,1000.0
20260213_151714,GREEDY_CENTRALIZED,6073,1,60730001,100.0,100.0,8,28,1,7,4,12.0,0.00038814544677734375,1000.0
20260213_151714,GREEDY_CENTRALIZED,6073,1,60730001,100.0,100.0,9,32,3,5,4,4.0,9.107589721679688e-5,333.3333333333333
20260213_151714,GREEDY_CENTRALIZED,6073,1,60730001,100.0,100.0,10,36,4,6,4,8.0,0.000186920166015625,573.3333333333334
20260213_151714,GREEDY_CENTRALIZED,6073,1,60730001,100.0,100.0,11,40,4,8,4,16.0,0.0007710456848144531,720.0
20260213_151714,GREEDY_CENTRALIZED,6073,1,60730001,100.0,100.0,12,44,4,7,4,12.0,0.0004229545593261719,720.0
20260213_151714,GREEDY_CENTRALIZED,6073,1,60730001,100.0,100.0,13,48,4,9,4,20.0,0.0014901161193847656,800.0
20260213_151714,GREEDY_CENTRALIZED,6073,1,60730001,100.0,100.0,14,52,4,12,4,32.0,0.012204885482788086,680.0
20260213_151714,GREEDY_CENTRALIZED,6073,1,60730001,100.0,100.0,15,56,4,10,4,52.0,0.0071489810943603516,980.0
20260213_151714,GREEDY_CENTRALIZED,6073,1,60730001,100.0,100.0,16,60,6,9,4,40.0,0.0015349388122558594,1480.0
20260213_151714,GREEDY_CENTRALIZED,532,1,5320001,100.0,100.0,1,0,0,1,1,0.0,1.2874603271484375e-5,0.0
20260213_151714,GREEDY_CENTRALIZED,532,1,5320001,100.0,100.0,2,4,0,1,1,0.0,4.0531158447265625e-6,0.0
20260213_151714,GREEDY_CENTRALIZED,532,1,5320001,100.0,100.0,3,8,0,2,2,0.0,1.5020370483398438e-5,0.0
20260213_151714,GREEDY_CENTRALIZED,532,1,5320001,100.0,100.0,4,12,0,3,3,0.0,1.6927719116210938e-5,0.0
20260213_151714,GREEDY_CENTRALIZED,532,1,5320001,100.0,100.0,5,16,0,1,1,0.0,5.0067901611328125e-6,0.0
20260213_151714,GREEDY_CENTRALIZED,532,1,5320001,100.0,100.0,6,20,0,7,4,12.0,0.0003428459167480469,1000.0
20260213_151714,GREEDY_CENTRALIZED,532,1,5320001,100.0,100.0,7,24,1,10,4,24.0,0.0033419132232666016,1000.0
20260213_151714,GREEDY_CENTRALIZED,532,1,5320001,100.0,100.0,8,28,1,7,4,12.0,0.0003981590270996094,1000.0
20260213_151714,GREEDY_CENTRALIZED,532,1,5320001,100.0,100.0,9,32,3,5,4,4.0,9.179115295410156e-5,333.3333333333333
20260213_151714,GREEDY_CENTRALIZED,532,1,5320001,100.0,100.0,10,36,4,6,4,8.0,0.000186920166015625,573.3333333333334
20260213_151714,GREEDY_CENTRALIZED,532,1,5320001,100.0,100.0,11,40,4,8,4,16.0,0.0007860660552978516,720.0
20260213_151714,GREEDY_CENTRALIZED,532,1,5320001,100.0,100.0,12,44,4,7,4,12.0,0.0003819465637207031,720.0
20260213_151714,GREEDY_CENTRALIZED,532,1,5320001,100.0,100.0,13,48,4,9,4,20.0,0.0014541149139404297,800.0
20260213_151714,GREEDY_CENTRALIZED,532,1,5320001,100.0,100.0,14,52,4,12,4,32.0,0.01196599006652832,680.0
20260213_151714,GREEDY_CENTRALIZED,532,1,5320001,100.0,100.0,15,56,4,10,4,52.0,0.006971120834350586,980.0
20260213_151714,GREEDY_CENTRALIZED,532,1,5320001,100.0,100.0,16,60,6,9,4,40.0,0.0015270709991455078,1480.0
20260213_151714,GREEDY_CENTRALIZED,9099,1,90990001,100.0,100.0,1,0,0,1,1,0.0,1.2874603271484375e-5,0.0
20260213_151714,GREEDY_CENTRALIZED,9099,1,90990001,100.0,100.0,2,4,0,1,1,0.0,4.0531158447265625e-6,0.0
20260213_151714,GREEDY_CENTRALIZED,9099,1,90990001,100.0,100.0,3,8,0,2,2,0.0,1.5020370483398438e-5,0.0
20260213_151714,GREEDY_CENTRALIZED,9099,1,90990001,100.0,100.0,4,12,0,3,3,0.0,2.4080276489257812e-5,0.0
20260213_151714,GREEDY_CENTRALIZED,9099,1,90990001,100.0,100.0,5,16,0,1,1,0.0,5.0067901611328125e-6,0.0
20260213_151714,GREEDY_CENTRALIZED,9099,1,90990001,100.0,100.0,6,20,0,7,4,12.0,0.00034308433532714844,1000.0
20260213_151714,GREEDY_CENTRALIZED,9099,1,90990001,100.0,100.0,7,24,1,10,4,24.0,0.0034410953521728516,1000.0
20260213_151714,GREEDY_CENTRALIZED,9099,1,90990001,100.0,100.0,8,28,1,7,4,12.0,0.00036406517028808594,1000.0
20260213_151714,GREEDY_CENTRALIZED,9099,1,90990001,100.0,100.0,9,32,3,5,4,4.0,8.988380432128906e-5,333.3333333333333
20260213_151714,GREEDY_CENTRALIZED,9099,1,90990001,100.0,100.0,10,36,4,6,4,8.0,0.0001838207244873047,573.3333333333334
20260213_151714,GREEDY_CENTRALIZED,9099,1,90990001,100.0,100.0,11,40,4,8,4,16.0,0.0007419586181640625,720.0
20260213_151714,GREEDY_CENTRALIZED,9099,1,90990001,100.0,100.0,12,44,4,7,4,12.0,0.0003848075866699219,720.0
20260213_151714,GREEDY_CENTRALIZED,9099,1,90990001,100.0,100.0,13,48,4,9,4,20.0,0.001461029052734375,800.0
20260213_151714,GREEDY_CENTRALIZED,9099,1,90990001,100.0,100.0,14,52,4,12,4,32.0,0.011878013610839844,680.0
20260213_151714,GREEDY_CENTRALIZED,9099,1,90990001,100.0,100.0,15,56,4,10,4,52.0,0.006700992584228516,980.0
20260213_151714,GREEDY_CENTRALIZED,9099,1,90990001,100.0,100.0,16,60,6,9,4,40.0,0.001528024673461914,1480.0
20260213_151714,GREEDY_CENTRALIZED,3999,1,39990001,100.0,100.0,1,0,0,1,1,0.0,1.3113021850585938e-5,0.0
20260213_151714,GREEDY_CENTRALIZED,3999,1,39990001,100.0,100.0,2,4,0,1,1,0.0,4.0531158447265625e-6,0.0
20260213_151714,GREEDY_CENTRALIZED,3999,1,39990001,100.0,100.0,3,8,0,2,2,0.0,1.5020370483398438e-5,0.0
20260213_151714,GREEDY_CENTRALIZED,3999,1,39990001,100.0,100.0,4,12,0,3,3,0.0,2.5033950805664062e-5,0.0
20260213_151714,GREEDY_CENTRALIZED,3999,1,39990001,100.0,100.0,5,16,0,1,1,0.0,3.814697265625e-6,0.0
20260213_151714,GREEDY_CENTRALIZED,3999,1,39990001,100.0,100.0,6,20,0,7,4,12.0,0.0003371238708496094,1000.0
20260213_151714,GREEDY_CENTRALIZED,3999,1,39990001,100.0,100.0,7,24,1,10,4,24.0,0.0034379959106445312,1000.0
20260213_151714,GREEDY_CENTRALIZED,3999,1,39990001,100.0,100.0,8,28,1,7,4,12.0,0.0003609657287597656,1000.0
20260213_151714,GREEDY_CENTRALIZED,3999,1,39990001,100.0,100.0,9,32,3,5,4,4.0,8.797645568847656e-5,333.3333333333333
20260213_151714,GREEDY_CENTRALIZED,3999,1,39990001,100.0,100.0,10,36,4,6,4,8.0,0.0001862049102783203,573.3333333333334
20260213_151714,GREEDY_CENTRALIZED,3999,1,39990001,100.0,100.0,11,40,4,8,4,16.0,0.0007431507110595703,720.0
20260213_151714,GREEDY_CENTRALIZED,3999,1,39990001,100.0,100.0,12,44,4,7,4,12.0,0.0004100799560546875,720.0
20260213_151714,GREEDY_CENTRALIZED,3999,1,39990001,100.0,100.0,13,48,4,9,4,20.0,0.0014641284942626953,800.0
20260213_151714,GREEDY_CENTRALIZED,3999,1,39990001,100.0,100.0,14,52,4,12,4,32.0,0.016008853912353516,680.0
20260213_151714,GREEDY_CENTRALIZED,3999,1,39990001,100.0,100.0,15,56,4,10,4,52.0,0.0030951499938964844,980.0
20260213_151714,GREEDY_CENTRALIZED,3999,1,39990001,100.0,100.0,16,60,6,9,4,40.0,0.0015490055084228516,1480.0
20260213_151714,GREEDY_CENTRALIZED,9370,1,93700001,100.0,100.0,1,0,0,1,1,0.0,1.4066696166992188e-5,0.0
20260213_151714,GREEDY_CENTRALIZED,9370,1,93700001,100.0,100.0,2,4,0,1,1,0.0,4.0531158447265625e-6,0.0
20260213_151714,GREEDY_CENTRALIZED,9370,1,93700001,100.0,100.0,3,8,0,2,2,0.0,1.5020370483398438e-5,0.0
20260213_151714,GREEDY_CENTRALIZED,9370,1,93700001,100.0,100.0,4,12,0,3,3,0.0,1.6927719116210938e-5,0.0
20260213_151714,GREEDY_CENTRALIZED,9370,1,93700001,100.0,100.0,5,16,0,1,1,0.0,3.814697265625e-6,0.0
20260213_151714,GREEDY_CENTRALIZED,9370,1,93700001,100.0,100.0,6,20,0,7,4,12.0,0.0003428459167480469,1000.0
20260213_151714,GREEDY_CENTRALIZED,9370,1,93700001,100.0,100.0,7,24,1,10,4,24.0,0.0033559799194335938,1000.0
20260213_151714,GREEDY_CENTRALIZED,9370,1,93700001,100.0,100.0,8,28,1,7,4,12.0,0.00036787986755371094,1000.0
20260213_151714,GREEDY_CENTRALIZED,9370,1,93700001,100.0,100.0,9,32,3,5,4,4.0,9.107589721679688e-5,333.3333333333333
20260213_151714,GREEDY_CENTRALIZED,9370,1,93700001,100.0,100.0,10,36,4,6,4,8.0,0.0001850128173828125,573.3333333333334
20260213_151714,GREEDY_CENTRALIZED,9370,1,93700001,100.0,100.0,11,40,4,8,4,16.0,0.0007610321044921875,720.0
20260213_151714,GREEDY_CENTRALIZED,9370,1,93700001,100.0,100.0,12,44,4,7,4,12.0,0.00038886070251464844,720.0
20260213_151714,GREEDY_CENTRALIZED,9370,1,93700001,100.0,100.0,13,48,4,9,4,20.0,0.0014538764953613281,800.0
20260213_151714,GREEDY_CENTRALIZED,9370,1,93700001,100.0,100.0,14,52,4,12,4,32.0,0.011880159378051758,680.0
20260213_151714,GREEDY_CENTRALIZED,9370,1,93700001,100.0,100.0,15,56,4,10,4,52.0,0.007211923599243164,980.0
20260213_151714,GREEDY_CENTRALIZED,9370,1,93700001,100.0,100.0,16,60,6,9,4,40.0,0.0015709400177001953,1480.0
20260213_151714,GREEDY_CENTRALIZED,5010,1,50100001,100.0,100.0,1,0,0,1,1,0.0,1.5020370483398438e-5,0.0
20260213_151714,GREEDY_CENTRALIZED,5010,1,50100001,100.0,100.0,2,4,0,1,1,0.0,4.0531158447265625e-6,0.0
20260213_151714,GREEDY_CENTRALIZED,5010,1,50100001,100.0,100.0,3,8,0,2,2,0.0,1.5974044799804688e-5,0.0
20260213_151714,GREEDY_CENTRALIZED,5010,1,50100001,100.0,100.0,4,12,0,3,3,0.0,2.7179718017578125e-5,0.0
20260213_151714,GREEDY_CENTRALIZED,5010,1,50100001,100.0,100.0,5,16,0,1,1,0.0,1.0013580322265625e-5,0.0
20260213_151714,GREEDY_CENTRALIZED,5010,1,50100001,100.0,100.0,6,20,0,7,4,12.0,0.0003330707550048828,1000.0
20260213_151714,GREEDY_CENTRALIZED,5010,1,50100001,100.0,100.0,7,24,1,10,4,24.0,0.0034711360931396484,1000.0
20260213_151714,GREEDY_CENTRALIZED,5010,1,50100001,100.0,100.0,8,28,1,7,4,12.0,0.00036597251892089844,1000.0
20260213_151714,GREEDY_CENTRALIZED,5010,1,50100001,100.0,100.0,9,32,3,5,4,4.0,9.298324584960938e-5,333.3333333333333
20260213_151714,GREEDY_CENTRALIZED,5010,1,50100001,100.0,100.0,10,36,4,6,4,8.0,0.0002009868621826172,573.3333333333334
20260213_151714,GREEDY_CENTRALIZED,5010,1,50100001,100.0,100.0,11,40,4,8,4,16.0,0.0007519721984863281,720.0
20260213_151714,GREEDY_CENTRALIZED,5010,1,50100001,100.0,100.0,12,44,4,7,4,12.0,0.0003840923309326172,720.0
20260213_151714,GREEDY_CENTRALIZED,5010,1,50100001,100.0,100.0,13,48,4,9,4,20.0,0.0014569759368896484,800.0
20260213_151714,GREEDY_CENTRALIZED,5010,1,50100001,100.0,100.0,14,52,4,12,4,32.0,0.012006998062133789,680.0
20260213_151714,GREEDY_CENTRALIZED,5010,1,50100001,100.0,100.0,15,56,4,10,4,52.0,0.0069119930267333984,980.0
20260213_151714,GREEDY_CENTRALIZED,5010,1,50100001,100.0,100.0,16,60,6,9,4,40.0,0.0015192031860351562,1480.0
20260213_151714,GREEDY_CENTRALIZED,7048,1,70480001,100.0,100.0,1,0,0,1,1,0.0,1.2874603271484375e-5,0.0
20260213_151714,GREEDY_CENTRALIZED,7048,1,70480001,100.0,100.0,2,4,0,1,1,0.0,4.0531158447265625e-6,0.0
20260213_151714,GREEDY_CENTRALIZED,7048,1,70480001,100.0,100.0,3,8,0,2,2,0.0,1.5020370483398438e-5,0.0
20260213_151714,GREEDY_CENTRALIZED,7048,1,70480001,100.0,100.0,4,12,0,3,3,0.0,2.47955322265625e-5,0.0
20260213_151714,GREEDY_CENTRALIZED,7048,1,70480001,100.0,100.0,5,16,0,1,1,0.0,4.0531158447265625e-6,0.0
20260213_151714,GREEDY_CENTRALIZED,7048,1,70480001,100.0,100.0,6,20,0,7,4,12.0,0.00034308433532714844,1000.0
20260213_151714,GREEDY_CENTRALIZED,7048,1,70480001,100.0,100.0,7,24,1,10,4,24.0,0.0033681392669677734,1000.0
20260213_151714,GREEDY_CENTRALIZED,7048,1,70480001,100.0,100.0,8,28,1,7,4,12.0,0.00036406517028808594,1000.0
20260213_151714,GREEDY_CENTRALIZED,7048,1,70480001,100.0,100.0,9,32,3,5,4,4.0,8.678436279296875e-5,333.3333333333333
20260213_151714,GREEDY_CENTRALIZED,7048,1,70480001,100.0,100.0,10,36,4,6,4,8.0,0.00020194053649902344,573.3333333333334
20260213_151714,GREEDY_CENTRALIZED,7048,1,70480001,100.0,100.0,11,40,4,8,4,16.0,0.0007491111755371094,720.0
20260213_151714,GREEDY_CENTRALIZED,7048,1,70480001,100.0,100.0,12,44,4,7,4,12.0,0.00042700767517089844,720.0
20260213_151714,GREEDY_CENTRALIZED,7048,1,70480001,100.0,100.0,13,48,4,9,4,20.0,0.0015208721160888672,800.0
20260213_151714,GREEDY_CENTRALIZED,7048,1,70480001,100.0,100.0,14,52,4,12,4,32.0,0.01611495018005371,680.0
20260213_151714,GREEDY_CENTRALIZED,7048,1,70480001,100.0,100.0,15,56,4,10,4,52.0,0.0030660629272460938,980.0
20260213_151714,GREEDY_CENTRALIZED,7048,1,70480001,100.0,100.0,16,60,6,9,4,40.0,0.0016009807586669922,1480.0
20260213_151714,GREEDY_CENTRALIZED,4111,1,41110001,100.0,100.0,1,0,0,1,1,0.0,1.5020370483398438e-5,0.0
20260213_151714,GREEDY_CENTRALIZED,4111,1,41110001,100.0,100.0,2,4,0,1,1,0.0,3.814697265625e-6,0.0
20260213_151714,GREEDY_CENTRALIZED,4111,1,41110001,100.0,100.0,3,8,0,2,2,0.0,1.5020370483398438e-5,0.0
20260213_151714,GREEDY_CENTRALIZED,4111,1,41110001,100.0,100.0,4,12,0,3,3,0.0,1.8835067749023438e-5,0.0
20260213_151714,GREEDY_CENTRALIZED,4111,1,41110001,100.0,100.0,5,16,0,1,1,0.0,5.9604644775390625e-6,0.0
20260213_151714,GREEDY_CENTRALIZED,4111,1,41110001,100.0,100.0,6,20,0,7,4,12.0,0.0003571510314941406,1000.0
20260213_151714,GREEDY_CENTRALIZED,4111,1,41110001,100.0,100.0,7,24,1,10,4,24.0,0.0033800601959228516,1000.0
20260213_151714,GREEDY_CENTRALIZED,4111,1,41110001,100.0,100.0,8,28,1,7,4,12.0,0.0003769397735595703,1000.0
20260213_151714,GREEDY_CENTRALIZED,4111,1,41110001,100.0,100.0,9,32,3,5,4,4.0,9.298324584960938e-5,333.3333333333333
20260213_151714,GREEDY_CENTRALIZED,4111,1,41110001,100.0,100.0,10,36,4,6,4,8.0,0.0001938343048095703,573.3333333333334
20260213_151714,GREEDY_CENTRALIZED,4111,1,41110001,100.0,100.0,11,40,4,8,4,16.0,0.0008230209350585938,720.0
20260213_151714,GREEDY_CENTRALIZED,4111,1,41110001,100.0,100.0,12,44,4,7,4,12.0,0.00039196014404296875,720.0
20260213_151714,GREEDY_CENTRALIZED,4111,1,41110001,100.0,100.0,13,48,4,9,4,20.0,0.0014889240264892578,800.0
20260213_151714,GREEDY_CENTRALIZED,4111,1,41110001,100.0,100.0,14,52,4,12,4,32.0,0.012047052383422852,680.0
20260213_151714,GREEDY_CENTRALIZED,4111,1,41110001,100.0,100.0,15,56,4,10,4,52.0,0.003103017807006836,980.0
20260213_151714,GREEDY_CENTRALIZED,4111,1,41110001,100.0,100.0,16,60,6,9,4,40.0,0.005820035934448242,1480.0
20260213_151714,GREEDY_CENTRALIZED,2921,1,29210001,100.0,100.0,1,0,0,1,1,0.0,1.2874603271484375e-5,0.0
20260213_151714,GREEDY_CENTRALIZED,2921,1,29210001,100.0,100.0,2,4,0,1,1,0.0,4.0531158447265625e-6,0.0
20260213_151714,GREEDY_CENTRALIZED,2921,1,29210001,100.0,100.0,3,8,0,2,2,0.0,1.5020370483398438e-5,0.0
20260213_151714,GREEDY_CENTRALIZED,2921,1,29210001,100.0,100.0,4,12,0,3,3,0.0,1.6927719116210938e-5,0.0
20260213_151714,GREEDY_CENTRALIZED,2921,1,29210001,100.0,100.0,5,16,0,1,1,0.0,5.0067901611328125e-6,0.0
20260213_151714,GREEDY_CENTRALIZED,2921,1,29210001,100.0,100.0,6,20,0,7,4,12.0,0.0003578662872314453,1000.0
20260213_151714,GREEDY_CENTRALIZED,2921,1,29210001,100.0,100.0,7,24,1,10,4,24.0,0.003364086151123047,1000.0
20260213_151714,GREEDY_CENTRALIZED,2921,1,29210001,100.0,100.0,8,28,1,7,4,12.0,0.00036597251892089844,1000.0
20260213_151714,GREEDY_CENTRALIZED,2921,1,29210001,100.0,100.0,9,32,3,5,4,4.0,9.107589721679688e-5,333.3333333333333
20260213_151714,GREEDY_CENTRALIZED,2921,1,29210001,100.0,100.0,10,36,4,6,4,8.0,0.0001900196075439453,573.3333333333334
20260213_151714,GREEDY_CENTRALIZED,2921,1,29210001,100.0,100.0,11,40,4,8,4,16.0,0.0007369518280029297,720.0
20260213_151714,GREEDY_CENTRALIZED,2921,1,29210001,100.0,100.0,12,44,4,7,4,12.0,0.0004150867462158203,720.0
20260213_151714,GREEDY_CENTRALIZED,2921,1,29210001,100.0,100.0,13,48,4,9,4,20.0,0.0014529228210449219,800.0
20260213_151714,GREEDY_CENTRALIZED,2921,1,29210001,100.0,100.0,14,52,4,12,4,32.0,0.011837959289550781,680.0
20260213_151714,GREEDY_CENTRALIZED,2921,1,29210001,100.0,100.0,15,56,4,10,4,52.0,0.006741046905517578,980.0
20260213_151714,GREEDY_CENTRALIZED,2921,1,29210001,100.0,100.0,16,60,6,9,4,40.0,0.0015959739685058594,1480.0
20260213_151714,GREEDY_CENTRALIZED,8503,1,85030001,100.0,100.0,1,0,0,1,1,0.0,1.4066696166992188e-5,0.0
20260213_151714,GREEDY_CENTRALIZED,8503,1,85030001,100.0,100.0,2,4,0,1,1,0.0,5.0067901611328125e-6,0.0
20260213_151714,GREEDY_CENTRALIZED,8503,1,85030001,100.0,100.0,3,8,0,2,2,0.0,1.5020370483398438e-5,0.0
20260213_151714,GREEDY_CENTRALIZED,8503,1,85030001,100.0,100.0,4,12,0,3,3,0.0,2.5987625122070312e-5,0.0
20260213_151714,GREEDY_CENTRALIZED,8503,1,85030001,100.0,100.0,5,16,0,1,1,0.0,4.0531158447265625e-6,0.0
20260213_151714,GREEDY_CENTRALIZED,8503,1,85030001,100.0,100.0,6,20,0,7,4,12.0,0.00034499168395996094,1000.0
20260213_151714,GREEDY_CENTRALIZED,8503,1,85030001,100.0,100.0,7,24,1,10,4,24.0,0.0034410953521728516,1000.0
20260213_151714,GREEDY_CENTRALIZED,8503,1,85030001,100.0,100.0,8,28,1,7,4,12.0,0.0004038810729980469,1000.0
20260213_151714,GREEDY_CENTRALIZED,8503,1,85030001,100.0,100.0,9,32,3,5,4,4.0,9.012222290039062e-5,333.3333333333333
20260213_151714,GREEDY_CENTRALIZED,8503,1,85030001,100.0,100.0,10,36,4,6,4,8.0,0.0001800060272216797,573.3333333333334
20260213_151714,GREEDY_CENTRALIZED,8503,1,85030001,100.0,100.0,11,40,4,8,4,16.0,0.000743865966796875,720.0
20260213_151714,GREEDY_CENTRALIZED,8503,1,85030001,100.0,100.0,12,44,4,7,4,12.0,0.0003800392150878906,720.0
20260213_151714,GREEDY_CENTRALIZED,8503,1,85030001,100.0,100.0,13,48,4,9,4,20.0,0.0014700889587402344,800.0
20260213_151714,GREEDY_CENTRALIZED,8503,1,85030001,100.0,100.0,14,52,4,12,4,32.0,0.011795997619628906,680.0
20260213_151714,GREEDY_CENTRALIZED,8503,1,85030001,100.0,100.0,15,56,4,10,4,52.0,0.006840944290161133,980.0
20260213_151714,GREEDY_CENTRALIZED,8503,1,85030001,100.0,100.0,16,60,6,9,4,40.0,0.0015380382537841797,1480.0
20260213_151714,GREEDY_CENTRALIZED,4576,1,45760001,100.0,100.0,1,0,0,1,1,0.0,1.2874603271484375e-5,0.0
20260213_151714,GREEDY_CENTRALIZED,4576,1,45760001,100.0,100.0,2,4,0,1,1,0.0,4.0531158447265625e-6,0.0
20260213_151714,GREEDY_CENTRALIZED,4576,1,45760001,100.0,100.0,3,8,0,2,2,0.0,1.4066696166992188e-5,0.0
20260213_151714,GREEDY_CENTRALIZED,4576,1,45760001,100.0,100.0,4,12,0,3,3,0.0,2.9087066650390625e-5,0.0
20260213_151714,GREEDY_CENTRALIZED,4576,1,45760001,100.0,100.0,5,16,0,1,1,0.0,1.0013580322265625e-5,0.0
20260213_151714,GREEDY_CENTRALIZED,4576,1,45760001,100.0,100.0,6,20,0,7,4,12.0,0.00034999847412109375,1000.0
20260213_151714,GREEDY_CENTRALIZED,4576,1,45760001,100.0,100.0,7,24,1,10,4,24.0,0.0034558773040771484,1000.0
20260213_151714,GREEDY_CENTRALIZED,4576,1,45760001,100.0,100.0,8,28,1,7,4,12.0,0.00036787986755371094,1000.0
20260213_151714,GREEDY_CENTRALIZED,4576,1,45760001,100.0,100.0,9,32,3,5,4,4.0,9.012222290039062e-5,333.3333333333333
20260213_151714,GREEDY_CENTRALIZED,4576,1,45760001,100.0,100.0,10,36,4,6,4,8.0,0.00018215179443359375,573.3333333333334
20260213_151714,GREEDY_CENTRALIZED,4576,1,45760001,100.0,100.0,11,40,4,8,4,16.0,0.0007708072662353516,720.0
20260213_151714,GREEDY_CENTRALIZED,4576,1,45760001,100.0,100.0,12,44,4,7,4,12.0,0.0003838539123535156,720.0
20260213_151714,GREEDY_CENTRALIZED,4576,1,45760001,100.0,100.0,13,48,4,9,4,20.0,0.00146484375,800.0
20260213_151714,GREEDY_CENTRALIZED,4576,1,45760001,100.0,100.0,14,52,4,12,4,32.0,0.015684843063354492,680.0
20260213_151714,GREEDY_CENTRALIZED,4576,1,45760001,100.0,100.0,15,56,4,10,4,52.0,0.0031218528747558594,980.0
20260213_151714,GREEDY_CENTRALIZED,4576,1,45760001,100.0,100.0,16,60,6,9,4,40.0,0.0015511512756347656,1480.0
20260213_151714,GREEDY_CENTRALIZED,4863,1,48630001,100.0,100.0,1,0,0,1,1,0.0,1.2874603271484375e-5,0.0
20260213_151714,GREEDY_CENTRALIZED,4863,1,48630001,100.0,100.0,2,4,0,1,1,0.0,3.814697265625e-6,0.0
20260213_151714,GREEDY_CENTRALIZED,4863,1,48630001,100.0,100.0,3,8,0,2,2,0.0,1.4066696166992188e-5,0.0
20260213_151714,GREEDY_CENTRALIZED,4863,1,48630001,100.0,100.0,4,12,0,3,3,0.0,2.384185791015625e-5,0.0
20260213_151714,GREEDY_CENTRALIZED,4863,1,48630001,100.0,100.0,5,16,0,1,1,0.0,5.9604644775390625e-6,0.0
20260213_151714,GREEDY_CENTRALIZED,4863,1,48630001,100.0,100.0,6,20,0,7,4,12.0,0.0003368854522705078,1000.0
20260213_151714,GREEDY_CENTRALIZED,4863,1,48630001,100.0,100.0,7,24,1,10,4,24.0,0.0033469200134277344,1000.0
20260213_151714,GREEDY_CENTRALIZED,4863,1,48630001,100.0,100.0,8,28,1,7,4,12.0,0.00036978721618652344,1000.0
20260213_151714,GREEDY_CENTRALIZED,4863,1,48630001,100.0,100.0,9,32,3,5,4,4.0,0.00011420249938964844,333.3333333333333
20260213_151714,GREEDY_CENTRALIZED,4863,1,48630001,100.0,100.0,10,36,4,6,4,8.0,0.00018906593322753906,573.3333333333334
20260213_151714,GREEDY_CENTRALIZED,4863,1,48630001,100.0,100.0,11,40,4,8,4,16.0,0.0007510185241699219,720.0
20260213_151714,GREEDY_CENTRALIZED,4863,1,48630001,100.0,100.0,12,44,4,7,4,12.0,0.00038695335388183594,720.0
20260213_151714,GREEDY_CENTRALIZED,4863,1,48630001,100.0,100.0,13,48,4,9,4,20.0,0.001447916030883789,800.0
20260213_151714,GREEDY_CENTRALIZED,4863,1,48630001,100.0,100.0,14,52,4,12,4,32.0,0.011945009231567383,680.0
20260213_151714,GREEDY_CENTRALIZED,4863,1,48630001,100.0,100.0,15,56,4,10,4,52.0,0.0073490142822265625,980.0
20260213_151714,GREEDY_CENTRALIZED,4863,1,48630001,100.0,100.0,16,60,6,9,4,40.0,0.0015490055084228516,1480.0
20260213_151714,GREEDY_CENTRALIZED,1157,1,11570001,100.0,100.0,1,0,0,1,1,0.0,1.1920928955078125e-5,0.0
20260213_151714,GREEDY_CENTRALIZED,1157,1,11570001,100.0,100.0,2,4,0,1,1,0.0,3.814697265625e-6,0.0
20260213_151714,GREEDY_CENTRALIZED,1157,1,11570001,100.0,100.0,3,8,0,2,2,0.0,1.4066696166992188e-5,0.0
20260213_151714,GREEDY_CENTRALIZED,1157,1,11570001,100.0,100.0,4,12,0,3,3,0.0,2.4080276489257812e-5,0.0
20260213_151714,GREEDY_CENTRALIZED,1157,1,11570001,100.0,100.0,5,16,0,1,1,0.0,5.0067901611328125e-6,0.0
20260213_151714,GREEDY_CENTRALIZED,1157,1,11570001,100.0,100.0,6,20,0,7,4,12.0,0.0003368854522705078,1000.0
20260213_151714,GREEDY_CENTRALIZED,1157,1,11570001,100.0,100.0,7,24,1,10,4,24.0,0.0034499168395996094,1000.0
20260213_151714,GREEDY_CENTRALIZED,1157,1,11570001,100.0,100.0,8,28,1,7,4,12.0,0.0003631114959716797,1000.0
20260213_151714,GREEDY_CENTRALIZED,1157,1,11570001,100.0,100.0,9,32,3,5,4,4.0,8.988380432128906e-5,333.3333333333333
20260213_151714,GREEDY_CENTRALIZED,1157,1,11570001,100.0,100.0,10,36,4,6,4,8.0,0.00020599365234375,573.3333333333334
20260213_151714,GREEDY_CENTRALIZED,1157,1,11570001,100.0,100.0,11,40,4,8,4,16.0,0.0007688999176025391,720.0
20260213_151714,GREEDY_CENTRALIZED,1157,1,11570001,100.0,100.0,12,44,4,7,4,12.0,0.0003838539123535156,720.0
20260213_151714,GREEDY_CENTRALIZED,1157,1,11570001,100.0,100.0,13,48,4,9,4,20.0,0.0014388561248779297,800.0
20260213_151714,GREEDY_CENTRALIZED,1157,1,11570001,100.0,100.0,14,52,4,12,4,32.0,0.01184701919555664,680.0
20260213_151714,GREEDY_CENTRALIZED,1157,1,11570001,100.0,100.0,15,56,4,10,4,52.0,0.007066965103149414,980.0
20260213_151714,GREEDY_CENTRALIZED,1157,1,11570001,100.0,100.0,16,60,6,9,4,40.0,0.0016071796417236328,1480.0
20260213_151714,GREEDY_CENTRALIZED,7445,1,74450001,100.0,100.0,1,0,0,1,1,0.0,1.3828277587890625e-5,0.0
20260213_151714,GREEDY_CENTRALIZED,7445,1,74450001,100.0,100.0,2,4,0,1,1,0.0,4.0531158447265625e-6,0.0
20260213_151714,GREEDY_CENTRALIZED,7445,1,74450001,100.0,100.0,3,8,0,2,2,0.0,1.5020370483398438e-5,0.0
20260213_151714,GREEDY_CENTRALIZED,7445,1,74450001,100.0,100.0,4,12,0,3,3,0.0,1.6927719116210938e-5,0.0
20260213_151714,GREEDY_CENTRALIZED,7445,1,74450001,100.0,100.0,5,16,0,1,1,0.0,4.0531158447265625e-6,0.0
20260213_151714,GREEDY_CENTRALIZED,7445,1,74450001,100.0,100.0,6,20,0,7,4,12.0,0.0003409385681152344,1000.0
20260213_151714,GREEDY_CENTRALIZED,7445,1,74450001,100.0,100.0,7,24,1,10,4,24.0,0.0035431385040283203,1000.0
20260213_151714,GREEDY_CENTRALIZED,7445,1,74450001,100.0,100.0,8,28,1,7,4,12.0,0.00037097930908203125,1000.0
20260213_151714,GREEDY_CENTRALIZED,7445,1,74450001,100.0,100.0,9,32,3,5,4,4.0,9.202957153320312e-5,333.3333333333333
20260213_151714,GREEDY_CENTRALIZED,7445,1,74450001,100.0,100.0,10,36,4,6,4,8.0,0.00018596649169921875,573.3333333333334
20260213_151714,GREEDY_CENTRALIZED,7445,1,74450001,100.0,100.0,11,40,4,8,4,16.0,0.000782012939453125,720.0
20260213_151714,GREEDY_CENTRALIZED,7445,1,74450001,100.0,100.0,12,44,4,7,4,12.0,0.0004010200500488281,720.0
20260213_151714,GREEDY_CENTRALIZED,7445,1,74450001,100.0,100.0,13,48,4,9,4,20.0,0.0015418529510498047,800.0
20260213_151714,GREEDY_CENTRALIZED,7445,1,74450001,100.0,100.0,14,52,4,12,4,32.0,0.012000083923339844,680.0
20260213_151714,GREEDY_CENTRALIZED,7445,1,74450001,100.0,100.0,15,56,4,10,4,52.0,0.006884098052978516,980.0
20260213_151714,GREEDY_CENTRALIZED,7445,1,74450001,100.0,100.0,16,60,6,9,4,40.0,0.0015659332275390625,1480.0
20260213_151714,GREEDY_CENTRALIZED,7919,1,79190001,100.0,100.0,1,0,0,1,1,0.0,1.4066696166992188e-5,0.0
20260213_151714,GREEDY_CENTRALIZED,7919,1,79190001,100.0,100.0,2,4,0,1,1,0.0,3.0994415283203125e-6,0.0
20260213_151714,GREEDY_CENTRALIZED,7919,1,79190001,100.0,100.0,3,8,0,2,2,0.0,1.4066696166992188e-5,0.0
20260213_151714,GREEDY_CENTRALIZED,7919,1,79190001,100.0,100.0,4,12,0,3,3,0.0,2.288818359375e-5,0.0
20260213_151714,GREEDY_CENTRALIZED,7919,1,79190001,100.0,100.0,5,16,0,1,1,0.0,5.0067901611328125e-6,0.0
20260213_151714,GREEDY_CENTRALIZED,7919,1,79190001,100.0,100.0,6,20,0,7,4,12.0,0.0003578662872314453,1000.0
20260213_151714,GREEDY_CENTRALIZED,7919,1,79190001,100.0,100.0,7,24,1,10,4,24.0,0.003406047821044922,1000.0
20260213_151714,GREEDY_CENTRALIZED,7919,1,79190001,100.0,100.0,8,28,1,7,4,12.0,0.0003921985626220703,1000.0
20260213_151714,GREEDY_CENTRALIZED,7919,1,79190001,100.0,100.0,9,32,3,5,4,4.0,9.083747863769531e-5,333.3333333333333
20260213_151714,GREEDY_CENTRALIZED,7919,1,79190001,100.0,100.0,10,36,4,6,4,8.0,0.0001850128173828125,573.3333333333334
20260213_151714,GREEDY_CENTRALIZED,7919,1,79190001,100.0,100.0,11,40,4,8,4,16.0,0.0007870197296142578,720.0
20260213_151714,GREEDY_CENTRALIZED,7919,1,79190001,100.0,100.0,12,44,4,7,4,12.0,0.0003829002380371094,720.0
20260213_151714,GREEDY_CENTRALIZED,7919,1,79190001,100.0,100.0,13,48,4,9,4,20.0,0.0014350414276123047,800.0
20260213_151714,GREEDY_CENTRALIZED,7919,1,79190001,100.0,100.0,14,52,4,12,4,32.0,0.01571512222290039,680.0
20260213_151714,GREEDY_CENTRALIZED,7919,1,79190001,100.0,100.0,15,56,4,10,4,52.0,0.0030138492584228516,980.0
20260213_151714,GREEDY_CENTRALIZED,7919,1,79190001,100.0,100.0,16,60,6,9,4,40.0,0.0015909671783447266,1480.0
20260213_151714,GREEDY_CENTRALIZED,9026,1,90260001,100.0,100.0,1,0,0,1,1,0.0,1.2874603271484375e-5,0.0
20260213_151714,GREEDY_CENTRALIZED,9026,1,90260001,100.0,100.0,2,4,0,1,1,0.0,4.0531158447265625e-6,0.0
20260213_151714,GREEDY_CENTRALIZED,9026,1,90260001,100.0,100.0,3,8,0,2,2,0.0,1.4066696166992188e-5,0.0
20260213_151714,GREEDY_CENTRALIZED,9026,1,90260001,100.0,100.0,4,12,0,3,3,0.0,1.621246337890625e-5,0.0
20260213_151714,GREEDY_CENTRALIZED,9026,1,90260001,100.0,100.0,5,16,0,1,1,0.0,4.0531158447265625e-6,0.0
20260213_151714,GREEDY_CENTRALIZED,9026,1,90260001,100.0,100.0,6,20,0,7,4,12.0,0.00034689903259277344,1000.0
20260213_151714,GREEDY_CENTRALIZED,9026,1,90260001,100.0,100.0,7,24,1,10,4,24.0,0.0033538341522216797,1000.0
20260213_151714,GREEDY_CENTRALIZED,9026,1,90260001,100.0,100.0,8,28,1,7,4,12.0,0.0003719329833984375,1000.0
20260213_151714,GREEDY_CENTRALIZED,9026,1,90260001,100.0,100.0,9,32,3,5,4,4.0,9.202957153320312e-5,333.3333333333333
20260213_151714,GREEDY_CENTRALIZED,9026,1,90260001,100.0,100.0,10,36,4,6,4,8.0,0.00018596649169921875,573.3333333333334
20260213_151714,GREEDY_CENTRALIZED,9026,1,90260001,100.0,100.0,11,40,4,8,4,16.0,0.0007481575012207031,720.0
20260213_151714,GREEDY_CENTRALIZED,9026,1,90260001,100.0,100.0,12,44,4,7,4,12.0,0.0003809928894042969,720.0
20260213_151714,GREEDY_CENTRALIZED,9026,1,90260001,100.0,100.0,13,48,4,9,4,20.0,0.0014679431915283203,800.0
20260213_151714,GREEDY_CENTRALIZED,9026,1,90260001,100.0,100.0,14,52,4,12,4,32.0,0.011922836303710938,680.0
20260213_151714,GREEDY_CENTRALIZED,9026,1,90260001,100.0,100.0,15,56,4,10,4,52.0,0.00732111930847168,980.0
20260213_151714,GREEDY_CENTRALIZED,9026,1,90260001,100.0,100.0,16,60,6,9,4,40.0,0.0015540122985839844,1480.0
20260213_151714,GREEDY_CENTRALIZED,8825,1,88250001,100.0,100.0,1,0,0,1,1,0.0,1.1920928955078125e-5,0.0
20260213_151714,GREEDY_CENTRALIZED,8825,1,88250001,100.0,100.0,2,4,0,1,1,0.0,3.814697265625e-6,0.0
20260213_151714,GREEDY_CENTRALIZED,8825,1,88250001,100.0,100.0,3,8,0,2,2,0.0,1.2874603271484375e-5,0.0
20260213_151714,GREEDY_CENTRALIZED,8825,1,88250001,100.0,100.0,4,12,0,3,3,0.0,2.4080276489257812e-5,0.0
20260213_151714,GREEDY_CENTRALIZED,8825,1,88250001,100.0,100.0,5,16,0,1,1,0.0,4.0531158447265625e-6,0.0
20260213_151714,GREEDY_CENTRALIZED,8825,1,88250001,100.0,100.0,6,20,0,7,4,12.0,0.0003390312194824219,1000.0
20260213_151714,GREEDY_CENTRALIZED,8825,1,88250001,100.0,100.0,7,24,1,10,4,24.0,0.003445863723754883,1000.0
20260213_151714,GREEDY_CENTRALIZED,8825,1,88250001,100.0,100.0,8,28,1,7,4,12.0,0.0003688335418701172,1000.0
20260213_151714,GREEDY_CENTRALIZED,8825,1,88250001,100.0,100.0,9,32,3,5,4,4.0,9.107589721679688e-5,333.3333333333333
20260213_151714,GREEDY_CENTRALIZED,8825,1,88250001,100.0,100.0,10,36,4,6,4,8.0,0.0001862049102783203,573.3333333333334
20260213_151714,GREEDY_CENTRALIZED,8825,1,88250001,100.0,100.0,11,40,4,8,4,16.0,0.0007519721984863281,720.0
20260213_151714,GREEDY_CENTRALIZED,8825,1,88250001,100.0,100.0,12,44,4,7,4,12.0,0.0003790855407714844,720.0
20260213_151714,GREEDY_CENTRALIZED,8825,1,88250001,100.0,100.0,13,48,4,9,4,20.0,0.0014851093292236328,800.0
20260213_151714,GREEDY_CENTRALIZED,8825,1,88250001,100.0,100.0,14,52,4,12,4,32.0,0.011852025985717773,680.0
20260213_151714,GREEDY_CENTRALIZED,8825,1,88250001,100.0,100.0,15,56,4,10,4,52.0,0.007051944732666016,980.0
20260213_151714,GREEDY_CENTRALIZED,8825,1,88250001,100.0,100.0,16,60,6,9,4,40.0,0.0016608238220214844,1480.0
20260213_151714,GREEDY_CENTRALIZED,7801,1,78010001,100.0,100.0,1,0,0,1,1,0.0,1.2874603271484375e-5,0.0
20260213_151714,GREEDY_CENTRALIZED,7801,1,78010001,100.0,100.0,2,4,0,1,1,0.0,4.0531158447265625e-6,0.0
20260213_151714,GREEDY_CENTRALIZED,7801,1,78010001,100.0,100.0,3,8,0,2,2,0.0,1.3828277587890625e-5,0.0
20260213_151714,GREEDY_CENTRALIZED,7801,1,78010001,100.0,100.0,4,12,0,3,3,0.0,1.7881393432617188e-5,0.0
20260213_151714,GREEDY_CENTRALIZED,7801,1,78010001,100.0,100.0,5,16,0,1,1,0.0,9.059906005859375e-6,0.0
20260213_151714,GREEDY_CENTRALIZED,7801,1,78010001,100.0,100.0,6,20,0,7,4,12.0,0.00035190582275390625,1000.0
20260213_151714,GREEDY_CENTRALIZED,7801,1,78010001,100.0,100.0,7,24,1,10,4,24.0,0.0034341812133789062,1000.0
20260213_151714,GREEDY_CENTRALIZED,7801,1,78010001,100.0,100.0,8,28,1,7,4,12.0,0.000370025634765625,1000.0
20260213_151714,GREEDY_CENTRALIZED,7801,1,78010001,100.0,100.0,9,32,3,5,4,4.0,9.083747863769531e-5,333.3333333333333
20260213_151714,GREEDY_CENTRALIZED,7801,1,78010001,100.0,100.0,10,36,4,6,4,8.0,0.00018405914306640625,573.3333333333334
20260213_151714,GREEDY_CENTRALIZED,7801,1,78010001,100.0,100.0,11,40,4,8,4,16.0,0.0007519721984863281,720.0
20260213_151714,GREEDY_CENTRALIZED,7801,1,78010001,100.0,100.0,12,44,4,7,4,12.0,0.00038695335388183594,720.0
20260213_151714,GREEDY_CENTRALIZED,7801,1,78010001,100.0,100.0,13,48,4,9,4,20.0,0.0015239715576171875,800.0
20260213_151714,GREEDY_CENTRALIZED,7801,1,78010001,100.0,100.0,14,52,4,12,4,32.0,0.011806011199951172,680.0
20260213_151714,GREEDY_CENTRALIZED,7801,1,78010001,100.0,100.0,15,56,4,10,4,52.0,0.0068700313568115234,980.0
20260213_151714,GREEDY_CENTRALIZED,7801,1,78010001,100.0,100.0,16,60,6,9,4,40.0,0.0015230178833007812,1480.0
20260213_151714,GREEDY_CENTRALIZED,3576,1,35760001,100.0,100.0,1,0,0,1,1,0.0,1.1920928955078125e-5,0.0
20260213_151714,GREEDY_CENTRALIZED,3576,1,35760001,100.0,100.0,2,4,0,1,1,0.0,4.0531158447265625e-6,0.0
20260213_151714,GREEDY_CENTRALIZED,3576,1,35760001,100.0,100.0,3,8,0,2,2,0.0,1.3828277587890625e-5,0.0
20260213_151714,GREEDY_CENTRALIZED,3576,1,35760001,100.0,100.0,4,12,0,3,3,0.0,1.5974044799804688e-5,0.0
20260213_151714,GREEDY_CENTRALIZED,3576,1,35760001,100.0,100.0,5,16,0,1,1,0.0,4.0531158447265625e-6,0.0
20260213_151714,GREEDY_CENTRALIZED,3576,1,35760001,100.0,100.0,6,20,0,7,4,12.0,0.00037097930908203125,1000.0
20260213_151714,GREEDY_CENTRALIZED,3576,1,35760001,100.0,100.0,7,24,1,10,4,24.0,0.0033981800079345703,1000.0
20260213_151714,GREEDY_CENTRALIZED,3576,1,35760001,100.0,100.0,8,28,1,7,4,12.0,0.0003609657287597656,1000.0
20260213_151714,GREEDY_CENTRALIZED,3576,1,35760001,100.0,100.0,9,32,3,5,4,4.0,8.893013000488281e-5,333.3333333333333
20260213_151714,GREEDY_CENTRALIZED,3576,1,35760001,100.0,100.0,10,36,4,6,4,8.0,0.00018286705017089844,573.3333333333334
20260213_151714,GREEDY_CENTRALIZED,3576,1,35760001,100.0,100.0,11,40,4,8,4,16.0,0.0007789134979248047,720.0
20260213_151714,GREEDY_CENTRALIZED,3576,1,35760001,100.0,100.0,12,44,4,7,4,12.0,0.0003788471221923828,720.0
20260213_151714,GREEDY_CENTRALIZED,3576,1,35760001,100.0,100.0,13,48,4,9,4,20.0,0.0014388561248779297,800.0
20260213_151714,GREEDY_CENTRALIZED,3576,1,35760001,100.0,100.0,14,52,4,12,4,32.0,0.01582813262939453,680.0
20260213_151714,GREEDY_CENTRALIZED,3576,1,35760001,100.0,100.0,15,56,4,10,4,52.0,0.0030031204223632812,980.0
20260213_151714,GREEDY_CENTRALIZED,3576,1,35760001,100.0,100.0,16,60,6,9,4,40.0,0.0015368461608886719,1480.0
20260213_151714,GREEDY_CENTRALIZED,5108,1,51080001,100.0,100.0,1,0,0,1,1,0.0,1.3113021850585938e-5,0.0
20260213_151714,GREEDY_CENTRALIZED,5108,1,51080001,100.0,100.0,2,4,0,1,1,0.0,5.0067901611328125e-6,0.0
20260213_151714,GREEDY_CENTRALIZED,5108,1,51080001,100.0,100.0,3,8,0,2,2,0.0,2.9087066650390625e-5,0.0
20260213_151714,GREEDY_CENTRALIZED,5108,1,51080001,100.0,100.0,4,12,0,3,3,0.0,1.7881393432617188e-5,0.0
20260213_151714,GREEDY_CENTRALIZED,5108,1,51080001,100.0,100.0,5,16,0,1,1,0.0,5.0067901611328125e-6,0.0
20260213_151714,GREEDY_CENTRALIZED,5108,1,51080001,100.0,100.0,6,20,0,7,4,12.0,0.0004050731658935547,1000.0
20260213_151714,GREEDY_CENTRALIZED,5108,1,51080001,100.0,100.0,7,24,1,10,4,24.0,0.003370046615600586,1000.0
20260213_151714,GREEDY_CENTRALIZED,5108,1,51080001,100.0,100.0,8,28,1,7,4,12.0,0.0003719329833984375,1000.0
20260213_151714,GREEDY_CENTRALIZED,5108,1,51080001,100.0,100.0,9,32,3,5,4,4.0,9.202957153320312e-5,333.3333333333333
20260213_151714,GREEDY_CENTRALIZED,5108,1,51080001,100.0,100.0,10,36,4,6,4,8.0,0.00020194053649902344,573.3333333333334
20260213_151714,GREEDY_CENTRALIZED,5108,1,51080001,100.0,100.0,11,40,4,8,4,16.0,0.0007848739624023438,720.0
20260213_151714,GREEDY_CENTRALIZED,5108,1,51080001,100.0,100.0,12,44,4,7,4,12.0,0.00038313865661621094,720.0
20260213_151714,GREEDY_CENTRALIZED,5108,1,51080001,100.0,100.0,13,48,4,9,4,20.0,0.0014581680297851562,800.0
20260213_151714,GREEDY_CENTRALIZED,5108,1,51080001,100.0,100.0,14,52,4,12,4,32.0,0.01212310791015625,680.0
20260213_151714,GREEDY_CENTRALIZED,5108,1,51080001,100.0,100.0,15,56,4,10,4,52.0,0.003139019012451172,980.0
20260213_151714,GREEDY_CENTRALIZED,5108,1,51080001,100.0,100.0,16,60,6,9,4,40.0,0.005895137786865234,1480.0
20260213_151714,GREEDY_CENTRALIZED,7346,1,73460001,100.0,100.0,1,0,0,1,1,0.0,1.5020370483398438e-5,0.0
20260213_151714,GREEDY_CENTRALIZED,7346,1,73460001,100.0,100.0,2,4,0,1,1,0.0,3.0994415283203125e-6,0.0
20260213_151714,GREEDY_CENTRALIZED,7346,1,73460001,100.0,100.0,3,8,0,2,2,0.0,1.4066696166992188e-5,0.0
20260213_151714,GREEDY_CENTRALIZED,7346,1,73460001,100.0,100.0,4,12,0,3,3,0.0,1.6927719116210938e-5,0.0
20260213_151714,GREEDY_CENTRALIZED,7346,1,73460001,100.0,100.0,5,16,0,1,1,0.0,4.0531158447265625e-6,0.0
20260213_151714,GREEDY_CENTRALIZED,7346,1,73460001,100.0,100.0,6,20,0,7,4,12.0,0.00035691261291503906,1000.0
20260213_151714,GREEDY_CENTRALIZED,7346,1,73460001,100.0,100.0,7,24,1,10,4,24.0,0.0034189224243164062,1000.0
20260213_151714,GREEDY_CENTRALIZED,7346,1,73460001,100.0,100.0,8,28,1,7,4,12.0,0.00039887428283691406,1000.0
20260213_151714,GREEDY_CENTRALIZED,7346,1,73460001,100.0,100.0,9,32,3,5,4,4.0,0.00011014938354492188,333.3333333333333
20260213_151714,GREEDY_CENTRALIZED,7346,1,73460001,100.0,100.0,10,36,4,6,4,8.0,0.00023412704467773438,573.3333333333334
20260213_151714,GREEDY_CENTRALIZED,7346,1,73460001,100.0,100.0,11,40,4,8,4,16.0,0.0008001327514648438,720.0
20260213_151714,GREEDY_CENTRALIZED,7346,1,73460001,100.0,100.0,12,44,4,7,4,12.0,0.0004210472106933594,720.0
20260213_151714,GREEDY_CENTRALIZED,7346,1,73460001,100.0,100.0,13,48,4,9,4,20.0,0.0015139579772949219,800.0
20260213_151714,GREEDY_CENTRALIZED,7346,1,73460001,100.0,100.0,14,52,4,12,4,32.0,0.011786937713623047,680.0
20260213_151714,GREEDY_CENTRALIZED,7346,1,73460001,100.0,100.0,15,56,4,10,4,52.0,0.0031499862670898438,980.0
20260213_151714,GREEDY_CENTRALIZED,7346,1,73460001,100.0,100.0,16,60,6,9,4,40.0,0.005210161209106445,1480.0
20260213_151714,GREEDY_CENTRALIZED,2659,1,26590001,100.0,100.0,1,0,0,1,1,0.0,1.5020370483398438e-5,0.0
20260213_151714,GREEDY_CENTRALIZED,2659,1,26590001,100.0,100.0,2,4,0,1,1,0.0,5.0067901611328125e-6,0.0
20260213_151714,GREEDY_CENTRALIZED,2659,1,26590001,100.0,100.0,3,8,0,2,2,0.0,1.4066696166992188e-5,0.0
20260213_151714,GREEDY_CENTRALIZED,2659,1,26590001,100.0,100.0,4,12,0,3,3,0.0,1.5974044799804688e-5,0.0
20260213_151714,GREEDY_CENTRALIZED,2659,1,26590001,100.0,100.0,5,16,0,1,1,0.0,5.0067901611328125e-6,0.0
20260213_151714,GREEDY_CENTRALIZED,2659,1,26590001,100.0,100.0,6,20,0,7,4,12.0,0.0003361701965332031,1000.0
20260213_151714,GREEDY_CENTRALIZED,2659,1,26590001,100.0,100.0,7,24,1,10,4,24.0,0.0033729076385498047,1000.0
20260213_151714,GREEDY_CENTRALIZED,2659,1,26590001,100.0,100.0,8,28,1,7,4,12.0,0.0003998279571533203,1000.0
20260213_151714,GREEDY_CENTRALIZED,2659,1,26590001,100.0,100.0,9,32,3,5,4,4.0,9.012222290039062e-5,333.3333333333333
20260213_151714,GREEDY_CENTRALIZED,2659,1,26590001,100.0,100.0,10,36,4,6,4,8.0,0.00020694732666015625,573.3333333333334
20260213_151714,GREEDY_CENTRALIZED,2659,1,26590001,100.0,100.0,11,40,4,8,4,16.0,0.0007729530334472656,720.0
20260213_151714,GREEDY_CENTRALIZED,2659,1,26590001,100.0,100.0,12,44,4,7,4,12.0,0.0003879070281982422,720.0
20260213_151714,GREEDY_CENTRALIZED,2659,1,26590001,100.0,100.0,13,48,4,9,4,20.0,0.0014460086822509766,800.0
20260213_151714,GREEDY_CENTRALIZED,2659,1,26590001,100.0,100.0,14,52,4,12,4,32.0,0.011824846267700195,680.0
20260213_151714,GREEDY_CENTRALIZED,2659,1,26590001,100.0,100.0,15,56,4,10,4,52.0,0.00669407844543457,980.0
20260213_151714,GREEDY_CENTRALIZED,2659,1,26590001,100.0,100.0,16,60,6,9,4,40.0,0.0015358924865722656,1480.0
20260213_151714,GREEDY_CENTRALIZED,1301,1,13010001,100.0,100.0,1,0,0,1,1,0.0,1.2874603271484375e-5,0.0
20260213_151714,GREEDY_CENTRALIZED,1301,1,13010001,100.0,100.0,2,4,0,1,1,0.0,3.814697265625e-6,0.0
20260213_151714,GREEDY_CENTRALIZED,1301,1,13010001,100.0,100.0,3,8,0,2,2,0.0,1.4066696166992188e-5,0.0
20260213_151714,GREEDY_CENTRALIZED,1301,1,13010001,100.0,100.0,4,12,0,3,3,0.0,1.6927719116210938e-5,0.0
20260213_151714,GREEDY_CENTRALIZED,1301,1,13010001,100.0,100.0,5,16,0,1,1,0.0,5.0067901611328125e-6,0.0
20260213_151714,GREEDY_CENTRALIZED,1301,1,13010001,100.0,100.0,6,20,0,7,4,12.0,0.0003428459167480469,1000.0
20260213_151714,GREEDY_CENTRALIZED,1301,1,13010001,100.0,100.0,7,24,1,10,4,24.0,0.003365039825439453,1000.0
20260213_151714,GREEDY_CENTRALIZED,1301,1,13010001,100.0,100.0,8,28,1,7,4,12.0,0.0003578662872314453,1000.0
20260213_151714,GREEDY_CENTRALIZED,1301,1,13010001,100.0,100.0,9,32,3,5,4,4.0,8.797645568847656e-5,333.3333333333333
20260213_151714,GREEDY_CENTRALIZED,1301,1,13010001,100.0,100.0,10,36,4,6,4,8.0,0.0001888275146484375,573.3333333333334
20260213_151714,GREEDY_CENTRALIZED,1301,1,13010001,100.0,100.0,11,40,4,8,4,16.0,0.0007500648498535156,720.0
20260213_151714,GREEDY_CENTRALIZED,1301,1,13010001,100.0,100.0,12,44,4,7,4,12.0,0.00038909912109375,720.0
20260213_151714,GREEDY_CENTRALIZED,1301,1,13010001,100.0,100.0,13,48,4,9,4,20.0,0.0014650821685791016,800.0
20260213_151714,GREEDY_CENTRALIZED,1301,1,13010001,100.0,100.0,14,52,4,12,4,32.0,0.01565384864807129,680.0
20260213_151714,GREEDY_CENTRALIZED,1301,1,13010001,100.0,100.0,15,56,4,10,4,52.0,0.0030820369720458984,980.0
20260213_151714,GREEDY_CENTRALIZED,1301,1,13010001,100.0,100.0,16,60,6,9,4,40.0,0.0015859603881835938,1480.0
20260213_151714,GREEDY_CENTRALIZED,5519,1,55190001,100.0,100.0,1,0,0,1,1,0.0,1.2874603271484375e-5,0.0
20260213_151714,GREEDY_CENTRALIZED,5519,1,55190001,100.0,100.0,2,4,0,1,1,0.0,3.814697265625e-6,0.0
20260213_151714,GREEDY_CENTRALIZED,5519,1,55190001,100.0,100.0,3,8,0,2,2,0.0,1.5020370483398438e-5,0.0
20260213_151714,GREEDY_CENTRALIZED,5519,1,55190001,100.0,100.0,4,12,0,3,3,0.0,2.4080276489257812e-5,0.0
20260213_151714,GREEDY_CENTRALIZED,5519,1,55190001,100.0,100.0,5,16,0,1,1,0.0,4.0531158447265625e-6,0.0
20260213_151714,GREEDY_CENTRALIZED,5519,1,55190001,100.0,100.0,6,20,0,7,4,12.0,0.0003509521484375,1000.0
20260213_151714,GREEDY_CENTRALIZED,5519,1,55190001,100.0,100.0,7,24,1,10,4,24.0,0.00341796875,1000.0
20260213_151714,GREEDY_CENTRALIZED,5519,1,55190001,100.0,100.0,8,28,1,7,4,12.0,0.00036406517028808594,1000.0
20260213_151714,GREEDY_CENTRALIZED,5519,1,55190001,100.0,100.0,9,32,3,5,4,4.0,9.083747863769531e-5,333.3333333333333
20260213_151714,GREEDY_CENTRALIZED,5519,1,55190001,100.0,100.0,10,36,4,6,4,8.0,0.000186920166015625,573.3333333333334
20260213_151714,GREEDY_CENTRALIZED,5519,1,55190001,100.0,100.0,11,40,4,8,4,16.0,0.0007419586181640625,720.0
20260213_151714,GREEDY_CENTRALIZED,5519,1,55190001,100.0,100.0,12,44,4,7,4,12.0,0.0003809928894042969,720.0
20260213_151714,GREEDY_CENTRALIZED,5519,1,55190001,100.0,100.0,13,48,4,9,4,20.0,0.00144195556640625,800.0
20260213_151714,GREEDY_CENTRALIZED,5519,1,55190001,100.0,100.0,14,52,4,12,4,32.0,0.011934995651245117,680.0
20260213_151714,GREEDY_CENTRALIZED,5519,1,55190001,100.0,100.0,15,56,4,10,4,52.0,0.003326892852783203,980.0
20260213_151714,GREEDY_CENTRALIZED,5519,1,55190001,100.0,100.0,16,60,6,9,4,40.0,0.005918979644775391,1480.0
20260213_151714,GREEDY_CENTRALIZED,1736,1,17360001,100.0,100.0,1,0,0,1,1,0.0,1.3828277587890625e-5,0.0
20260213_151714,GREEDY_CENTRALIZED,1736,1,17360001,100.0,100.0,2,4,0,1,1,0.0,4.0531158447265625e-6,0.0
20260213_151714,GREEDY_CENTRALIZED,1736,1,17360001,100.0,100.0,3,8,0,2,2,0.0,2.193450927734375e-5,0.0
20260213_151714,GREEDY_CENTRALIZED,1736,1,17360001,100.0,100.0,4,12,0,3,3,0.0,1.5974044799804688e-5,0.0
20260213_151714,GREEDY_CENTRALIZED,1736,1,17360001,100.0,100.0,5,16,0,1,1,0.0,4.0531158447265625e-6,0.0
20260213_151714,GREEDY_CENTRALIZED,1736,1,17360001,100.0,100.0,6,20,0,7,4,12.0,0.00033593177795410156,1000.0
20260213_151714,GREEDY_CENTRALIZED,1736,1,17360001,100.0,100.0,7,24,1,10,4,24.0,0.0033969879150390625,1000.0
20260213_151714,GREEDY_CENTRALIZED,1736,1,17360001,100.0,100.0,8,28,1,7,4,12.0,0.000370025634765625,1000.0
20260213_151714,GREEDY_CENTRALIZED,1736,1,17360001,100.0,100.0,9,32,3,5,4,4.0,0.00011801719665527344,333.3333333333333
20260213_151714,GREEDY_CENTRALIZED,1736,1,17360001,100.0,100.0,10,36,4,6,4,8.0,0.00018310546875,573.3333333333334
20260213_151714,GREEDY_CENTRALIZED,1736,1,17360001,100.0,100.0,11,40,4,8,4,16.0,0.0007460117340087891,720.0
20260213_151714,GREEDY_CENTRALIZED,1736,1,17360001,100.0,100.0,12,44,4,7,4,12.0,0.00038814544677734375,720.0
20260213_151714,GREEDY_CENTRALIZED,1736,1,17360001,100.0,100.0,13,48,4,9,4,20.0,0.001522064208984375,800.0
20260213_151714,GREEDY_CENTRALIZED,1736,1,17360001,100.0,100.0,14,52,4,12,4,32.0,0.011793136596679688,680.0
20260213_151714,GREEDY_CENTRALIZED,1736,1,17360001,100.0,100.0,15,56,4,10,4,52.0,0.0068149566650390625,980.0
20260213_151714,GREEDY_CENTRALIZED,1736,1,17360001,100.0,100.0,16,60,6,9,4,40.0,0.0015370845794677734,1480.0
20260213_151714,GREEDY_CENTRALIZED,618,1,6180001,100.0,100.0,1,0,0,1,1,0.0,1.1920928955078125e-5,0.0
20260213_151714,GREEDY_CENTRALIZED,618,1,6180001,100.0,100.0,2,4,0,1,1,0.0,3.0994415283203125e-6,0.0
20260213_151714,GREEDY_CENTRALIZED,618,1,6180001,100.0,100.0,3,8,0,2,2,0.0,1.4066696166992188e-5,0.0
20260213_151714,GREEDY_CENTRALIZED,618,1,6180001,100.0,100.0,4,12,0,3,3,0.0,1.71661376953125e-5,0.0
20260213_151714,GREEDY_CENTRALIZED,618,1,6180001,100.0,100.0,5,16,0,1,1,0.0,4.0531158447265625e-6,0.0
20260213_151714,GREEDY_CENTRALIZED,618,1,6180001,100.0,100.0,6,20,0,7,4,12.0,0.00034308433532714844,1000.0
20260213_151714,GREEDY_CENTRALIZED,618,1,6180001,100.0,100.0,7,24,1,10,4,24.0,0.0034770965576171875,1000.0
20260213_151714,GREEDY_CENTRALIZED,618,1,6180001,100.0,100.0,8,28,1,7,4,12.0,0.00039196014404296875,1000.0
20260213_151714,GREEDY_CENTRALIZED,618,1,6180001,100.0,100.0,9,32,3,5,4,4.0,8.893013000488281e-5,333.3333333333333
20260213_151714,GREEDY_CENTRALIZED,618,1,6180001,100.0,100.0,10,36,4,6,4,8.0,0.0001819133758544922,573.3333333333334
20260213_151714,GREEDY_CENTRALIZED,618,1,6180001,100.0,100.0,11,40,4,8,4,16.0,0.0007500648498535156,720.0
20260213_151714,GREEDY_CENTRALIZED,618,1,6180001,100.0,100.0,12,44,4,7,4,12.0,0.0003840923309326172,720.0
20260213_151714,GREEDY_CENTRALIZED,618,1,6180001,100.0,100.0,13,48,4,9,4,20.0,0.00150299072265625,800.0
20260213_151714,GREEDY_CENTRALIZED,618,1,6180001,100.0,100.0,14,52,4,12,4,32.0,0.011960029602050781,680.0
20260213_151714,GREEDY_CENTRALIZED,618,1,6180001,100.0,100.0,15,56,4,10,4,52.0,0.00681304931640625,980.0
20260213_151714,GREEDY_CENTRALIZED,618,1,6180001,100.0,100.0,16,60,6,9,4,40.0,0.0015239715576171875,1480.0
20260213_151714,GREEDY_CENTRALIZED,8254,1,82540001,100.0,100.0,1,0,0,1,1,0.0,1.2874603271484375e-5,0.0
20260213_151714,GREEDY_CENTRALIZED,8254,1,82540001,100.0,100.0,2,4,0,1,1,0.0,2.86102294921875e-6,0.0
20260213_151714,GREEDY_CENTRALIZED,8254,1,82540001,100.0,100.0,3,8,0,2,2,0.0,1.5020370483398438e-5,0.0
20260213_151714,GREEDY_CENTRALIZED,8254,1,82540001,100.0,100.0,4,12,0,3,3,0.0,1.6927719116210938e-5,0.0
20260213_151714,GREEDY_CENTRALIZED,8254,1,82540001,100.0,100.0,5,16,0,1,1,0.0,4.0531158447265625e-6,0.0
20260213_151714,GREEDY_CENTRALIZED,8254,1,82540001,100.0,100.0,6,20,0,7,4,12.0,0.00035309791564941406,1000.0
20260213_151714,GREEDY_CENTRALIZED,8254,1,82540001,100.0,100.0,7,24,1,10,4,24.0,0.0035049915313720703,1000.0
20260213_151714,GREEDY_CENTRALIZED,8254,1,82540001,100.0,100.0,8,28,1,7,4,12.0,0.00038909912109375,1000.0
20260213_151714,GREEDY_CENTRALIZED,8254,1,82540001,100.0,100.0,9,32,3,5,4,4.0,0.00011181831359863281,333.3333333333333
20260213_151714,GREEDY_CENTRALIZED,8254,1,82540001,100.0,100.0,10,36,4,6,4,8.0,0.00018906593322753906,573.3333333333334
20260213_151714,GREEDY_CENTRALIZED,8254,1,82540001,100.0,100.0,11,40,4,8,4,16.0,0.0008089542388916016,720.0
20260213_151714,GREEDY_CENTRALIZED,8254,1,82540001,100.0,100.0,12,44,4,7,4,12.0,0.0004169940948486328,720.0
20260213_151714,GREEDY_CENTRALIZED,8254,1,82540001,100.0,100.0,13,48,4,9,4,20.0,0.0014629364013671875,800.0
20260213_151714,GREEDY_CENTRALIZED,8254,1,82540001,100.0,100.0,14,52,4,12,4,32.0,0.015949010848999023,680.0
20260213_151714,GREEDY_CENTRALIZED,8254,1,82540001,100.0,100.0,15,56,4,10,4,52.0,0.0030601024627685547,980.0
20260213_151714,GREEDY_CENTRALIZED,8254,1,82540001,100.0,100.0,16,60,6,9,4,40.0,0.0015218257904052734,1480.0
20260213_151714,GREEDY_CENTRALIZED,7340,1,73400001,100.0,100.0,1,0,0,1,1,0.0,1.4066696166992188e-5,0.0
20260213_151714,GREEDY_CENTRALIZED,7340,1,73400001,100.0,100.0,2,4,0,1,1,0.0,4.0531158447265625e-6,0.0
20260213_151714,GREEDY_CENTRALIZED,7340,1,73400001,100.0,100.0,3,8,0,2,2,0.0,1.5974044799804688e-5,0.0
20260213_151714,GREEDY_CENTRALIZED,7340,1,73400001,100.0,100.0,4,12,0,3,3,0.0,1.8835067749023438e-5,0.0
20260213_151714,GREEDY_CENTRALIZED,7340,1,73400001,100.0,100.0,5,16,0,1,1,0.0,5.0067901611328125e-6,0.0
20260213_151714,GREEDY_CENTRALIZED,7340,1,73400001,100.0,100.0,6,20,0,7,4,12.0,0.00037407875061035156,1000.0
20260213_151714,GREEDY_CENTRALIZED,7340,1,73400001,100.0,100.0,7,24,1,10,4,24.0,0.0033478736877441406,1000.0
20260213_151714,GREEDY_CENTRALIZED,7340,1,73400001,100.0,100.0,8,28,1,7,4,12.0,0.0003609657287597656,1000.0
20260213_151714,GREEDY_CENTRALIZED,7340,1,73400001,100.0,100.0,9,32,3,5,4,4.0,9.608268737792969e-5,333.3333333333333
20260213_151714,GREEDY_CENTRALIZED,7340,1,73400001,100.0,100.0,10,36,4,6,4,8.0,0.00018906593322753906,573.3333333333334
20260213_151714,GREEDY_CENTRALIZED,7340,1,73400001,100.0,100.0,11,40,4,8,4,16.0,0.0008089542388916016,720.0
20260213_151714,GREEDY_CENTRALIZED,7340,1,73400001,100.0,100.0,12,44,4,7,4,12.0,0.0003898143768310547,720.0
20260213_151714,GREEDY_CENTRALIZED,7340,1,73400001,100.0,100.0,13,48,4,9,4,20.0,0.0015230178833007812,800.0
20260213_151714,GREEDY_CENTRALIZED,7340,1,73400001,100.0,100.0,14,52,4,12,4,32.0,0.011896133422851562,680.0
20260213_151714,GREEDY_CENTRALIZED,7340,1,73400001,100.0,100.0,15,56,4,10,4,52.0,0.003078937530517578,980.0
20260213_151714,GREEDY_CENTRALIZED,7340,1,73400001,100.0,100.0,16,60,6,9,4,40.0,0.005746126174926758,1480.0
20260213_151714,AGG_ORACLE_FCFS,6910,1,69100001,100.0,100.0,1,0,0,1,1,0.0,1.5020370483398438e-5,0.0
20260213_151714,AGG_ORACLE_FCFS,6910,1,69100001,100.0,100.0,2,4,0,1,1,0.0,1.0967254638671875e-5,0.0
20260213_151714,AGG_ORACLE_FCFS,6910,1,69100001,100.0,100.0,3,8,0,2,2,0.0,1.5020370483398438e-5,0.0
20260213_151714,AGG_ORACLE_FCFS,6910,1,69100001,100.0,100.0,4,12,0,3,3,0.0,1.6927719116210938e-5,0.0
20260213_151714,AGG_ORACLE_FCFS,6910,1,69100001,100.0,100.0,5,16,0,1,1,0.0,4.0531158447265625e-6,0.0
20260213_151714,AGG_ORACLE_FCFS,6910,1,69100001,100.0,100.0,6,20,0,7,4,12.0,0.00034117698669433594,1000.0
20260213_151714,AGG_ORACLE_FCFS,6910,1,69100001,100.0,100.0,7,24,1,10,4,24.0,0.003337860107421875,1000.0
20260213_151714,AGG_ORACLE_FCFS,6910,1,69100001,100.0,100.0,8,28,1,7,4,12.0,0.00040602684020996094,1000.0
20260213_151714,AGG_ORACLE_FCFS,6910,1,69100001,100.0,100.0,9,32,3,5,4,4.0,9.012222290039062e-5,333.3333333333333
20260213_151714,AGG_ORACLE_FCFS,6910,1,69100001,100.0,100.0,10,36,4,6,4,14.0,0.0001850128173828125,740.0
20260213_151714,AGG_ORACLE_FCFS,6910,1,69100001,100.0,100.0,11,40,5,8,4,16.0,0.0008249282836914062,720.0
20260213_151714,AGG_ORACLE_FCFS,6910,1,69100001,100.0,100.0,12,44,5,7,4,22.0,0.00040984153747558594,1080.0
20260213_151714,AGG_ORACLE_FCFS,6910,1,69100001,100.0,100.0,13,48,5,9,4,44.0,0.0014271736145019531,813.3333333333333
20260213_151714,AGG_ORACLE_FCFS,6910,1,69100001,100.0,100.0,14,52,6,12,4,56.0,0.011827945709228516,1440.0
20260213_151714,AGG_ORACLE_FCFS,6910,1,69100001,100.0,100.0,15,56,6,10,4,44.0,0.003075122833251953,1340.0
20260213_151714,AGG_ORACLE_FCFS,6910,1,69100001,100.0,100.0,16,60,6,9,4,40.0,0.005272865295410156,1480.0
20260213_151714,AGG_ORACLE_FCFS,4953,1,49530001,100.0,100.0,1,0,0,1,1,0.0,1.5020370483398438e-5,0.0
20260213_151714,AGG_ORACLE_FCFS,4953,1,49530001,100.0,100.0,2,4,0,1,1,0.0,4.0531158447265625e-6,0.0
20260213_151714,AGG_ORACLE_FCFS,4953,1,49530001,100.0,100.0,3,8,0,2,2,0.0,1.3828277587890625e-5,0.0
20260213_151714,AGG_ORACLE_FCFS,4953,1,49530001,100.0,100.0,4,12,0,3,3,0.0,1.811981201171875e-5,0.0
20260213_151714,AGG_ORACLE_FCFS,4953,1,49530001,100.0,100.0,5,16,0,1,1,0.0,4.0531158447265625e-6,0.0
20260213_151714,AGG_ORACLE_FCFS,4953,1,49530001,100.0,100.0,6,20,0,7,4,12.0,0.00034499168395996094,1000.0
20260213_151714,AGG_ORACLE_FCFS,4953,1,49530001,100.0,100.0,7,24,1,10,4,24.0,0.0033371448516845703,1000.0
20260213_151714,AGG_ORACLE_FCFS,4953,1,49530001,100.0,100.0,8,28,1,7,4,12.0,0.0004029273986816406,1000.0
20260213_151714,AGG_ORACLE_FCFS,4953,1,49530001,100.0,100.0,9,32,3,5,4,4.0,9.298324584960938e-5,333.3333333333333
20260213_151714,AGG_ORACLE_FCFS,4953,1,49530001,100.0,100.0,10,36,4,6,4,14.0,0.00018906593322753906,740.0
20260213_151714,AGG_ORACLE_FCFS,4953,1,49530001,100.0,100.0,11,40,5,8,4,16.0,0.0008068084716796875,720.0
20260213_151714,AGG_ORACLE_FCFS,4953,1,49530001,100.0,100.0,12,44,5,7,4,12.0,0.00039196014404296875,720.0
20260213_151714,AGG_ORACLE_FCFS,4953,1,49530001,100.0,100.0,13,48,5,9,4,48.0,0.0014698505401611328,813.3333333333333
20260213_151714,AGG_ORACLE_FCFS,4953,1,49530001,100.0,100.0,14,52,6,12,4,56.0,0.011839151382446289,1440.0
20260213_151714,AGG_ORACLE_FCFS,4953,1,49530001,100.0,100.0,15,56,6,10,4,44.0,0.0067310333251953125,1340.0
20260213_151714,AGG_ORACLE_FCFS,4953,1,49530001,100.0,100.0,16,60,6,9,4,40.0,0.0015239715576171875,1480.0
20260213_151714,AGG_ORACLE_FCFS,8042,1,80420001,100.0,100.0,1,0,0,1,1,0.0,1.4066696166992188e-5,0.0
20260213_151714,AGG_ORACLE_FCFS,8042,1,80420001,100.0,100.0,2,4,0,1,1,0.0,4.0531158447265625e-6,0.0
20260213_151714,AGG_ORACLE_FCFS,8042,1,80420001,100.0,100.0,3,8,0,2,2,0.0,1.5020370483398438e-5,0.0
20260213_151714,AGG_ORACLE_FCFS,8042,1,80420001,100.0,100.0,4,12,0,3,3,0.0,2.7894973754882812e-5,0.0
20260213_151714,AGG_ORACLE_FCFS,8042,1,80420001,100.0,100.0,5,16,0,1,1,0.0,5.0067901611328125e-6,0.0
20260213_151714,AGG_ORACLE_FCFS,8042,1,80420001,100.0,100.0,6,20,0,7,4,12.0,0.00034618377685546875,1000.0
20260213_151714,AGG_ORACLE_FCFS,8042,1,80420001,100.0,100.0,7,24,1,10,4,24.0,0.003412008285522461,1000.0
20260213_151714,AGG_ORACLE_FCFS,8042,1,80420001,100.0,100.0,8,28,1,7,4,12.0,0.0003619194030761719,1000.0
20260213_151714,AGG_ORACLE_FCFS,8042,1,80420001,100.0,100.0,9,32,3,5,4,4.0,9.202957153320312e-5,333.3333333333333
20260213_151714,AGG_ORACLE_FCFS,8042,1,80420001,100.0,100.0,10,36,4,6,4,14.0,0.00018215179443359375,740.0
20260213_151714,AGG_ORACLE_FCFS,8042,1,80420001,100.0,100.0,11,40,5,8,4,16.0,0.0007569789886474609,720.0
20260213_151714,AGG_ORACLE_FCFS,8042,1,80420001,100.0,100.0,12,44,5,7,4,12.0,0.0003819465637207031,720.0
20260213_151714,AGG_ORACLE_FCFS,8042,1,80420001,100.0,100.0,13,48,5,9,4,48.0,0.0014569759368896484,813.3333333333333
20260213_151714,AGG_ORACLE_FCFS,8042,1,80420001,100.0,100.0,14,52,6,12,4,56.0,0.015681982040405273,1440.0
20260213_151714,AGG_ORACLE_FCFS,8042,1,80420001,100.0,100.0,15,56,6,10,4,44.0,0.003041982650756836,1340.0
20260213_151714,AGG_ORACLE_FCFS,8042,1,80420001,100.0,100.0,16,60,6,9,4,40.0,0.0015349388122558594,1480.0
20260213_151714,AGG_ORACLE_FCFS,180,1,1800001,100.0,100.0,1,0,0,1,1,0.0,1.4066696166992188e-5,0.0
20260213_151714,AGG_ORACLE_FCFS,180,1,1800001,100.0,100.0,2,4,0,1,1,0.0,5.9604644775390625e-6,0.0
20260213_151714,AGG_ORACLE_FCFS,180,1,1800001,100.0,100.0,3,8,0,2,2,0.0,1.6927719116210938e-5,0.0
20260213_151714,AGG_ORACLE_FCFS,180,1,1800001,100.0,100.0,4,12,0,3,3,0.0,2.288818359375e-5,0.0
20260213_151714,AGG_ORACLE_FCFS,180,1,1800001,100.0,100.0,5,16,0,1,1,0.0,5.0067901611328125e-6,0.0
20260213_151714,AGG_ORACLE_FCFS,180,1,1800001,100.0,100.0,6,20,0,7,4,12.0,0.00036406517028808594,1000.0
20260213_151714,AGG_ORACLE_FCFS,180,1,1800001,100.0,100.0,7,24,1,10,4,24.0,0.0034160614013671875,1000.0
20260213_151714,AGG_ORACLE_FCFS,180,1,1800001,100.0,100.0,8,28,1,7,4,12.0,0.0003681182861328125,1000.0
20260213_151714,AGG_ORACLE_FCFS,180,1,1800001,100.0,100.0,9,32,3,5,4,4.0,8.988380432128906e-5,333.3333333333333
20260213_151714,AGG_ORACLE_FCFS,180,1,1800001,100.0,100.0,10,36,4,6,4,14.0,0.00018477439880371094,740.0
20260213_151714,AGG_ORACLE_FCFS,180,1,1800001,100.0,100.0,11,40,5,8,4,16.0,0.0008018016815185547,720.0
20260213_151714,AGG_ORACLE_FCFS,180,1,1800001,100.0,100.0,12,44,5,7,4,22.0,0.0003848075866699219,1080.0
20260213_151714,AGG_ORACLE_FCFS,180,1,1800001,100.0,100.0,13,48,5,9,4,44.0,0.0014338493347167969,813.3333333333333
20260213_151714,AGG_ORACLE_FCFS,180,1,1800001,100.0,100.0,14,52,6,12,4,56.0,0.01187586784362793,1440.0
20260213_151714,AGG_ORACLE_FCFS,180,1,1800001,100.0,100.0,15,56,6,10,4,44.0,0.003056049346923828,1340.0
20260213_151714,AGG_ORACLE_FCFS,180,1,1800001,100.0,100.0,16,60,6,9,4,40.0,0.0015239715576171875,1480.0
20260213_151714,AGG_ORACLE_FCFS,6646,1,66460001,100.0,100.0,1,0,0,1,1,0.0,1.2159347534179688e-5,0.0
20260213_151714,AGG_ORACLE_FCFS,6646,1,66460001,100.0,100.0,2,4,0,1,1,0.0,4.0531158447265625e-6,0.0
20260213_151714,AGG_ORACLE_FCFS,6646,1,66460001,100.0,100.0,3,8,0,2,2,0.0,1.4066696166992188e-5,0.0
20260213_151714,AGG_ORACLE_FCFS,6646,1,66460001,100.0,100.0,4,12,0,3,3,0.0,1.811981201171875e-5,0.0
20260213_151714,AGG_ORACLE_FCFS,6646,1,66460001,100.0,100.0,5,16,0,1,1,0.0,5.0067901611328125e-6,0.0
20260213_151714,AGG_ORACLE_FCFS,6646,1,66460001,100.0,100.0,6,20,0,7,4,12.0,0.0003769397735595703,1000.0
20260213_151714,AGG_ORACLE_FCFS,6646,1,66460001,100.0,100.0,7,24,1,10,4,24.0,0.003406047821044922,1000.0
20260213_151714,AGG_ORACLE_FCFS,6646,1,66460001,100.0,100.0,8,28,1,7,4,12.0,0.0003790855407714844,1000.0
20260213_151714,AGG_ORACLE_FCFS,6646,1,66460001,100.0,100.0,9,32,3,5,4,4.0,9.298324584960938e-5,333.3333333333333
20260213_151714,AGG_ORACLE_FCFS,6646,1,66460001,100.0,100.0,10,36,4,6,4,14.0,0.00018906593322753906,740.0
20260213_151714,AGG_ORACLE_FCFS,6646,1,66460001,100.0,100.0,11,40,5,8,4,16.0,0.0008139610290527344,720.0
20260213_151714,AGG_ORACLE_FCFS,6646,1,66460001,100.0,100.0,12,44,5,7,4,12.0,0.0004189014434814453,720.0
20260213_151714,AGG_ORACLE_FCFS,6646,1,66460001,100.0,100.0,13,48,5,9,4,48.0,0.001508951187133789,813.3333333333333
20260213_151714,AGG_ORACLE_FCFS,6646,1,66460001,100.0,100.0,14,52,6,12,4,56.0,0.011806011199951172,1440.0
20260213_151714,AGG_ORACLE_FCFS,6646,1,66460001,100.0,100.0,15,56,6,10,4,44.0,0.003123044967651367,1340.0
20260213_151714,AGG_ORACLE_FCFS,6646,1,66460001,100.0,100.0,16,60,6,9,4,40.0,0.0052831172943115234,1480.0
20260213_151714,AGG_ORACLE_FCFS,1744,1,17440001,100.0,100.0,1,0,0,1,1,0.0,1.5020370483398438e-5,0.0
20260213_151714,AGG_ORACLE_FCFS,1744,1,17440001,100.0,100.0,2,4,0,1,1,0.0,4.0531158447265625e-6,0.0
20260213_151714,AGG_ORACLE_FCFS,1744,1,17440001,100.0,100.0,3,8,0,2,2,0.0,1.4066696166992188e-5,0.0
20260213_151714,AGG_ORACLE_FCFS,1744,1,17440001,100.0,100.0,4,12,0,3,3,0.0,1.811981201171875e-5,0.0
20260213_151714,AGG_ORACLE_FCFS,1744,1,17440001,100.0,100.0,5,16,0,1,1,0.0,5.0067901611328125e-6,0.0
20260213_151714,AGG_ORACLE_FCFS,1744,1,17440001,100.0,100.0,6,20,0,7,4,12.0,0.000347137451171875,1000.0
20260213_151714,AGG_ORACLE_FCFS,1744,1,17440001,100.0,100.0,7,24,1,10,4,24.0,0.0034170150756835938,1000.0
20260213_151714,AGG_ORACLE_FCFS,1744,1,17440001,100.0,100.0,8,28,1,7,4,12.0,0.0004119873046875,1000.0
20260213_151714,AGG_ORACLE_FCFS,1744,1,17440001,100.0,100.0,9,32,3,5,4,4.0,9.393692016601562e-5,333.3333333333333
20260213_151714,AGG_ORACLE_FCFS,1744,1,17440001,100.0,100.0,10,36,4,6,4,14.0,0.00018906593322753906,740.0
20260213_151714,AGG_ORACLE_FCFS,1744,1,17440001,100.0,100.0,11,40,5,8,4,16.0,0.0008552074432373047,720.0
20260213_151714,AGG_ORACLE_FCFS,1744,1,17440001,100.0,100.0,12,44,5,7,4,22.0,0.0004470348358154297,1080.0
20260213_151714,AGG_ORACLE_FCFS,1744,1,17440001,100.0,100.0,13,48,5,9,4,44.0,0.0014879703521728516,813.3333333333333
20260213_151714,AGG_ORACLE_FCFS,1744,1,17440001,100.0,100.0,14,52,6,12,4,56.0,0.011879920959472656,1440.0
20260213_151714,AGG_ORACLE_FCFS,1744,1,17440001,100.0,100.0,15,56,6,10,4,44.0,0.006825923919677734,1340.0
20260213_151714,AGG_ORACLE_FCFS,1744,1,17440001,100.0,100.0,16,60,6,9,4,40.0,0.0015668869018554688,1480.0
20260213_151714,AGG_ORACLE_FCFS,9250,1,92500001,100.0,100.0,1,0,0,1,1,0.0,1.3828277587890625e-5,0.0
20260213_151714,AGG_ORACLE_FCFS,9250,1,92500001,100.0,100.0,2,4,0,1,1,0.0,3.814697265625e-6,0.0
20260213_151714,AGG_ORACLE_FCFS,9250,1,92500001,100.0,100.0,3,8,0,2,2,0.0,1.4066696166992188e-5,0.0
20260213_151714,AGG_ORACLE_FCFS,9250,1,92500001,100.0,100.0,4,12,0,3,3,0.0,2.5987625122070312e-5,0.0
20260213_151714,AGG_ORACLE_FCFS,9250,1,92500001,100.0,100.0,5,16,0,1,1,0.0,4.0531158447265625e-6,0.0
20260213_151714,AGG_ORACLE_FCFS,9250,1,92500001,100.0,100.0,6,20,0,7,4,12.0,0.00033593177795410156,1000.0
20260213_151714,AGG_ORACLE_FCFS,9250,1,92500001,100.0,100.0,7,24,1,10,4,24.0,0.003367900848388672,1000.0
20260213_151714,AGG_ORACLE_FCFS,9250,1,92500001,100.0,100.0,8,28,1,7,4,12.0,0.00037288665771484375,1000.0
20260213_151714,AGG_ORACLE_FCFS,9250,1,92500001,100.0,100.0,9,32,3,5,4,4.0,8.893013000488281e-5,333.3333333333333
20260213_151714,AGG_ORACLE_FCFS,9250,1,92500001,100.0,100.0,10,36,4,6,4,14.0,0.00018286705017089844,740.0
20260213_151714,AGG_ORACLE_FCFS,9250,1,92500001,100.0,100.0,11,40,5,8,4,16.0,0.0007679462432861328,720.0
20260213_151714,AGG_ORACLE_FCFS,9250,1,92500001,100.0,100.0,12,44,5,7,4,12.0,0.00038909912109375,720.0
20260213_151714,AGG_ORACLE_FCFS,9250,1,92500001,100.0,100.0,13,48,5,9,4,48.0,0.0014820098876953125,813.3333333333333
20260213_151714,AGG_ORACLE_FCFS,9250,1,92500001,100.0,100.0,14,52,6,12,4,56.0,0.011791229248046875,1440.0
20260213_151714,AGG_ORACLE_FCFS,9250,1,92500001,100.0,100.0,15,56,6,10,4,44.0,0.006821155548095703,1340.0
20260213_151714,AGG_ORACLE_FCFS,9250,1,92500001,100.0,100.0,16,60,6,9,4,40.0,0.0015840530395507812,1480.0
20260213_151714,AGG_ORACLE_FCFS,7566,1,75660001,100.0,100.0,1,0,0,1,1,0.0,2.5033950805664062e-5,0.0
20260213_151714,AGG_ORACLE_FCFS,7566,1,75660001,100.0,100.0,2,4,0,1,1,0.0,4.0531158447265625e-6,0.0
20260213_151714,AGG_ORACLE_FCFS,7566,1,75660001,100.0,100.0,3,8,0,2,2,0.0,1.5020370483398438e-5,0.0
20260213_151714,AGG_ORACLE_FCFS,7566,1,75660001,100.0,100.0,4,12,0,3,3,0.0,2.09808349609375e-5,0.0
20260213_151714,AGG_ORACLE_FCFS,7566,1,75660001,100.0,100.0,5,16,0,1,1,0.0,4.0531158447265625e-6,0.0
20260213_151714,AGG_ORACLE_FCFS,7566,1,75660001,100.0,100.0,6,20,0,7,4,12.0,0.00033402442932128906,1000.0
20260213_151714,AGG_ORACLE_FCFS,7566,1,75660001,100.0,100.0,7,24,1,10,4,24.0,0.003426074981689453,1000.0
20260213_151714,AGG_ORACLE_FCFS,7566,1,75660001,100.0,100.0,8,28,1,7,4,12.0,0.0003609657287597656,1000.0
20260213_151714,AGG_ORACLE_FCFS,7566,1,75660001,100.0,100.0,9,32,3,5,4,4.0,8.988380432128906e-5,333.3333333333333
20260213_151714,AGG_ORACLE_FCFS,7566,1,75660001,100.0,100.0,10,36,4,6,4,14.0,0.00017905235290527344,740.0
20260213_151714,AGG_ORACLE_FCFS,7566,1,75660001,100.0,100.0,11,40,5,8,4,16.0,0.0007660388946533203,720.0
20260213_151714,AGG_ORACLE_FCFS,7566,1,75660001,100.0,100.0,12,44,5,7,4,12.0,0.0003788471221923828,720.0
20260213_151714,AGG_ORACLE_FCFS,7566,1,75660001,100.0,100.0,13,48,5,9,4,48.0,0.0014529228210449219,813.3333333333333
20260213_151714,AGG_ORACLE_FCFS,7566,1,75660001,100.0,100.0,14,52,6,12,4,56.0,0.011811971664428711,1440.0
20260213_151714,AGG_ORACLE_FCFS,7566,1,75660001,100.0,100.0,15,56,6,10,4,44.0,0.006875038146972656,1340.0
20260213_151714,AGG_ORACLE_FCFS,7566,1,75660001,100.0,100.0,16,60,6,9,4,40.0,0.0015308856964111328,1480.0
20260213_151714,AGG_ORACLE_FCFS,8740,1,87400001,100.0,100.0,1,0,0,1,1,0.0,1.4066696166992188e-5,0.0
20260213_151714,AGG_ORACLE_FCFS,8740,1,87400001,100.0,100.0,2,4,0,1,1,0.0,5.0067901611328125e-6,0.0
20260213_151714,AGG_ORACLE_FCFS,8740,1,87400001,100.0,100.0,3,8,0,2,2,0.0,1.5974044799804688e-5,0.0
20260213_151714,AGG_ORACLE_FCFS,8740,1,87400001,100.0,100.0,4,12,0,3,3,0.0,2.09808349609375e-5,0.0
20260213_151714,AGG_ORACLE_FCFS,8740,1,87400001,100.0,100.0,5,16,0,1,1,0.0,5.9604644775390625e-6,0.0
20260213_151714,AGG_ORACLE_FCFS,8740,1,87400001,100.0,100.0,6,20,0,7,4,12.0,0.0003490447998046875,1000.0
20260213_151714,AGG_ORACLE_FCFS,8740,1,87400001,100.0,100.0,7,24,1,10,4,24.0,0.003378152847290039,1000.0
20260213_151714,AGG_ORACLE_FCFS,8740,1,87400001,100.0,100.0,8,28,1,7,4,12.0,0.00036597251892089844,1000.0
20260213_151714,AGG_ORACLE_FCFS,8740,1,87400001,100.0,100.0,9,32,3,5,4,4.0,9.202957153320312e-5,333.3333333333333
20260213_151714,AGG_ORACLE_FCFS,8740,1,87400001,100.0,100.0,10,36,4,6,4,14.0,0.0001850128173828125,740.0
20260213_151714,AGG_ORACLE_FCFS,8740,1,87400001,100.0,100.0,11,40,5,8,4,16.0,0.0007741451263427734,720.0
20260213_151714,AGG_ORACLE_FCFS,8740,1,87400001,100.0,100.0,12,44,5,7,4,22.0,0.00038504600524902344,1080.0
20260213_151714,AGG_ORACLE_FCFS,8740,1,87400001,100.0,100.0,13,48,5,9,4,44.0,0.0014431476593017578,813.3333333333333
20260213_151714,AGG_ORACLE_FCFS,8740,1,87400001,100.0,100.0,14,52,6,12,4,56.0,0.015636920928955078,1440.0
20260213_151714,AGG_ORACLE_FCFS,8740,1,87400001,100.0,100.0,15,56,6,10,4,44.0,0.003022909164428711,1340.0
20260213_151714,AGG_ORACLE_FCFS,8740,1,87400001,100.0,100.0,16,60,6,9,4,40.0,0.0015821456909179688,1480.0
20260213_151714,AGG_ORACLE_FCFS,7526,1,75260001,100.0,100.0,1,0,0,1,1,0.0,1.4066696166992188e-5,0.0
20260213_151714,AGG_ORACLE_FCFS,7526,1,75260001,100.0,100.0,2,4,0,1,1,0.0,5.0067901611328125e-6,0.0
20260213_151714,AGG_ORACLE_FCFS,7526,1,75260001,100.0,100.0,3,8,0,2,2,0.0,1.5020370483398438e-5,0.0
20260213_151714,AGG_ORACLE_FCFS,7526,1,75260001,100.0,100.0,4,12,0,3,3,0.0,2.5987625122070312e-5,0.0
20260213_151714,AGG_ORACLE_FCFS,7526,1,75260001,100.0,100.0,5,16,0,1,1,0.0,5.0067901611328125e-6,0.0
20260213_151714,AGG_ORACLE_FCFS,7526,1,75260001,100.0,100.0,6,20,0,7,4,12.0,0.000408172607421875,1000.0
20260213_151714,AGG_ORACLE_FCFS,7526,1,75260001,100.0,100.0,7,24,1,10,4,24.0,0.003384113311767578,1000.0
20260213_151714,AGG_ORACLE_FCFS,7526,1,75260001,100.0,100.0,8,28,1,7,4,12.0,0.0004050731658935547,1000.0
20260213_151714,AGG_ORACLE_FCFS,7526,1,75260001,100.0,100.0,9,32,3,5,4,4.0,0.0001049041748046875,333.3333333333333
20260213_151714,AGG_ORACLE_FCFS,7526,1,75260001,100.0,100.0,10,36,4,6,4,14.0,0.00019097328186035156,740.0
20260213_151714,AGG_ORACLE_FCFS,7526,1,75260001,100.0,100.0,11,40,5,8,4,16.0,0.0007948875427246094,720.0
20260213_151714,AGG_ORACLE_FCFS,7526,1,75260001,100.0,100.0,12,44,5,7,4,12.0,0.0003800392150878906,720.0
20260213_151714,AGG_ORACLE_FCFS,7526,1,75260001,100.0,100.0,13,48,5,9,4,48.0,0.001435995101928711,813.3333333333333
20260213_151714,AGG_ORACLE_FCFS,7526,1,75260001,100.0,100.0,14,52,6,12,4,56.0,0.011924028396606445,1440.0
20260213_151714,AGG_ORACLE_FCFS,7526,1,75260001,100.0,100.0,15,56,6,10,4,44.0,0.003113985061645508,1340.0
20260213_151714,AGG_ORACLE_FCFS,7526,1,75260001,100.0,100.0,16,60,6,9,4,40.0,0.0016391277313232422,1480.0
20260213_151714,AGG_ORACLE_FCFS,6150,1,61500001,100.0,100.0,1,0,0,1,1,0.0,1.5020370483398438e-5,0.0
20260213_151714,AGG_ORACLE_FCFS,6150,1,61500001,100.0,100.0,2,4,0,1,1,0.0,0.004136085510253906,0.0
20260213_151714,AGG_ORACLE_FCFS,6150,1,61500001,100.0,100.0,3,8,0,2,2,0.0,1.9073486328125e-5,0.0
20260213_151714,AGG_ORACLE_FCFS,6150,1,61500001,100.0,100.0,4,12,0,3,3,0.0,2.09808349609375e-5,0.0
20260213_151714,AGG_ORACLE_FCFS,6150,1,61500001,100.0,100.0,5,16,0,1,1,0.0,5.0067901611328125e-6,0.0
20260213_151714,AGG_ORACLE_FCFS,6150,1,61500001,100.0,100.0,6,20,0,7,4,12.0,0.00043392181396484375,1000.0
20260213_151714,AGG_ORACLE_FCFS,6150,1,61500001,100.0,100.0,7,24,1,10,4,24.0,0.0033469200134277344,1000.0
20260213_151714,AGG_ORACLE_FCFS,6150,1,61500001,100.0,100.0,8,28,1,7,4,12.0,0.00041794776916503906,1000.0
20260213_151714,AGG_ORACLE_FCFS,6150,1,61500001,100.0,100.0,9,32,3,5,4,4.0,0.00010085105895996094,333.3333333333333
20260213_151714,AGG_ORACLE_FCFS,6150,1,61500001,100.0,100.0,10,36,4,6,4,14.0,0.00018787384033203125,740.0
20260213_151714,AGG_ORACLE_FCFS,6150,1,61500001,100.0,100.0,11,40,5,8,4,16.0,0.0008280277252197266,720.0
20260213_151714,AGG_ORACLE_FCFS,6150,1,61500001,100.0,100.0,12,44,5,7,4,12.0,0.0004260540008544922,720.0
20260213_151714,AGG_ORACLE_FCFS,6150,1,61500001,100.0,100.0,13,48,5,9,4,48.0,0.0014560222625732422,813.3333333333333
20260213_151714,AGG_ORACLE_FCFS,6150,1,61500001,100.0,100.0,14,52,6,12,4,56.0,0.011687994003295898,1440.0
20260213_151714,AGG_ORACLE_FCFS,6150,1,61500001,100.0,100.0,15,56,6,10,4,44.0,0.006578922271728516,1340.0
20260213_151714,AGG_ORACLE_FCFS,6150,1,61500001,100.0,100.0,16,60,6,9,4,40.0,0.0015740394592285156,1480.0
20260213_151714,AGG_ORACLE_FCFS,5660,1,56600001,100.0,100.0,1,0,0,1,1,0.0,1.4066696166992188e-5,0.0
20260213_151714,AGG_ORACLE_FCFS,5660,1,56600001,100.0,100.0,2,4,0,1,1,0.0,4.0531158447265625e-6,0.0
20260213_151714,AGG_ORACLE_FCFS,5660,1,56600001,100.0,100.0,3,8,0,2,2,0.0,2.3126602172851562e-5,0.0
20260213_151714,AGG_ORACLE_FCFS,5660,1,56600001,100.0,100.0,4,12,0,3,3,0.0,1.811981201171875e-5,0.0
20260213_151714,AGG_ORACLE_FCFS,5660,1,56600001,100.0,100.0,5,16,0,1,1,0.0,3.814697265625e-6,0.0
20260213_151714,AGG_ORACLE_FCFS,5660,1,56600001,100.0,100.0,6,20,0,7,4,12.0,0.0003390312194824219,1000.0
20260213_151714,AGG_ORACLE_FCFS,5660,1,56600001,100.0,100.0,7,24,1,10,4,24.0,0.003422975540161133,1000.0
20260213_151714,AGG_ORACLE_FCFS,5660,1,56600001,100.0,100.0,8,28,1,7,4,12.0,0.0004379749298095703,1000.0
20260213_151714,AGG_ORACLE_FCFS,5660,1,56600001,100.0,100.0,9,32,3,5,4,4.0,9.703636169433594e-5,333.3333333333333
20260213_151714,AGG_ORACLE_FCFS,5660,1,56600001,100.0,100.0,10,36,4,6,4,14.0,0.00018906593322753906,740.0
20260213_151714,AGG_ORACLE_FCFS,5660,1,56600001,100.0,100.0,11,40,5,8,4,16.0,0.0008111000061035156,720.0
20260213_151714,AGG_ORACLE_FCFS,5660,1,56600001,100.0,100.0,12,44,5,7,4,22.0,0.0003859996795654297,1080.0
20260213_151714,AGG_ORACLE_FCFS,5660,1,56600001,100.0,100.0,13,48,5,9,4,44.0,0.0014939308166503906,813.3333333333333
20260213_151714,AGG_ORACLE_FCFS,5660,1,56600001,100.0,100.0,14,52,6,12,4,56.0,0.012091875076293945,1440.0
20260213_151714,AGG_ORACLE_FCFS,5660,1,56600001,100.0,100.0,15,56,6,10,4,44.0,0.007071018218994141,1340.0
20260213_151714,AGG_ORACLE_FCFS,5660,1,56600001,100.0,100.0,16,60,6,9,4,40.0,0.0015499591827392578,1480.0
20260213_151714,AGG_ORACLE_FCFS,1036,1,10360001,100.0,100.0,1,0,0,1,1,0.0,1.4066696166992188e-5,0.0
20260213_151714,AGG_ORACLE_FCFS,1036,1,10360001,100.0,100.0,2,4,0,1,1,0.0,4.0531158447265625e-6,0.0
20260213_151714,AGG_ORACLE_FCFS,1036,1,10360001,100.0,100.0,3,8,0,2,2,0.0,1.3828277587890625e-5,0.0
20260213_151714,AGG_ORACLE_FCFS,1036,1,10360001,100.0,100.0,4,12,0,3,3,0.0,1.8835067749023438e-5,0.0
20260213_151714,AGG_ORACLE_FCFS,1036,1,10360001,100.0,100.0,5,16,0,1,1,0.0,4.0531158447265625e-6,0.0
20260213_151714,AGG_ORACLE_FCFS,1036,1,10360001,100.0,100.0,6,20,0,7,4,12.0,0.00034999847412109375,1000.0
20260213_151714,AGG_ORACLE_FCFS,1036,1,10360001,100.0,100.0,7,24,1,10,4,24.0,0.0033609867095947266,1000.0
20260213_151714,AGG_ORACLE_FCFS,1036,1,10360001,100.0,100.0,8,28,1,7,4,12.0,0.00036716461181640625,1000.0
20260213_151714,AGG_ORACLE_FCFS,1036,1,10360001,100.0,100.0,9,32,3,5,4,4.0,9.083747863769531e-5,333.3333333333333
20260213_151714,AGG_ORACLE_FCFS,1036,1,10360001,100.0,100.0,10,36,4,6,4,14.0,0.00018906593322753906,740.0
20260213_151714,AGG_ORACLE_FCFS,1036,1,10360001,100.0,100.0,11,40,5,8,4,16.0,0.0007669925689697266,720.0
20260213_151714,AGG_ORACLE_FCFS,1036,1,10360001,100.0,100.0,12,44,5,7,4,12.0,0.00040984153747558594,720.0
20260213_151714,AGG_ORACLE_FCFS,1036,1,10360001,100.0,100.0,13,48,5,9,4,48.0,0.001493215560913086,813.3333333333333
20260213_151714,AGG_ORACLE_FCFS,1036,1,10360001,100.0,100.0,14,52,6,12,4,56.0,0.011667013168334961,1440.0
20260213_151714,AGG_ORACLE_FCFS,1036,1,10360001,100.0,100.0,15,56,6,10,4,44.0,0.006815910339355469,1340.0
20260213_151714,AGG_ORACLE_FCFS,1036,1,10360001,100.0,100.0,16,60,6,9,4,40.0,0.0015709400177001953,1480.0
20260213_151714,AGG_ORACLE_FCFS,7209,1,72090001,100.0,100.0,1,0,0,1,1,0.0,1.3113021850585938e-5,0.0
20260213_151714,AGG_ORACLE_FCFS,7209,1,72090001,100.0,100.0,2,4,0,1,1,0.0,3.814697265625e-6,0.0
20260213_151714,AGG_ORACLE_FCFS,7209,1,72090001,100.0,100.0,3,8,0,2,2,0.0,1.3828277587890625e-5,0.0
20260213_151714,AGG_ORACLE_FCFS,7209,1,72090001,100.0,100.0,4,12,0,3,3,0.0,1.9073486328125e-5,0.0
20260213_151714,AGG_ORACLE_FCFS,7209,1,72090001,100.0,100.0,5,16,0,1,1,0.0,1.0967254638671875e-5,0.0
20260213_151714,AGG_ORACLE_FCFS,7209,1,72090001,100.0,100.0,6,20,0,7,4,12.0,0.00034999847412109375,1000.0
20260213_151714,AGG_ORACLE_FCFS,7209,1,72090001,100.0,100.0,7,24,1,10,4,24.0,0.0034019947052001953,1000.0
20260213_151714,AGG_ORACLE_FCFS,7209,1,72090001,100.0,100.0,8,28,1,7,4,12.0,0.0003800392150878906,1000.0
20260213_151714,AGG_ORACLE_FCFS,7209,1,72090001,100.0,100.0,9,32,3,5,4,4.0,9.489059448242188e-5,333.3333333333333
20260213_151714,AGG_ORACLE_FCFS,7209,1,72090001,100.0,100.0,10,36,4,6,4,14.0,0.00018286705017089844,740.0
20260213_151714,AGG_ORACLE_FCFS,7209,1,72090001,100.0,100.0,11,40,5,8,4,16.0,0.0007650852203369141,720.0
20260213_151714,AGG_ORACLE_FCFS,7209,1,72090001,100.0,100.0,12,44,5,7,4,12.0,0.0003840923309326172,720.0
20260213_151714,AGG_ORACLE_FCFS,7209,1,72090001,100.0,100.0,13,48,5,9,4,48.0,0.0014989376068115234,813.3333333333333
20260213_151714,AGG_ORACLE_FCFS,7209,1,72090001,100.0,100.0,14,52,6,12,4,56.0,0.012024879455566406,1440.0
20260213_151714,AGG_ORACLE_FCFS,7209,1,72090001,100.0,100.0,15,56,6,10,4,44.0,0.007057905197143555,1340.0
20260213_151714,AGG_ORACLE_FCFS,7209,1,72090001,100.0,100.0,16,60,6,9,4,40.0,0.0015349388122558594,1480.0
20260213_151714,AGG_ORACLE_FCFS,3106,1,31060001,100.0,100.0,1,0,0,1,1,0.0,1.2874603271484375e-5,0.0
20260213_151714,AGG_ORACLE_FCFS,3106,1,31060001,100.0,100.0,2,4,0,1,1,0.0,4.0531158447265625e-6,0.0
20260213_151714,AGG_ORACLE_FCFS,3106,1,31060001,100.0,100.0,3,8,0,2,2,0.0,1.4066696166992188e-5,0.0
20260213_151714,AGG_ORACLE_FCFS,3106,1,31060001,100.0,100.0,4,12,0,3,3,0.0,1.8835067749023438e-5,0.0
20260213_151714,AGG_ORACLE_FCFS,3106,1,31060001,100.0,100.0,5,16,0,1,1,0.0,1.2874603271484375e-5,0.0
20260213_151714,AGG_ORACLE_FCFS,3106,1,31060001,100.0,100.0,6,20,0,7,4,12.0,0.00034117698669433594,1000.0
20260213_151714,AGG_ORACLE_FCFS,3106,1,31060001,100.0,100.0,7,24,1,10,4,24.0,0.003401041030883789,1000.0
20260213_151714,AGG_ORACLE_FCFS,3106,1,31060001,100.0,100.0,8,28,1,7,4,12.0,0.0003681182861328125,1000.0
20260213_151714,AGG_ORACLE_FCFS,3106,1,31060001,100.0,100.0,9,32,3,5,4,4.0,9.012222290039062e-5,333.3333333333333
20260213_151714,AGG_ORACLE_FCFS,3106,1,31060001,100.0,100.0,10,36,4,6,4,14.0,0.00018906593322753906,740.0
20260213_151714,AGG_ORACLE_FCFS,3106,1,31060001,100.0,100.0,11,40,5,8,4,16.0,0.0007760524749755859,720.0
20260213_151714,AGG_ORACLE_FCFS,3106,1,31060001,100.0,100.0,12,44,5,7,4,22.0,0.0004119873046875,1080.0
20260213_151714,AGG_ORACLE_FCFS,3106,1,31060001,100.0,100.0,13,48,5,9,4,44.0,0.0014469623565673828,813.3333333333333
20260213_151714,AGG_ORACLE_FCFS,3106,1,31060001,100.0,100.0,14,52,6,12,4,56.0,0.0116729736328125,1440.0
20260213_151714,AGG_ORACLE_FCFS,3106,1,31060001,100.0,100.0,15,56,6,10,4,44.0,0.00675201416015625,1340.0
20260213_151714,AGG_ORACLE_FCFS,3106,1,31060001,100.0,100.0,16,60,6,9,4,40.0,0.0015840530395507812,1480.0
20260213_151714,AGG_ORACLE_FCFS,5042,1,50420001,100.0,100.0,1,0,0,1,1,0.0,1.4066696166992188e-5,0.0
20260213_151714,AGG_ORACLE_FCFS,5042,1,50420001,100.0,100.0,2,4,0,1,1,0.0,4.0531158447265625e-6,0.0
20260213_151714,AGG_ORACLE_FCFS,5042,1,50420001,100.0,100.0,3,8,0,2,2,0.0,1.4066696166992188e-5,0.0
20260213_151714,AGG_ORACLE_FCFS,5042,1,50420001,100.0,100.0,4,12,0,3,3,0.0,1.811981201171875e-5,0.0
20260213_151714,AGG_ORACLE_FCFS,5042,1,50420001,100.0,100.0,5,16,0,1,1,0.0,5.0067901611328125e-6,0.0
20260213_151714,AGG_ORACLE_FCFS,5042,1,50420001,100.0,100.0,6,20,0,7,4,12.0,0.00035190582275390625,1000.0
20260213_151714,AGG_ORACLE_FCFS,5042,1,50420001,100.0,100.0,7,24,1,10,4,24.0,0.0033469200134277344,1000.0
20260213_151714,AGG_ORACLE_FCFS,5042,1,50420001,100.0,100.0,8,28,1,7,4,12.0,0.0003681182861328125,1000.0
20260213_151714,AGG_ORACLE_FCFS,5042,1,50420001,100.0,100.0,9,32,3,5,4,4.0,8.988380432128906e-5,333.3333333333333
20260213_151714,AGG_ORACLE_FCFS,5042,1,50420001,100.0,100.0,10,36,4,6,4,14.0,0.00021314620971679688,740.0
20260213_151714,AGG_ORACLE_FCFS,5042,1,50420001,100.0,100.0,11,40,5,8,4,16.0,0.0007889270782470703,720.0
20260213_151714,AGG_ORACLE_FCFS,5042,1,50420001,100.0,100.0,12,44,5,7,4,12.0,0.00039696693420410156,720.0
20260213_151714,AGG_ORACLE_FCFS,5042,1,50420001,100.0,100.0,13,48,5,9,4,48.0,0.0014400482177734375,813.3333333333333
20260213_151714,AGG_ORACLE_FCFS,5042,1,50420001,100.0,100.0,14,52,6,12,4,56.0,0.01179814338684082,1440.0
20260213_151714,AGG_ORACLE_FCFS,5042,1,50420001,100.0,100.0,15,56,6,10,4,44.0,0.006884098052978516,1340.0
20260213_151714,AGG_ORACLE_FCFS,5042,1,50420001,100.0,100.0,16,60,6,9,4,40.0,0.0015780925750732422,1480.0
20260213_151714,AGG_ORACLE_FCFS,7779,1,77790001,100.0,100.0,1,0,0,1,1,0.0,1.2874603271484375e-5,0.0
20260213_151714,AGG_ORACLE_FCFS,7779,1,77790001,100.0,100.0,2,4,0,1,1,0.0,3.814697265625e-6,0.0
20260213_151714,AGG_ORACLE_FCFS,7779,1,77790001,100.0,100.0,3,8,0,2,2,0.0,1.4066696166992188e-5,0.0
20260213_151714,AGG_ORACLE_FCFS,7779,1,77790001,100.0,100.0,4,12,0,3,3,0.0,2.5987625122070312e-5,0.0
20260213_151714,AGG_ORACLE_FCFS,7779,1,77790001,100.0,100.0,5,16,0,1,1,0.0,3.814697265625e-6,0.0
20260213_151714,AGG_ORACLE_FCFS,7779,1,77790001,100.0,100.0,6,20,0,7,4,12.0,0.00036406517028808594,1000.0
20260213_151714,AGG_ORACLE_FCFS,7779,1,77790001,100.0,100.0,7,24,1,10,4,24.0,0.0033359527587890625,1000.0
20260213_151714,AGG_ORACLE_FCFS,7779,1,77790001,100.0,100.0,8,28,1,7,4,12.0,0.00036787986755371094,1000.0
20260213_151714,AGG_ORACLE_FCFS,7779,1,77790001,100.0,100.0,9,32,3,5,4,4.0,8.916854858398438e-5,333.3333333333333
20260213_151714,AGG_ORACLE_FCFS,7779,1,77790001,100.0,100.0,10,36,4,6,4,14.0,0.0001819133758544922,740.0
20260213_151714,AGG_ORACLE_FCFS,7779,1,77790001,100.0,100.0,11,40,5,8,4,16.0,0.0008120536804199219,720.0
20260213_151714,AGG_ORACLE_FCFS,7779,1,77790001,100.0,100.0,12,44,5,7,4,12.0,0.0003769397735595703,720.0
20260213_151714,AGG_ORACLE_FCFS,7779,1,77790001,100.0,100.0,13,48,5,9,4,48.0,0.00146484375,813.3333333333333
20260213_151714,AGG_ORACLE_FCFS,7779,1,77790001,100.0,100.0,14,52,6,12,4,56.0,0.015659093856811523,1440.0
20260213_151714,AGG_ORACLE_FCFS,7779,1,77790001,100.0,100.0,15,56,6,10,4,44.0,0.003077983856201172,1340.0
20260213_151714,AGG_ORACLE_FCFS,7779,1,77790001,100.0,100.0,16,60,6,9,4,40.0,0.0015988349914550781,1480.0
20260213_151714,AGG_ORACLE_FCFS,2047,1,20470001,100.0,100.0,1,0,0,1,1,0.0,1.5974044799804688e-5,0.0
20260213_151714,AGG_ORACLE_FCFS,2047,1,20470001,100.0,100.0,2,4,0,1,1,0.0,4.0531158447265625e-6,0.0
20260213_151714,AGG_ORACLE_FCFS,2047,1,20470001,100.0,100.0,3,8,0,2,2,0.0,1.4781951904296875e-5,0.0
20260213_151714,AGG_ORACLE_FCFS,2047,1,20470001,100.0,100.0,4,12,0,3,3,0.0,1.7881393432617188e-5,0.0
20260213_151714,AGG_ORACLE_FCFS,2047,1,20470001,100.0,100.0,5,16,0,1,1,0.0,1.2874603271484375e-5,0.0
20260213_151714,AGG_ORACLE_FCFS,2047,1,20470001,100.0,100.0,6,20,0,7,4,12.0,0.000347137451171875,1000.0
20260213_151714,AGG_ORACLE_FCFS,2047,1,20470001,100.0,100.0,7,24,1,10,4,24.0,0.003384828567504883,1000.0
20260213_151714,AGG_ORACLE_FCFS,2047,1,20470001,100.0,100.0,8,28,1,7,4,12.0,0.0003650188446044922,1000.0
20260213_151714,AGG_ORACLE_FCFS,2047,1,20470001,100.0,100.0,9,32,3,5,4,4.0,9.083747863769531e-5,333.3333333333333
20260213_151714,AGG_ORACLE_FCFS,2047,1,20470001,100.0,100.0,10,36,4,6,4,14.0,0.0001819133758544922,740.0
20260213_151714,AGG_ORACLE_FCFS,2047,1,20470001,100.0,100.0,11,40,5,8,4,16.0,0.0007719993591308594,720.0
20260213_151714,AGG_ORACLE_FCFS,2047,1,20470001,100.0,100.0,12,44,5,7,4,22.0,0.0003972053527832031,1080.0
20260213_151714,AGG_ORACLE_FCFS,2047,1,20470001,100.0,100.0,13,48,5,9,4,44.0,0.0014770030975341797,813.3333333333333
20260213_151714,AGG_ORACLE_FCFS,2047,1,20470001,100.0,100.0,14,52,6,12,4,56.0,0.011953115463256836,1440.0
20260213_151714,AGG_ORACLE_FCFS,2047,1,20470001,100.0,100.0,15,56,6,10,4,44.0,0.003069162368774414,1340.0
20260213_151714,AGG_ORACLE_FCFS,2047,1,20470001,100.0,100.0,16,60,6,9,4,40.0,0.006022930145263672,1480.0
20260213_151714,AGG_ORACLE_FCFS,4489,1,44890001,100.0,100.0,1,0,0,1,1,0.0,1.5020370483398438e-5,0.0
20260213_151714,AGG_ORACLE_FCFS,4489,1,44890001,100.0,100.0,2,4,0,1,1,0.0,4.0531158447265625e-6,0.0
20260213_151714,AGG_ORACLE_FCFS,4489,1,44890001,100.0,100.0,3,8,0,2,2,0.0,2.09808349609375e-5,0.0
20260213_151714,AGG_ORACLE_FCFS,4489,1,44890001,100.0,100.0,4,12,0,3,3,0.0,2.193450927734375e-5,0.0
20260213_151714,AGG_ORACLE_FCFS,4489,1,44890001,100.0,100.0,5,16,0,1,1,0.0,4.0531158447265625e-6,0.0
20260213_151714,AGG_ORACLE_FCFS,4489,1,44890001,100.0,100.0,6,20,0,7,4,12.0,0.0003409385681152344,1000.0
20260213_151714,AGG_ORACLE_FCFS,4489,1,44890001,100.0,100.0,7,24,1,10,4,24.0,0.003377199172973633,1000.0
20260213_151714,AGG_ORACLE_FCFS,4489,1,44890001,100.0,100.0,8,28,1,7,4,12.0,0.0003910064697265625,1000.0
20260213_151714,AGG_ORACLE_FCFS,4489,1,44890001,100.0,100.0,9,32,3,5,4,4.0,9.298324584960938e-5,333.3333333333333
20260213_151714,AGG_ORACLE_FCFS,4489,1,44890001,100.0,100.0,10,36,4,6,4,14.0,0.00021600723266601562,740.0
20260213_151714,AGG_ORACLE_FCFS,4489,1,44890001,100.0,100.0,11,40,5,8,4,16.0,0.0008380413055419922,720.0
20260213_151714,AGG_ORACLE_FCFS,4489,1,44890001,100.0,100.0,12,44,5,7,4,22.0,0.0004360675811767578,1080.0
20260213_151714,AGG_ORACLE_FCFS,4489,1,44890001,100.0,100.0,13,48,5,9,4,44.0,0.0015060901641845703,813.3333333333333
20260213_151714,AGG_ORACLE_FCFS,4489,1,44890001,100.0,100.0,14,52,6,12,4,56.0,0.01183009147644043,1440.0
20260213_151714,AGG_ORACLE_FCFS,4489,1,44890001,100.0,100.0,15,56,6,10,4,44.0,0.0030739307403564453,1340.0
20260213_151714,AGG_ORACLE_FCFS,4489,1,44890001,100.0,100.0,16,60,6,9,4,40.0,0.005316019058227539,1480.0
20260213_151714,AGG_ORACLE_FCFS,4902,1,49020001,100.0,100.0,1,0,0,1,1,0.0,1.5020370483398438e-5,0.0
20260213_151714,AGG_ORACLE_FCFS,4902,1,49020001,100.0,100.0,2,4,0,1,1,0.0,5.9604644775390625e-6,0.0
20260213_151714,AGG_ORACLE_FCFS,4902,1,49020001,100.0,100.0,3,8,0,2,2,0.0,2.288818359375e-5,0.0
20260213_151714,AGG_ORACLE_FCFS,4902,1,49020001,100.0,100.0,4,12,0,3,3,0.0,1.8835067749023438e-5,0.0
20260213_151714,AGG_ORACLE_FCFS,4902,1,49020001,100.0,100.0,5,16,0,1,1,0.0,5.9604644775390625e-6,0.0
20260213_151714,AGG_ORACLE_FCFS,4902,1,49020001,100.0,100.0,6,20,0,7,4,12.0,0.0003509521484375,1000.0
20260213_151714,AGG_ORACLE_FCFS,4902,1,49020001,100.0,100.0,7,24,1,10,4,24.0,0.003361940383911133,1000.0
20260213_151714,AGG_ORACLE_FCFS,4902,1,49020001,100.0,100.0,8,28,1,7,4,12.0,0.00037288665771484375,1000.0
20260213_151714,AGG_ORACLE_FCFS,4902,1,49020001,100.0,100.0,9,32,3,5,4,4.0,9.012222290039062e-5,333.3333333333333
20260213_151714,AGG_ORACLE_FCFS,4902,1,49020001,100.0,100.0,10,36,4,6,4,14.0,0.0001850128173828125,740.0
20260213_151714,AGG_ORACLE_FCFS,4902,1,49020001,100.0,100.0,11,40,5,8,4,16.0,0.0008180141448974609,720.0
20260213_151714,AGG_ORACLE_FCFS,4902,1,49020001,100.0,100.0,12,44,5,7,4,12.0,0.00043010711669921875,720.0
20260213_151714,AGG_ORACLE_FCFS,4902,1,49020001,100.0,100.0,13,48,5,9,4,48.0,0.001458883285522461,813.3333333333333
20260213_151714,AGG_ORACLE_FCFS,4902,1,49020001,100.0,100.0,14,52,6,12,4,56.0,0.011857986450195312,1440.0
20260213_151714,AGG_ORACLE_FCFS,4902,1,49020001,100.0,100.0,15,56,6,10,4,44.0,0.0030519962310791016,1340.0
20260213_151714,AGG_ORACLE_FCFS,4902,1,49020001,100.0,100.0,16,60,6,9,4,40.0,0.001638174057006836,1480.0
20260213_151714,AGG_ORACLE_FCFS,8084,1,80840001,100.0,100.0,1,0,0,1,1,0.0,1.3113021850585938e-5,0.0
20260213_151714,AGG_ORACLE_FCFS,8084,1,80840001,100.0,100.0,2,4,0,1,1,0.0,4.0531158447265625e-6,0.0
20260213_151714,AGG_ORACLE_FCFS,8084,1,80840001,100.0,100.0,3,8,0,2,2,0.0,1.5020370483398438e-5,0.0
20260213_151714,AGG_ORACLE_FCFS,8084,1,80840001,100.0,100.0,4,12,0,3,3,0.0,1.7881393432617188e-5,0.0
20260213_151714,AGG_ORACLE_FCFS,8084,1,80840001,100.0,100.0,5,16,0,1,1,0.0,1.1205673217773438e-5,0.0
20260213_151714,AGG_ORACLE_FCFS,8084,1,80840001,100.0,100.0,6,20,0,7,4,12.0,0.0003428459167480469,1000.0
20260213_151714,AGG_ORACLE_FCFS,8084,1,80840001,100.0,100.0,7,24,1,10,4,24.0,0.003371000289916992,1000.0
20260213_151714,AGG_ORACLE_FCFS,8084,1,80840001,100.0,100.0,8,28,1,7,4,12.0,0.00036907196044921875,1000.0
20260213_151714,AGG_ORACLE_FCFS,8084,1,80840001,100.0,100.0,9,32,3,5,4,4.0,0.00010800361633300781,333.3333333333333
20260213_151714,AGG_ORACLE_FCFS,8084,1,80840001,100.0,100.0,10,36,4,6,4,14.0,0.0001900196075439453,740.0
20260213_151714,AGG_ORACLE_FCFS,8084,1,80840001,100.0,100.0,11,40,5,8,4,16.0,0.0007789134979248047,720.0
20260213_151714,AGG_ORACLE_FCFS,8084,1,80840001,100.0,100.0,12,44,5,7,4,12.0,0.0003790855407714844,720.0
20260213_151714,AGG_ORACLE_FCFS,8084,1,80840001,100.0,100.0,13,48,5,9,4,48.0,0.0015189647674560547,813.3333333333333
20260213_151714,AGG_ORACLE_FCFS,8084,1,80840001,100.0,100.0,14,52,6,12,4,56.0,0.011761903762817383,1440.0
20260213_151714,AGG_ORACLE_FCFS,8084,1,80840001,100.0,100.0,15,56,6,10,4,44.0,0.006660938262939453,1340.0
20260213_151714,AGG_ORACLE_FCFS,8084,1,80840001,100.0,100.0,16,60,6,9,4,40.0,0.0015621185302734375,1480.0
20260213_151714,AGG_ORACLE_FCFS,6811,1,68110001,100.0,100.0,1,0,0,1,1,0.0,1.4066696166992188e-5,0.0
20260213_151714,AGG_ORACLE_FCFS,6811,1,68110001,100.0,100.0,2,4,0,1,1,0.0,5.0067901611328125e-6,0.0
20260213_151714,AGG_ORACLE_FCFS,6811,1,68110001,100.0,100.0,3,8,0,2,2,0.0,1.5974044799804688e-5,0.0
20260213_151714,AGG_ORACLE_FCFS,6811,1,68110001,100.0,100.0,4,12,0,3,3,0.0,1.7881393432617188e-5,0.0
20260213_151714,AGG_ORACLE_FCFS,6811,1,68110001,100.0,100.0,5,16,0,1,1,0.0,7.867813110351562e-6,0.0
20260213_151714,AGG_ORACLE_FCFS,6811,1,68110001,100.0,100.0,6,20,0,7,4,12.0,0.00032901763916015625,1000.0
20260213_151714,AGG_ORACLE_FCFS,6811,1,68110001,100.0,100.0,7,24,1,10,4,24.0,0.0034041404724121094,1000.0
20260213_151714,AGG_ORACLE_FCFS,6811,1,68110001,100.0,100.0,8,28,1,7,4,12.0,0.0003650188446044922,1000.0
20260213_151714,AGG_ORACLE_FCFS,6811,1,68110001,100.0,100.0,9,32,3,5,4,4.0,8.797645568847656e-5,333.3333333333333
20260213_151714,AGG_ORACLE_FCFS,6811,1,68110001,100.0,100.0,10,36,4,6,4,14.0,0.00018215179443359375,740.0
20260213_151714,AGG_ORACLE_FCFS,6811,1,68110001,100.0,100.0,11,40,5,8,4,16.0,0.0008020401000976562,720.0
20260213_151714,AGG_ORACLE_FCFS,6811,1,68110001,100.0,100.0,12,44,5,7,4,12.0,0.00038695335388183594,720.0
20260213_151714,AGG_ORACLE_FCFS,6811,1,68110001,100.0,100.0,13,48,5,9,4,48.0,0.0014681816101074219,813.3333333333333
20260213_151714,AGG_ORACLE_FCFS,6811,1,68110001,100.0,100.0,14,52,6,12,4,56.0,0.011859893798828125,1440.0
20260213_151714,AGG_ORACLE_FCFS,6811,1,68110001,100.0,100.0,15,56,6,10,4,44.0,0.006875038146972656,1340.0
20260213_151714,AGG_ORACLE_FCFS,6811,1,68110001,100.0,100.0,16,60,6,9,4,40.0,0.0015969276428222656,1480.0
20260213_151714,AGG_ORACLE_FCFS,2732,1,27320001,100.0,100.0,1,0,0,1,1,0.0,1.2874603271484375e-5,0.0
20260213_151714,AGG_ORACLE_FCFS,2732,1,27320001,100.0,100.0,2,4,0,1,1,0.0,4.0531158447265625e-6,0.0
20260213_151714,AGG_ORACLE_FCFS,2732,1,27320001,100.0,100.0,3,8,0,2,2,0.0,1.5020370483398438e-5,0.0
20260213_151714,AGG_ORACLE_FCFS,2732,1,27320001,100.0,100.0,4,12,0,3,3,0.0,1.811981201171875e-5,0.0
20260213_151714,AGG_ORACLE_FCFS,2732,1,27320001,100.0,100.0,5,16,0,1,1,0.0,1.5020370483398438e-5,0.0
20260213_151714,AGG_ORACLE_FCFS,2732,1,27320001,100.0,100.0,6,20,0,7,4,12.0,0.00038695335388183594,1000.0
20260213_151714,AGG_ORACLE_FCFS,2732,1,27320001,100.0,100.0,7,24,1,10,4,24.0,0.0034520626068115234,1000.0
20260213_151714,AGG_ORACLE_FCFS,2732,1,27320001,100.0,100.0,8,28,1,7,4,12.0,0.0003769397735595703,1000.0
20260213_151714,AGG_ORACLE_FCFS,2732,1,27320001,100.0,100.0,9,32,3,5,4,4.0,8.988380432128906e-5,333.3333333333333
20260213_151714,AGG_ORACLE_FCFS,2732,1,27320001,100.0,100.0,10,36,4,6,4,14.0,0.00018215179443359375,740.0
20260213_151714,AGG_ORACLE_FCFS,2732,1,27320001,100.0,100.0,11,40,5,8,4,16.0,0.0007688999176025391,720.0
20260213_151714,AGG_ORACLE_FCFS,2732,1,27320001,100.0,100.0,12,44,5,7,4,12.0,0.0003840923309326172,720.0
20260213_151714,AGG_ORACLE_FCFS,2732,1,27320001,100.0,100.0,13,48,5,9,4,48.0,0.001425027847290039,813.3333333333333
20260213_151714,AGG_ORACLE_FCFS,2732,1,27320001,100.0,100.0,14,52,6,12,4,56.0,0.01570296287536621,1440.0
20260213_151714,AGG_ORACLE_FCFS,2732,1,27320001,100.0,100.0,15,56,6,10,4,44.0,0.003031015396118164,1340.0
20260213_151714,AGG_ORACLE_FCFS,2732,1,27320001,100.0,100.0,16,60,6,9,4,40.0,0.0016090869903564453,1480.0
20260213_151714,AGG_ORACLE_FCFS,3069,1,30690001,100.0,100.0,1,0,0,1,1,0.0,1.2874603271484375e-5,0.0
20260213_151714,AGG_ORACLE_FCFS,3069,1,30690001,100.0,100.0,2,4,0,1,1,0.0,4.0531158447265625e-6,0.0
20260213_151714,AGG_ORACLE_FCFS,3069,1,30690001,100.0,100.0,3,8,0,2,2,0.0,1.5020370483398438e-5,0.0
20260213_151714,AGG_ORACLE_FCFS,3069,1,30690001,100.0,100.0,4,12,0,3,3,0.0,1.811981201171875e-5,0.0
20260213_151714,AGG_ORACLE_FCFS,3069,1,30690001,100.0,100.0,5,16,0,1,1,0.0,4.0531158447265625e-6,0.0
20260213_151714,AGG_ORACLE_FCFS,3069,1,30690001,100.0,100.0,6,20,0,7,4,12.0,0.00036406517028808594,1000.0
20260213_151714,AGG_ORACLE_FCFS,3069,1,30690001,100.0,100.0,7,24,1,10,4,24.0,0.003345966339111328,1000.0
20260213_151714,AGG_ORACLE_FCFS,3069,1,30690001,100.0,100.0,8,28,1,7,4,12.0,0.00036716461181640625,1000.0
20260213_151714,AGG_ORACLE_FCFS,3069,1,30690001,100.0,100.0,9,32,3,5,4,4.0,9.202957153320312e-5,333.3333333333333
20260213_151714,AGG_ORACLE_FCFS,3069,1,30690001,100.0,100.0,10,36,4,6,4,14.0,0.000186920166015625,740.0
20260213_151714,AGG_ORACLE_FCFS,3069,1,30690001,100.0,100.0,11,40,5,8,4,16.0,0.0007760524749755859,720.0
20260213_151714,AGG_ORACLE_FCFS,3069,1,30690001,100.0,100.0,12,44,5,7,4,12.0,0.00045013427734375,720.0
20260213_151714,AGG_ORACLE_FCFS,3069,1,30690001,100.0,100.0,13,48,5,9,4,48.0,0.0014460086822509766,813.3333333333333
20260213_151714,AGG_ORACLE_FCFS,3069,1,30690001,100.0,100.0,14,52,6,12,4,56.0,0.011831998825073242,1440.0
20260213_151714,AGG_ORACLE_FCFS,3069,1,30690001,100.0,100.0,15,56,6,10,4,44.0,0.003036975860595703,1340.0
20260213_151714,AGG_ORACLE_FCFS,3069,1,30690001,100.0,100.0,16,60,6,9,4,40.0,0.00613093376159668,1480.0
20260213_151714,AGG_ORACLE_FCFS,4457,1,44570001,100.0,100.0,1,0,0,1,1,0.0,2.193450927734375e-5,0.0
20260213_151714,AGG_ORACLE_FCFS,4457,1,44570001,100.0,100.0,2,4,0,1,1,0.0,5.0067901611328125e-6,0.0
20260213_151714,AGG_ORACLE_FCFS,4457,1,44570001,100.0,100.0,3,8,0,2,2,0.0,1.8835067749023438e-5,0.0
20260213_151714,AGG_ORACLE_FCFS,4457,1,44570001,100.0,100.0,4,12,0,3,3,0.0,1.7881393432617188e-5,0.0
20260213_151714,AGG_ORACLE_FCFS,4457,1,44570001,100.0,100.0,5,16,0,1,1,0.0,3.814697265625e-6,0.0
20260213_151714,AGG_ORACLE_FCFS,4457,1,44570001,100.0,100.0,6,20,0,7,4,12.0,0.00033211708068847656,1000.0
20260213_151714,AGG_ORACLE_FCFS,4457,1,44570001,100.0,100.0,7,24,1,10,4,24.0,0.003434896469116211,1000.0
20260213_151714,AGG_ORACLE_FCFS,4457,1,44570001,100.0,100.0,8,28,1,7,4,12.0,0.0003650188446044922,1000.0
20260213_151714,AGG_ORACLE_FCFS,4457,1,44570001,100.0,100.0,9,32,3,5,4,4.0,8.916854858398438e-5,333.3333333333333
20260213_151714,AGG_ORACLE_FCFS,4457,1,44570001,100.0,100.0,10,36,4,6,4,14.0,0.0001850128173828125,740.0
20260213_151714,AGG_ORACLE_FCFS,4457,1,44570001,100.0,100.0,11,40,5,8,4,16.0,0.0008389949798583984,720.0
20260213_151714,AGG_ORACLE_FCFS,4457,1,44570001,100.0,100.0,12,44,5,7,4,22.0,0.00038909912109375,1080.0
20260213_151714,AGG_ORACLE_FCFS,4457,1,44570001,100.0,100.0,13,48,5,9,4,44.0,0.0015079975128173828,813.3333333333333
20260213_151714,AGG_ORACLE_FCFS,4457,1,44570001,100.0,100.0,14,52,6,12,4,56.0,0.01209115982055664,1440.0
20260213_151714,AGG_ORACLE_FCFS,4457,1,44570001,100.0,100.0,15,56,6,10,4,44.0,0.0030820369720458984,1340.0
20260213_151714,AGG_ORACLE_FCFS,4457,1,44570001,100.0,100.0,16,60,6,9,4,40.0,0.0053861141204833984,1480.0
20260213_151714,AGG_ORACLE_FCFS,5680,1,56800001,100.0,100.0,1,0,0,1,1,0.0,1.5020370483398438e-5,0.0
20260213_151714,AGG_ORACLE_FCFS,5680,1,56800001,100.0,100.0,2,4,0,1,1,0.0,4.0531158447265625e-6,0.0
20260213_151714,AGG_ORACLE_FCFS,5680,1,56800001,100.0,100.0,3,8,0,2,2,0.0,1.5020370483398438e-5,0.0
20260213_151714,AGG_ORACLE_FCFS,5680,1,56800001,100.0,100.0,4,12,0,3,3,0.0,2.5033950805664062e-5,0.0
20260213_151714,AGG_ORACLE_FCFS,5680,1,56800001,100.0,100.0,5,16,0,1,1,0.0,4.0531158447265625e-6,0.0
20260213_151714,AGG_ORACLE_FCFS,5680,1,56800001,100.0,100.0,6,20,0,7,4,12.0,0.0003390312194824219,1000.0
20260213_151714,AGG_ORACLE_FCFS,5680,1,56800001,100.0,100.0,7,24,1,10,4,24.0,0.003422975540161133,1000.0
20260213_151714,AGG_ORACLE_FCFS,5680,1,56800001,100.0,100.0,8,28,1,7,4,12.0,0.0003838539123535156,1000.0
20260213_151714,AGG_ORACLE_FCFS,5680,1,56800001,100.0,100.0,9,32,3,5,4,4.0,9.202957153320312e-5,333.3333333333333
20260213_151714,AGG_ORACLE_FCFS,5680,1,56800001,100.0,100.0,10,36,4,6,4,14.0,0.0001938343048095703,740.0
20260213_151714,AGG_ORACLE_FCFS,5680,1,56800001,100.0,100.0,11,40,5,8,4,16.0,0.0008299350738525391,720.0
20260213_151714,AGG_ORACLE_FCFS,5680,1,56800001,100.0,100.0,12,44,5,7,4,22.0,0.00043201446533203125,1080.0
20260213_151714,AGG_ORACLE_FCFS,5680,1,56800001,100.0,100.0,13,48,5,9,4,44.0,0.0014801025390625,813.3333333333333
20260213_151714,AGG_ORACLE_FCFS,5680,1,56800001,100.0,100.0,14,52,6,12,4,56.0,0.011980056762695312,1440.0
20260213_151714,AGG_ORACLE_FCFS,5680,1,56800001,100.0,100.0,15,56,6,10,4,44.0,0.003056049346923828,1340.0
20260213_151714,AGG_ORACLE_FCFS,5680,1,56800001,100.0,100.0,16,60,6,9,4,40.0,0.0015499591827392578,1480.0
20260213_151714,AGG_ORACLE_FCFS,6485,1,64850001,100.0,100.0,1,0,0,1,1,0.0,1.3828277587890625e-5,0.0
20260213_151714,AGG_ORACLE_FCFS,6485,1,64850001,100.0,100.0,2,4,0,1,1,0.0,3.814697265625e-6,0.0
20260213_151714,AGG_ORACLE_FCFS,6485,1,64850001,100.0,100.0,3,8,0,2,2,0.0,1.4066696166992188e-5,0.0
20260213_151714,AGG_ORACLE_FCFS,6485,1,64850001,100.0,100.0,4,12,0,3,3,0.0,1.811981201171875e-5,0.0
20260213_151714,AGG_ORACLE_FCFS,6485,1,64850001,100.0,100.0,5,16,0,1,1,0.0,5.0067901611328125e-6,0.0
20260213_151714,AGG_ORACLE_FCFS,6485,1,64850001,100.0,100.0,6,20,0,7,4,12.0,0.0003521442413330078,1000.0
20260213_151714,AGG_ORACLE_FCFS,6485,1,64850001,100.0,100.0,7,24,1,10,4,24.0,0.0033299922943115234,1000.0
20260213_151714,AGG_ORACLE_FCFS,6485,1,64850001,100.0,100.0,8,28,1,7,4,12.0,0.00037097930908203125,1000.0
20260213_151714,AGG_ORACLE_FCFS,6485,1,64850001,100.0,100.0,9,32,3,5,4,4.0,9.083747863769531e-5,333.3333333333333
20260213_151714,AGG_ORACLE_FCFS,6485,1,64850001,100.0,100.0,10,36,4,6,4,14.0,0.0001919269561767578,740.0
20260213_151714,AGG_ORACLE_FCFS,6485,1,64850001,100.0,100.0,11,40,5,8,4,16.0,0.0007870197296142578,720.0
20260213_151714,AGG_ORACLE_FCFS,6485,1,64850001,100.0,100.0,12,44,5,7,4,12.0,0.00038504600524902344,720.0
20260213_151714,AGG_ORACLE_FCFS,6485,1,64850001,100.0,100.0,13,48,5,9,4,48.0,0.0014481544494628906,813.3333333333333
20260213_151714,AGG_ORACLE_FCFS,6485,1,64850001,100.0,100.0,14,52,6,12,4,56.0,0.011759042739868164,1440.0
20260213_151714,AGG_ORACLE_FCFS,6485,1,64850001,100.0,100.0,15,56,6,10,4,44.0,0.0066030025482177734,1340.0
20260213_151714,AGG_ORACLE_FCFS,6485,1,64850001,100.0,100.0,16,60,6,9,4,40.0,0.0015950202941894531,1480.0
20260213_151714,AGG_ORACLE_FCFS,3287,1,32870001,100.0,100.0,1,0,0,1,1,0.0,1.5020370483398438e-5,0.0
20260213_151714,AGG_ORACLE_FCFS,3287,1,32870001,100.0,100.0,2,4,0,1,1,0.0,3.814697265625e-6,0.0
20260213_151714,AGG_ORACLE_FCFS,3287,1,32870001,100.0,100.0,3,8,0,2,2,0.0,2.6941299438476562e-5,0.0
20260213_151714,AGG_ORACLE_FCFS,3287,1,32870001,100.0,100.0,4,12,0,3,3,0.0,2.2172927856445312e-5,0.0
20260213_151714,AGG_ORACLE_FCFS,3287,1,32870001,100.0,100.0,5,16,0,1,1,0.0,5.0067901611328125e-6,0.0
20260213_151714,AGG_ORACLE_FCFS,3287,1,32870001,100.0,100.0,6,20,0,7,4,12.0,0.0003330707550048828,1000.0
20260213_151714,AGG_ORACLE_FCFS,3287,1,32870001,100.0,100.0,7,24,1,10,4,24.0,0.0033910274505615234,1000.0
20260213_151714,AGG_ORACLE_FCFS,3287,1,32870001,100.0,100.0,8,28,1,7,4,12.0,0.0003650188446044922,1000.0
20260213_151714,AGG_ORACLE_FCFS,3287,1,32870001,100.0,100.0,9,32,3,5,4,4.0,8.916854858398438e-5,333.3333333333333
20260213_151714,AGG_ORACLE_FCFS,3287,1,32870001,100.0,100.0,10,36,4,6,4,14.0,0.00018310546875,740.0
20260213_151714,AGG_ORACLE_FCFS,3287,1,32870001,100.0,100.0,11,40,5,8,4,16.0,0.0007698535919189453,720.0
20260213_151714,AGG_ORACLE_FCFS,3287,1,32870001,100.0,100.0,12,44,5,7,4,12.0,0.00039386749267578125,720.0
20260213_151714,AGG_ORACLE_FCFS,3287,1,32870001,100.0,100.0,13,48,5,9,4,48.0,0.001447916030883789,813.3333333333333
20260213_151714,AGG_ORACLE_FCFS,3287,1,32870001,100.0,100.0,14,52,6,12,4,56.0,0.011985063552856445,1440.0
20260213_151714,AGG_ORACLE_FCFS,3287,1,32870001,100.0,100.0,15,56,6,10,4,44.0,0.0030999183654785156,1340.0
20260213_151714,AGG_ORACLE_FCFS,3287,1,32870001,100.0,100.0,16,60,6,9,4,40.0,0.0016198158264160156,1480.0
20260213_151714,AGG_ORACLE_FCFS,8179,1,81790001,100.0,100.0,1,0,0,1,1,0.0,2.2172927856445312e-5,0.0
20260213_151714,AGG_ORACLE_FCFS,8179,1,81790001,100.0,100.0,2,4,0,1,1,0.0,5.0067901611328125e-6,0.0
20260213_151714,AGG_ORACLE_FCFS,8179,1,81790001,100.0,100.0,3,8,0,2,2,0.0,1.8835067749023438e-5,0.0
20260213_151714,AGG_ORACLE_FCFS,8179,1,81790001,100.0,100.0,4,12,0,3,3,0.0,2.002716064453125e-5,0.0
20260213_151714,AGG_ORACLE_FCFS,8179,1,81790001,100.0,100.0,5,16,0,1,1,0.0,5.0067901611328125e-6,0.0
20260213_151714,AGG_ORACLE_FCFS,8179,1,81790001,100.0,100.0,6,20,0,7,4,12.0,0.0003399848937988281,1000.0
20260213_151714,AGG_ORACLE_FCFS,8179,1,81790001,100.0,100.0,7,24,1,10,4,24.0,0.0033850669860839844,1000.0
20260213_151714,AGG_ORACLE_FCFS,8179,1,81790001,100.0,100.0,8,28,1,7,4,12.0,0.00036716461181640625,1000.0
20260213_151714,AGG_ORACLE_FCFS,8179,1,81790001,100.0,100.0,9,32,3,5,4,4.0,8.988380432128906e-5,333.3333333333333
20260213_151714,AGG_ORACLE_FCFS,8179,1,81790001,100.0,100.0,10,36,4,6,4,14.0,0.00020694732666015625,740.0
20260213_151714,AGG_ORACLE_FCFS,8179,1,81790001,100.0,100.0,11,40,5,8,4,16.0,0.0007851123809814453,720.0
20260213_151714,AGG_ORACLE_FCFS,8179,1,81790001,100.0,100.0,12,44,5,7,4,22.0,0.00039196014404296875,1080.0
20260213_151714,AGG_ORACLE_FCFS,8179,1,81790001,100.0,100.0,13,48,5,9,4,44.0,0.001413106918334961,813.3333333333333
20260213_151714,AGG_ORACLE_FCFS,8179,1,81790001,100.0,100.0,14,52,6,12,4,56.0,0.011796951293945312,1440.0
20260213_151714,AGG_ORACLE_FCFS,8179,1,81790001,100.0,100.0,15,56,6,10,4,44.0,0.007008790969848633,1340.0
20260213_151714,AGG_ORACLE_FCFS,8179,1,81790001,100.0,100.0,16,60,6,9,4,40.0,0.0015959739685058594,1480.0
20260213_151714,AGG_ORACLE_FCFS,9249,1,92490001,100.0,100.0,1,0,0,1,1,0.0,1.3828277587890625e-5,0.0
20260213_151714,AGG_ORACLE_FCFS,9249,1,92490001,100.0,100.0,2,4,0,1,1,0.0,5.0067901611328125e-6,0.0
20260213_151714,AGG_ORACLE_FCFS,9249,1,92490001,100.0,100.0,3,8,0,2,2,0.0,2.4080276489257812e-5,0.0
20260213_151714,AGG_ORACLE_FCFS,9249,1,92490001,100.0,100.0,4,12,0,3,3,0.0,2.193450927734375e-5,0.0
20260213_151714,AGG_ORACLE_FCFS,9249,1,92490001,100.0,100.0,5,16,0,1,1,0.0,4.0531158447265625e-6,0.0
20260213_151714,AGG_ORACLE_FCFS,9249,1,92490001,100.0,100.0,6,20,0,7,4,12.0,0.0003509521484375,1000.0
20260213_151714,AGG_ORACLE_FCFS,9249,1,92490001,100.0,100.0,7,24,1,10,4,24.0,0.0034470558166503906,1000.0
20260213_151714,AGG_ORACLE_FCFS,9249,1,92490001,100.0,100.0,8,28,1,7,4,12.0,0.0003731250762939453,1000.0
20260213_151714,AGG_ORACLE_FCFS,9249,1,92490001,100.0,100.0,9,32,3,5,4,4.0,9.393692016601562e-5,333.3333333333333
20260213_151714,AGG_ORACLE_FCFS,9249,1,92490001,100.0,100.0,10,36,4,6,4,14.0,0.0002110004425048828,740.0
20260213_151714,AGG_ORACLE_FCFS,9249,1,92490001,100.0,100.0,11,40,5,8,4,16.0,0.000782012939453125,720.0
20260213_151714,AGG_ORACLE_FCFS,9249,1,92490001,100.0,100.0,12,44,5,7,4,22.0,0.0003819465637207031,1080.0
20260213_151714,AGG_ORACLE_FCFS,9249,1,92490001,100.0,100.0,13,48,5,9,4,44.0,0.0014519691467285156,813.3333333333333
20260213_151714,AGG_ORACLE_FCFS,9249,1,92490001,100.0,100.0,14,52,6,12,4,56.0,0.011713981628417969,1440.0
20260213_151714,AGG_ORACLE_FCFS,9249,1,92490001,100.0,100.0,15,56,6,10,4,44.0,0.006968021392822266,1340.0
20260213_151714,AGG_ORACLE_FCFS,9249,1,92490001,100.0,100.0,16,60,6,9,4,40.0,0.0015499591827392578,1480.0
20260213_151714,AGG_ORACLE_FCFS,8304,1,83040001,100.0,100.0,1,0,0,1,1,0.0,1.5974044799804688e-5,0.0
20260213_151714,AGG_ORACLE_FCFS,8304,1,83040001,100.0,100.0,2,4,0,1,1,0.0,4.0531158447265625e-6,0.0
20260213_151714,AGG_ORACLE_FCFS,8304,1,83040001,100.0,100.0,3,8,0,2,2,0.0,1.5020370483398438e-5,0.0
20260213_151714,AGG_ORACLE_FCFS,8304,1,83040001,100.0,100.0,4,12,0,3,3,0.0,2.002716064453125e-5,0.0
20260213_151714,AGG_ORACLE_FCFS,8304,1,83040001,100.0,100.0,5,16,0,1,1,0.0,1.2159347534179688e-5,0.0
20260213_151714,AGG_ORACLE_FCFS,8304,1,83040001,100.0,100.0,6,20,0,7,4,12.0,0.0003437995910644531,1000.0
20260213_151714,AGG_ORACLE_FCFS,8304,1,83040001,100.0,100.0,7,24,1,10,4,24.0,0.0034110546112060547,1000.0
20260213_151714,AGG_ORACLE_FCFS,8304,1,83040001,100.0,100.0,8,28,1,7,4,12.0,0.0003631114959716797,1000.0
20260213_151714,AGG_ORACLE_FCFS,8304,1,83040001,100.0,100.0,9,32,3,5,4,4.0,8.988380432128906e-5,333.3333333333333
20260213_151714,AGG_ORACLE_FCFS,8304,1,83040001,100.0,100.0,10,36,4,6,4,14.0,0.0001819133758544922,740.0
20260213_151714,AGG_ORACLE_FCFS,8304,1,83040001,100.0,100.0,11,40,5,8,4,16.0,0.0008130073547363281,720.0
20260213_151714,AGG_ORACLE_FCFS,8304,1,83040001,100.0,100.0,12,44,5,7,4,22.0,0.00041794776916503906,1080.0
20260213_151714,AGG_ORACLE_FCFS,8304,1,83040001,100.0,100.0,13,48,5,9,4,44.0,0.0014319419860839844,813.3333333333333
20260213_151714,AGG_ORACLE_FCFS,8304,1,83040001,100.0,100.0,14,52,6,12,4,56.0,0.011690139770507812,1440.0
20260213_151714,AGG_ORACLE_FCFS,8304,1,83040001,100.0,100.0,15,56,6,10,4,44.0,0.007007122039794922,1340.0
20260213_151714,AGG_ORACLE_FCFS,8304,1,83040001,100.0,100.0,16,60,6,9,4,40.0,0.0016200542449951172,1480.0
20260213_151714,AGG_ORACLE_FCFS,378,1,3780001,100.0,100.0,1,0,0,1,1,0.0,1.5020370483398438e-5,0.0
20260213_151714,AGG_ORACLE_FCFS,378,1,3780001,100.0,100.0,2,4,0,1,1,0.0,3.814697265625e-6,0.0
20260213_151714,AGG_ORACLE_FCFS,378,1,3780001,100.0,100.0,3,8,0,2,2,0.0,1.5020370483398438e-5,0.0
20260213_151714,AGG_ORACLE_FCFS,378,1,3780001,100.0,100.0,4,12,0,3,3,0.0,2.5033950805664062e-5,0.0
20260213_151714,AGG_ORACLE_FCFS,378,1,3780001,100.0,100.0,5,16,0,1,1,0.0,5.0067901611328125e-6,0.0
20260213_151714,AGG_ORACLE_FCFS,378,1,3780001,100.0,100.0,6,20,0,7,4,12.0,0.0003600120544433594,1000.0
20260213_151714,AGG_ORACLE_FCFS,378,1,3780001,100.0,100.0,7,24,1,10,4,24.0,0.003503084182739258,1000.0
20260213_151714,AGG_ORACLE_FCFS,378,1,3780001,100.0,100.0,8,28,1,7,4,12.0,0.000370025634765625,1000.0
20260213_151714,AGG_ORACLE_FCFS,378,1,3780001,100.0,100.0,9,32,3,5,4,4.0,0.00010895729064941406,333.3333333333333
20260213_151714,AGG_ORACLE_FCFS,378,1,3780001,100.0,100.0,10,36,4,6,4,14.0,0.0001938343048095703,740.0
20260213_151714,AGG_ORACLE_FCFS,378,1,3780001,100.0,100.0,11,40,5,8,4,16.0,0.0007901191711425781,720.0
20260213_151714,AGG_ORACLE_FCFS,378,1,3780001,100.0,100.0,12,44,5,7,4,22.0,0.00038886070251464844,1080.0
20260213_151714,AGG_ORACLE_FCFS,378,1,3780001,100.0,100.0,13,48,5,9,4,44.0,0.0014600753784179688,813.3333333333333
20260213_151714,AGG_ORACLE_FCFS,378,1,3780001,100.0,100.0,14,52,6,12,4,56.0,0.012056827545166016,1440.0
20260213_151714,AGG_ORACLE_FCFS,378,1,3780001,100.0,100.0,15,56,6,10,4,44.0,0.006945133209228516,1340.0
20260213_151714,AGG_ORACLE_FCFS,378,1,3780001,100.0,100.0,16,60,6,9,4,40.0,0.0015730857849121094,1480.0
20260213_151714,AGG_ORACLE_FCFS,5168,1,51680001,100.0,100.0,1,0,0,1,1,0.0,2.4080276489257812e-5,0.0
20260213_151714,AGG_ORACLE_FCFS,5168,1,51680001,100.0,100.0,2,4,0,1,1,0.0,3.0994415283203125e-6,0.0
20260213_151714,AGG_ORACLE_FCFS,5168,1,51680001,100.0,100.0,3,8,0,2,2,0.0,1.5974044799804688e-5,0.0
20260213_151714,AGG_ORACLE_FCFS,5168,1,51680001,100.0,100.0,4,12,0,3,3,0.0,1.6927719116210938e-5,0.0
20260213_151714,AGG_ORACLE_FCFS,5168,1,51680001,100.0,100.0,5,16,0,1,1,0.0,5.0067901611328125e-6,0.0
20260213_151714,AGG_ORACLE_FCFS,5168,1,51680001,100.0,100.0,6,20,0,7,4,12.0,0.0003380775451660156,1000.0
20260213_151714,AGG_ORACLE_FCFS,5168,1,51680001,100.0,100.0,7,24,1,10,4,24.0,0.0033500194549560547,1000.0
20260213_151714,AGG_ORACLE_FCFS,5168,1,51680001,100.0,100.0,8,28,1,7,4,12.0,0.0003731250762939453,1000.0
20260213_151714,AGG_ORACLE_FCFS,5168,1,51680001,100.0,100.0,9,32,3,5,4,4.0,8.988380432128906e-5,333.3333333333333
20260213_151714,AGG_ORACLE_FCFS,5168,1,51680001,100.0,100.0,10,36,4,6,4,14.0,0.00021696090698242188,740.0
20260213_151714,AGG_ORACLE_FCFS,5168,1,51680001,100.0,100.0,11,40,5,8,4,16.0,0.0007648468017578125,720.0
20260213_151714,AGG_ORACLE_FCFS,5168,1,51680001,100.0,100.0,12,44,5,7,4,22.0,0.0003921985626220703,1080.0
20260213_151714,AGG_ORACLE_FCFS,5168,1,51680001,100.0,100.0,13,48,5,9,4,44.0,0.0014870166778564453,813.3333333333333
20260213_151714,AGG_ORACLE_FCFS,5168,1,51680001,100.0,100.0,14,52,6,12,4,56.0,0.011723995208740234,1440.0
20260213_151714,AGG_ORACLE_FCFS,5168,1,51680001,100.0,100.0,15,56,6,10,4,44.0,0.00669407844543457,1340.0
20260213_151714,AGG_ORACLE_FCFS,5168,1,51680001,100.0,100.0,16,60,6,9,4,40.0,0.001538991928100586,1480.0
20260213_151714,AGG_ORACLE_FCFS,3845,1,38450001,100.0,100.0,1,0,0,1,1,0.0,1.4066696166992188e-5,0.0
20260213_151714,AGG_ORACLE_FCFS,3845,1,38450001,100.0,100.0,2,4,0,1,1,0.0,4.0531158447265625e-6,0.0
20260213_151714,AGG_ORACLE_FCFS,3845,1,38450001,100.0,100.0,3,8,0,2,2,0.0,1.5020370483398438e-5,0.0
20260213_151714,AGG_ORACLE_FCFS,3845,1,38450001,100.0,100.0,4,12,0,3,3,0.0,1.7881393432617188e-5,0.0
20260213_151714,AGG_ORACLE_FCFS,3845,1,38450001,100.0,100.0,5,16,0,1,1,0.0,4.0531158447265625e-6,0.0
20260213_151714,AGG_ORACLE_FCFS,3845,1,38450001,100.0,100.0,6,20,0,7,4,12.0,0.00034499168395996094,1000.0
20260213_151714,AGG_ORACLE_FCFS,3845,1,38450001,100.0,100.0,7,24,1,10,4,24.0,0.003401041030883789,1000.0
20260213_151714,AGG_ORACLE_FCFS,3845,1,38450001,100.0,100.0,8,28,1,7,4,12.0,0.00036406517028808594,1000.0
20260213_151714,AGG_ORACLE_FCFS,3845,1,38450001,100.0,100.0,9,32,3,5,4,4.0,9.107589721679688e-5,333.3333333333333
20260213_151714,AGG_ORACLE_FCFS,3845,1,38450001,100.0,100.0,10,36,4,6,4,14.0,0.0002090930938720703,740.0
20260213_151714,AGG_ORACLE_FCFS,3845,1,38450001,100.0,100.0,11,40,5,8,4,16.0,0.0007698535919189453,720.0
20260213_151714,AGG_ORACLE_FCFS,3845,1,38450001,100.0,100.0,12,44,5,7,4,22.0,0.0003879070281982422,1080.0
20260213_151714,AGG_ORACLE_FCFS,3845,1,38450001,100.0,100.0,13,48,5,9,4,44.0,0.0014297962188720703,813.3333333333333
20260213_151714,AGG_ORACLE_FCFS,3845,1,38450001,100.0,100.0,14,52,6,12,4,56.0,0.0119171142578125,1440.0
20260213_151714,AGG_ORACLE_FCFS,3845,1,38450001,100.0,100.0,15,56,6,10,4,44.0,0.003072023391723633,1340.0
20260213_151714,AGG_ORACLE_FCFS,3845,1,38450001,100.0,100.0,16,60,6,9,4,40.0,0.0015521049499511719,1480.0
20260213_151714,AGG_ORACLE_FCFS,794,1,7940001,100.0,100.0,1,0,0,1,1,0.0,2.384185791015625e-5,0.0
20260213_151714,AGG_ORACLE_FCFS,794,1,7940001,100.0,100.0,2,4,0,1,1,0.0,5.0067901611328125e-6,0.0
20260213_151714,AGG_ORACLE_FCFS,794,1,7940001,100.0,100.0,3,8,0,2,2,0.0,1.9073486328125e-5,0.0
20260213_151714,AGG_ORACLE_FCFS,794,1,7940001,100.0,100.0,4,12,0,3,3,0.0,1.9788742065429688e-5,0.0
20260213_151714,AGG_ORACLE_FCFS,794,1,7940001,100.0,100.0,5,16,0,1,1,0.0,5.0067901611328125e-6,0.0
20260213_151714,AGG_ORACLE_FCFS,794,1,7940001,100.0,100.0,6,20,0,7,4,12.0,0.0003800392150878906,1000.0
20260213_151714,AGG_ORACLE_FCFS,794,1,7940001,100.0,100.0,7,24,1,10,4,24.0,0.003339052200317383,1000.0
20260213_151714,AGG_ORACLE_FCFS,794,1,7940001,100.0,100.0,8,28,1,7,4,12.0,0.00036907196044921875,1000.0
20260213_151714,AGG_ORACLE_FCFS,794,1,7940001,100.0,100.0,9,32,3,5,4,4.0,9.298324584960938e-5,333.3333333333333
20260213_151714,AGG_ORACLE_FCFS,794,1,7940001,100.0,100.0,10,36,4,6,4,14.0,0.00018310546875,740.0
20260213_151714,AGG_ORACLE_FCFS,794,1,7940001,100.0,100.0,11,40,5,8,4,16.0,0.0007948875427246094,720.0
20260213_151714,AGG_ORACLE_FCFS,794,1,7940001,100.0,100.0,12,44,5,7,4,12.0,0.0003859996795654297,720.0
20260213_151714,AGG_ORACLE_FCFS,794,1,7940001,100.0,100.0,13,48,5,9,4,48.0,0.0014491081237792969,813.3333333333333
20260213_151714,AGG_ORACLE_FCFS,794,1,7940001,100.0,100.0,14,52,6,12,4,56.0,0.011842012405395508,1440.0
20260213_151714,AGG_ORACLE_FCFS,794,1,7940001,100.0,100.0,15,56,6,10,4,44.0,0.007113933563232422,1340.0
20260213_151714,AGG_ORACLE_FCFS,794,1,7940001,100.0,100.0,16,60,6,9,4,40.0,0.001547098159790039,1480.0
20260213_151714,AGG_ORACLE_FCFS,5941,1,59410001,100.0,100.0,1,0,0,1,1,0.0,2.193450927734375e-5,0.0
20260213_151714,AGG_ORACLE_FCFS,5941,1,59410001,100.0,100.0,2,4,0,1,1,0.0,4.0531158447265625e-6,0.0
20260213_151714,AGG_ORACLE_FCFS,5941,1,59410001,100.0,100.0,3,8,0,2,2,0.0,1.7881393432617188e-5,0.0
20260213_151714,AGG_ORACLE_FCFS,5941,1,59410001,100.0,100.0,4,12,0,3,3,0.0,1.7881393432617188e-5,0.0
20260213_151714,AGG_ORACLE_FCFS,5941,1,59410001,100.0,100.0,5,16,0,1,1,0.0,4.0531158447265625e-6,0.0
20260213_151714,AGG_ORACLE_FCFS,5941,1,59410001,100.0,100.0,6,20,0,7,4,12.0,0.0003590583801269531,1000.0
20260213_151714,AGG_ORACLE_FCFS,5941,1,59410001,100.0,100.0,7,24,1,10,4,24.0,0.003370046615600586,1000.0
20260213_151714,AGG_ORACLE_FCFS,5941,1,59410001,100.0,100.0,8,28,1,7,4,12.0,0.0003819465637207031,1000.0
20260213_151714,AGG_ORACLE_FCFS,5941,1,59410001,100.0,100.0,9,32,3,5,4,4.0,0.00010609626770019531,333.3333333333333
20260213_151714,AGG_ORACLE_FCFS,5941,1,59410001,100.0,100.0,10,36,4,6,4,14.0,0.00018906593322753906,740.0
20260213_151714,AGG_ORACLE_FCFS,5941,1,59410001,100.0,100.0,11,40,5,8,4,16.0,0.0007929801940917969,720.0
20260213_151714,AGG_ORACLE_FCFS,5941,1,59410001,100.0,100.0,12,44,5,7,4,22.0,0.0003941059112548828,1080.0
20260213_151714,AGG_ORACLE_FCFS,5941,1,59410001,100.0,100.0,13,48,5,9,4,44.0,0.001463174819946289,813.3333333333333
20260213_151714,AGG_ORACLE_FCFS,5941,1,59410001,100.0,100.0,14,52,6,12,4,56.0,0.011797904968261719,1440.0
20260213_151714,AGG_ORACLE_FCFS,5941,1,59410001,100.0,100.0,15,56,6,10,4,44.0,0.0030930042266845703,1340.0
20260213_151714,AGG_ORACLE_FCFS,5941,1,59410001,100.0,100.0,16,60,6,9,4,40.0,0.0054891109466552734,1480.0
20260213_151714,AGG_ORACLE_FCFS,1980,1,19800001,100.0,100.0,1,0,0,1,1,0.0,1.4066696166992188e-5,0.0
20260213_151714,AGG_ORACLE_FCFS,1980,1,19800001,100.0,100.0,2,4,0,1,1,0.0,5.0067901611328125e-6,0.0
20260213_151714,AGG_ORACLE_FCFS,1980,1,19800001,100.0,100.0,3,8,0,2,2,0.0,1.4066696166992188e-5,0.0
20260213_151714,AGG_ORACLE_FCFS,1980,1,19800001,100.0,100.0,4,12,0,3,3,0.0,2.288818359375e-5,0.0
20260213_151714,AGG_ORACLE_FCFS,1980,1,19800001,100.0,100.0,5,16,0,1,1,0.0,5.0067901611328125e-6,0.0
20260213_151714,AGG_ORACLE_FCFS,1980,1,19800001,100.0,100.0,6,20,0,7,4,12.0,0.0003311634063720703,1000.0
20260213_151714,AGG_ORACLE_FCFS,1980,1,19800001,100.0,100.0,7,24,1,10,4,24.0,0.003459930419921875,1000.0
20260213_151714,AGG_ORACLE_FCFS,1980,1,19800001,100.0,100.0,8,28,1,7,4,12.0,0.0003979206085205078,1000.0
20260213_151714,AGG_ORACLE_FCFS,1980,1,19800001,100.0,100.0,9,32,3,5,4,4.0,9.107589721679688e-5,333.3333333333333
20260213_151714,AGG_ORACLE_FCFS,1980,1,19800001,100.0,100.0,10,36,4,6,4,14.0,0.00018310546875,740.0
20260213_151714,AGG_ORACLE_FCFS,1980,1,19800001,100.0,100.0,11,40,5,8,4,16.0,0.0008301734924316406,720.0
20260213_151714,AGG_ORACLE_FCFS,1980,1,19800001,100.0,100.0,12,44,5,7,4,12.0,0.00038504600524902344,720.0
20260213_151714,AGG_ORACLE_FCFS,1980,1,19800001,100.0,100.0,13,48,5,9,4,48.0,0.0014529228210449219,813.3333333333333
20260213_151714,AGG_ORACLE_FCFS,1980,1,19800001,100.0,100.0,14,52,6,12,4,56.0,0.011616945266723633,1440.0
20260213_151714,AGG_ORACLE_FCFS,1980,1,19800001,100.0,100.0,15,56,6,10,4,44.0,0.006696939468383789,1340.0
20260213_151714,AGG_ORACLE_FCFS,1980,1,19800001,100.0,100.0,16,60,6,9,4,40.0,0.0015518665313720703,1480.0
20260213_151714,AGG_ORACLE_FCFS,8841,1,88410001,100.0,100.0,1,0,0,1,1,0.0,1.6927719116210938e-5,0.0
20260213_151714,AGG_ORACLE_FCFS,8841,1,88410001,100.0,100.0,2,4,0,1,1,0.0,5.0067901611328125e-6,0.0
20260213_151714,AGG_ORACLE_FCFS,8841,1,88410001,100.0,100.0,3,8,0,2,2,0.0,1.811981201171875e-5,0.0
20260213_151714,AGG_ORACLE_FCFS,8841,1,88410001,100.0,100.0,4,12,0,3,3,0.0,2.002716064453125e-5,0.0
20260213_151714,AGG_ORACLE_FCFS,8841,1,88410001,100.0,100.0,5,16,0,1,1,0.0,4.0531158447265625e-6,0.0
20260213_151714,AGG_ORACLE_FCFS,8841,1,88410001,100.0,100.0,6,20,0,7,4,12.0,0.00033020973205566406,1000.0
20260213_151714,AGG_ORACLE_FCFS,8841,1,88410001,100.0,100.0,7,24,1,10,4,24.0,0.003390073776245117,1000.0
20260213_151714,AGG_ORACLE_FCFS,8841,1,88410001,100.0,100.0,8,28,1,7,4,12.0,0.00039386749267578125,1000.0
20260213_151714,AGG_ORACLE_FCFS,8841,1,88410001,100.0,100.0,9,32,3,5,4,4.0,9.107589721679688e-5,333.3333333333333
20260213_151714,AGG_ORACLE_FCFS,8841,1,88410001,100.0,100.0,10,36,4,6,4,14.0,0.00018215179443359375,740.0
20260213_151714,AGG_ORACLE_FCFS,8841,1,88410001,100.0,100.0,11,40,5,8,4,16.0,0.0007748603820800781,720.0
20260213_151714,AGG_ORACLE_FCFS,8841,1,88410001,100.0,100.0,12,44,5,7,4,12.0,0.0003788471221923828,720.0
20260213_151714,AGG_ORACLE_FCFS,8841,1,88410001,100.0,100.0,13,48,5,9,4,48.0,0.0014910697937011719,813.3333333333333
20260213_151714,AGG_ORACLE_FCFS,8841,1,88410001,100.0,100.0,14,52,6,12,4,56.0,0.012005090713500977,1440.0
20260213_151714,AGG_ORACLE_FCFS,8841,1,88410001,100.0,100.0,15,56,6,10,4,44.0,0.00695490837097168,1340.0
20260213_151714,AGG_ORACLE_FCFS,8841,1,88410001,100.0,100.0,16,60,6,9,4,40.0,0.0016109943389892578,1480.0
20260213_151714,AGG_ORACLE_FCFS,2134,1,21340001,100.0,100.0,1,0,0,1,1,0.0,1.4066696166992188e-5,0.0
20260213_151714,AGG_ORACLE_FCFS,2134,1,21340001,100.0,100.0,2,4,0,1,1,0.0,4.0531158447265625e-6,0.0
20260213_151714,AGG_ORACLE_FCFS,2134,1,21340001,100.0,100.0,3,8,0,2,2,0.0,1.3828277587890625e-5,0.0
20260213_151714,AGG_ORACLE_FCFS,2134,1,21340001,100.0,100.0,4,12,0,3,3,0.0,2.6941299438476562e-5,0.0
20260213_151714,AGG_ORACLE_FCFS,2134,1,21340001,100.0,100.0,5,16,0,1,1,0.0,5.0067901611328125e-6,0.0
20260213_151714,AGG_ORACLE_FCFS,2134,1,21340001,100.0,100.0,6,20,0,7,4,12.0,0.00036215782165527344,1000.0
20260213_151714,AGG_ORACLE_FCFS,2134,1,21340001,100.0,100.0,7,24,1,10,4,24.0,0.003450155258178711,1000.0
20260213_151714,AGG_ORACLE_FCFS,2134,1,21340001,100.0,100.0,8,28,1,7,4,12.0,0.0003960132598876953,1000.0
20260213_151714,AGG_ORACLE_FCFS,2134,1,21340001,100.0,100.0,9,32,3,5,4,4.0,9.298324584960938e-5,333.3333333333333
20260213_151714,AGG_ORACLE_FCFS,2134,1,21340001,100.0,100.0,10,36,4,6,4,14.0,0.0001881122589111328,740.0
20260213_151714,AGG_ORACLE_FCFS,2134,1,21340001,100.0,100.0,11,40,5,8,4,16.0,0.0007810592651367188,720.0
20260213_151714,AGG_ORACLE_FCFS,2134,1,21340001,100.0,100.0,12,44,5,7,4,22.0,0.00038504600524902344,1080.0
20260213_151714,AGG_ORACLE_FCFS,2134,1,21340001,100.0,100.0,13,48,5,9,4,44.0,0.0014340877532958984,813.3333333333333
20260213_151714,AGG_ORACLE_FCFS,2134,1,21340001,100.0,100.0,14,52,6,12,4,56.0,0.011758804321289062,1440.0
20260213_151714,AGG_ORACLE_FCFS,2134,1,21340001,100.0,100.0,15,56,6,10,4,44.0,0.0067560672760009766,1340.0
20260213_151714,AGG_ORACLE_FCFS,2134,1,21340001,100.0,100.0,16,60,6,9,4,40.0,0.0015499591827392578,1480.0
20260213_151714,AGG_ORACLE_FCFS,7214,1,72140001,100.0,100.0,1,0,0,1,1,0.0,1.7881393432617188e-5,0.0
20260213_151714,AGG_ORACLE_FCFS,7214,1,72140001,100.0,100.0,2,4,0,1,1,0.0,5.0067901611328125e-6,0.0
20260213_151714,AGG_ORACLE_FCFS,7214,1,72140001,100.0,100.0,3,8,0,2,2,0.0,1.5020370483398438e-5,0.0
20260213_151714,AGG_ORACLE_FCFS,7214,1,72140001,100.0,100.0,4,12,0,3,3,0.0,1.7881393432617188e-5,0.0
20260213_151714,AGG_ORACLE_FCFS,7214,1,72140001,100.0,100.0,5,16,0,1,1,0.0,4.0531158447265625e-6,0.0
20260213_151714,AGG_ORACLE_FCFS,7214,1,72140001,100.0,100.0,6,20,0,7,4,12.0,0.00034618377685546875,1000.0
20260213_151714,AGG_ORACLE_FCFS,7214,1,72140001,100.0,100.0,7,24,1,10,4,24.0,0.0033941268920898438,1000.0
20260213_151714,AGG_ORACLE_FCFS,7214,1,72140001,100.0,100.0,8,28,1,7,4,12.0,0.00037097930908203125,1000.0
20260213_151714,AGG_ORACLE_FCFS,7214,1,72140001,100.0,100.0,9,32,3,5,4,4.0,9.107589721679688e-5,333.3333333333333
20260213_151714,AGG_ORACLE_FCFS,7214,1,72140001,100.0,100.0,10,36,4,6,4,14.0,0.0001811981201171875,740.0
20260213_151714,AGG_ORACLE_FCFS,7214,1,72140001,100.0,100.0,11,40,5,8,4,16.0,0.0007941722869873047,720.0
20260213_151714,AGG_ORACLE_FCFS,7214,1,72140001,100.0,100.0,12,44,5,7,4,12.0,0.0003838539123535156,720.0
20260213_151714,AGG_ORACLE_FCFS,7214,1,72140001,100.0,100.0,13,48,5,9,4,48.0,0.0014469623565673828,813.3333333333333
20260213_151714,AGG_ORACLE_FCFS,7214,1,72140001,100.0,100.0,14,52,6,12,4,56.0,0.015991926193237305,1440.0
20260213_151714,AGG_ORACLE_FCFS,7214,1,72140001,100.0,100.0,15,56,6,10,4,44.0,0.003036022186279297,1340.0
20260213_151714,AGG_ORACLE_FCFS,7214,1,72140001,100.0,100.0,16,60,6,9,4,40.0,0.0015590190887451172,1480.0
20260213_151714,AGG_ORACLE_FCFS,5987,1,59870001,100.0,100.0,1,0,0,1,1,0.0,1.4066696166992188e-5,0.0
20260213_151714,AGG_ORACLE_FCFS,5987,1,59870001,100.0,100.0,2,4,0,1,1,0.0,4.0531158447265625e-6,0.0
20260213_151714,AGG_ORACLE_FCFS,5987,1,59870001,100.0,100.0,3,8,0,2,2,0.0,1.5020370483398438e-5,0.0
20260213_151714,AGG_ORACLE_FCFS,5987,1,59870001,100.0,100.0,4,12,0,3,3,0.0,2.7894973754882812e-5,0.0
20260213_151714,AGG_ORACLE_FCFS,5987,1,59870001,100.0,100.0,5,16,0,1,1,0.0,4.0531158447265625e-6,0.0
20260213_151714,AGG_ORACLE_FCFS,5987,1,59870001,100.0,100.0,6,20,0,7,4,12.0,0.0003380775451660156,1000.0
20260213_151714,AGG_ORACLE_FCFS,5987,1,59870001,100.0,100.0,7,24,1,10,4,24.0,0.003323078155517578,1000.0
20260213_151714,AGG_ORACLE_FCFS,5987,1,59870001,100.0,100.0,8,28,1,7,4,12.0,0.0003650188446044922,1000.0
20260213_151714,AGG_ORACLE_FCFS,5987,1,59870001,100.0,100.0,9,32,3,5,4,4.0,8.988380432128906e-5,333.3333333333333
20260213_151714,AGG_ORACLE_FCFS,5987,1,59870001,100.0,100.0,10,36,4,6,4,14.0,0.00018095970153808594,740.0
20260213_151714,AGG_ORACLE_FCFS,5987,1,59870001,100.0,100.0,11,40,5,8,4,16.0,0.0007770061492919922,720.0
20260213_151714,AGG_ORACLE_FCFS,5987,1,59870001,100.0,100.0,12,44,5,7,4,12.0,0.00038313865661621094,720.0
20260213_151714,AGG_ORACLE_FCFS,5987,1,59870001,100.0,100.0,13,48,5,9,4,48.0,0.0014679431915283203,813.3333333333333
20260213_151714,AGG_ORACLE_FCFS,5987,1,59870001,100.0,100.0,14,52,6,12,4,56.0,0.011768102645874023,1440.0
20260213_151714,AGG_ORACLE_FCFS,5987,1,59870001,100.0,100.0,15,56,6,10,4,44.0,0.003084897994995117,1340.0
20260213_151714,AGG_ORACLE_FCFS,5987,1,59870001,100.0,100.0,16,60,6,9,4,40.0,0.005693912506103516,1480.0
20260213_151714,AGG_ORACLE_FCFS,3807,1,38070001,100.0,100.0,1,0,0,1,1,0.0,1.811981201171875e-5,0.0
20260213_151714,AGG_ORACLE_FCFS,3807,1,38070001,100.0,100.0,2,4,0,1,1,0.0,4.0531158447265625e-6,0.0
20260213_151714,AGG_ORACLE_FCFS,3807,1,38070001,100.0,100.0,3,8,0,2,2,0.0,1.4066696166992188e-5,0.0
20260213_151714,AGG_ORACLE_FCFS,3807,1,38070001,100.0,100.0,4,12,0,3,3,0.0,1.7881393432617188e-5,0.0
20260213_151714,AGG_ORACLE_FCFS,3807,1,38070001,100.0,100.0,5,16,0,1,1,0.0,4.0531158447265625e-6,0.0
20260213_151714,AGG_ORACLE_FCFS,3807,1,38070001,100.0,100.0,6,20,0,7,4,12.0,0.0003349781036376953,1000.0
20260213_151714,AGG_ORACLE_FCFS,3807,1,38070001,100.0,100.0,7,24,1,10,4,24.0,0.003349781036376953,1000.0
20260213_151714,AGG_ORACLE_FCFS,3807,1,38070001,100.0,100.0,8,28,1,7,4,12.0,0.0003638267517089844,1000.0
20260213_151714,AGG_ORACLE_FCFS,3807,1,38070001,100.0,100.0,9,32,3,5,4,4.0,9.107589721679688e-5,333.3333333333333
20260213_151714,AGG_ORACLE_FCFS,3807,1,38070001,100.0,100.0,10,36,4,6,4,14.0,0.00020599365234375,740.0
20260213_151714,AGG_ORACLE_FCFS,3807,1,38070001,100.0,100.0,11,40,5,8,4,16.0,0.0008039474487304688,720.0
20260213_151714,AGG_ORACLE_FCFS,3807,1,38070001,100.0,100.0,12,44,5,7,4,22.0,0.00039386749267578125,1080.0
20260213_151714,AGG_ORACLE_FCFS,3807,1,38070001,100.0,100.0,13,48,5,9,4,44.0,0.0014438629150390625,813.3333333333333
20260213_151714,AGG_ORACLE_FCFS,3807,1,38070001,100.0,100.0,14,52,6,12,4,56.0,0.01190805435180664,1440.0
20260213_151714,AGG_ORACLE_FCFS,3807,1,38070001,100.0,100.0,15,56,6,10,4,44.0,0.0030448436737060547,1340.0
20260213_151714,AGG_ORACLE_FCFS,3807,1,38070001,100.0,100.0,16,60,6,9,4,40.0,0.005485057830810547,1480.0
20260213_151714,AGG_ORACLE_FCFS,467,1,4670001,100.0,100.0,1,0,0,1,1,0.0,1.3828277587890625e-5,0.0
20260213_151714,AGG_ORACLE_FCFS,467,1,4670001,100.0,100.0,2,4,0,1,1,0.0,4.0531158447265625e-6,0.0
20260213_151714,AGG_ORACLE_FCFS,467,1,4670001,100.0,100.0,3,8,0,2,2,0.0,1.3113021850585938e-5,0.0
20260213_151714,AGG_ORACLE_FCFS,467,1,4670001,100.0,100.0,4,12,0,3,3,0.0,1.811981201171875e-5,0.0
20260213_151714,AGG_ORACLE_FCFS,467,1,4670001,100.0,100.0,5,16,0,1,1,0.0,5.0067901611328125e-6,0.0
20260213_151714,AGG_ORACLE_FCFS,467,1,4670001,100.0,100.0,6,20,0,7,4,12.0,0.00033402442932128906,1000.0
20260213_151714,AGG_ORACLE_FCFS,467,1,4670001,100.0,100.0,7,24,1,10,4,24.0,0.003312826156616211,1000.0
20260213_151714,AGG_ORACLE_FCFS,467,1,4670001,100.0,100.0,8,28,1,7,4,12.0,0.00037789344787597656,1000.0
20260213_151714,AGG_ORACLE_FCFS,467,1,4670001,100.0,100.0,9,32,3,5,4,4.0,8.893013000488281e-5,333.3333333333333
20260213_151714,AGG_ORACLE_FCFS,467,1,4670001,100.0,100.0,10,36,4,6,4,14.0,0.000209808349609375,740.0
20260213_151714,AGG_ORACLE_FCFS,467,1,4670001,100.0,100.0,11,40,5,8,4,16.0,0.0008170604705810547,720.0
20260213_151714,AGG_ORACLE_FCFS,467,1,4670001,100.0,100.0,12,44,5,7,4,22.0,0.0004010200500488281,1080.0
20260213_151714,AGG_ORACLE_FCFS,467,1,4670001,100.0,100.0,13,48,5,9,4,44.0,0.0014369487762451172,813.3333333333333
20260213_151714,AGG_ORACLE_FCFS,467,1,4670001,100.0,100.0,14,52,6,12,4,56.0,0.01172184944152832,1440.0
20260213_151714,AGG_ORACLE_FCFS,467,1,4670001,100.0,100.0,15,56,6,10,4,44.0,0.0030739307403564453,1340.0
20260213_151714,AGG_ORACLE_FCFS,467,1,4670001,100.0,100.0,16,60,6,9,4,40.0,0.0051920413970947266,1480.0
20260213_151714,AGG_ORACLE_FCFS,6478,1,64780001,100.0,100.0,1,0,0,1,1,0.0,1.4066696166992188e-5,0.0
20260213_151714,AGG_ORACLE_FCFS,6478,1,64780001,100.0,100.0,2,4,0,1,1,0.0,4.0531158447265625e-6,0.0
20260213_151714,AGG_ORACLE_FCFS,6478,1,64780001,100.0,100.0,3,8,0,2,2,0.0,2.09808349609375e-5,0.0
20260213_151714,AGG_ORACLE_FCFS,6478,1,64780001,100.0,100.0,4,12,0,3,3,0.0,1.811981201171875e-5,0.0
20260213_151714,AGG_ORACLE_FCFS,6478,1,64780001,100.0,100.0,5,16,0,1,1,0.0,9.059906005859375e-6,0.0
20260213_151714,AGG_ORACLE_FCFS,6478,1,64780001,100.0,100.0,6,20,0,7,4,12.0,0.0003349781036376953,1000.0
20260213_151714,AGG_ORACLE_FCFS,6478,1,64780001,100.0,100.0,7,24,1,10,4,24.0,0.003361940383911133,1000.0
20260213_151714,AGG_ORACLE_FCFS,6478,1,64780001,100.0,100.0,8,28,1,7,4,12.0,0.0003662109375,1000.0
20260213_151714,AGG_ORACLE_FCFS,6478,1,64780001,100.0,100.0,9,32,3,5,4,4.0,9.083747863769531e-5,333.3333333333333
20260213_151714,AGG_ORACLE_FCFS,6478,1,64780001,100.0,100.0,10,36,4,6,4,14.0,0.0002071857452392578,740.0
20260213_151714,AGG_ORACLE_FCFS,6478,1,64780001,100.0,100.0,11,40,5,8,4,16.0,0.0007891654968261719,720.0
20260213_151714,AGG_ORACLE_FCFS,6478,1,64780001,100.0,100.0,12,44,5,7,4,12.0,0.00038886070251464844,720.0
20260213_151714,AGG_ORACLE_FCFS,6478,1,64780001,100.0,100.0,13,48,5,9,4,48.0,0.0014781951904296875,813.3333333333333
20260213_151714,AGG_ORACLE_FCFS,6478,1,64780001,100.0,100.0,14,52,6,12,4,56.0,0.011779069900512695,1440.0
20260213_151714,AGG_ORACLE_FCFS,6478,1,64780001,100.0,100.0,15,56,6,10,4,44.0,0.00675511360168457,1340.0
20260213_151714,AGG_ORACLE_FCFS,6478,1,64780001,100.0,100.0,16,60,6,9,4,40.0,0.001558065414428711,1480.0
20260213_151714,AGG_ORACLE_FCFS,4898,1,48980001,100.0,100.0,1,0,0,1,1,0.0,1.2874603271484375e-5,0.0
20260213_151714,AGG_ORACLE_FCFS,4898,1,48980001,100.0,100.0,2,4,0,1,1,0.0,5.0067901611328125e-6,0.0
20260213_151714,AGG_ORACLE_FCFS,4898,1,48980001,100.0,100.0,3,8,0,2,2,0.0,1.4066696166992188e-5,0.0
20260213_151714,AGG_ORACLE_FCFS,4898,1,48980001,100.0,100.0,4,12,0,3,3,0.0,3.0040740966796875e-5,0.0
20260213_151714,AGG_ORACLE_FCFS,4898,1,48980001,100.0,100.0,5,16,0,1,1,0.0,5.0067901611328125e-6,0.0
20260213_151714,AGG_ORACLE_FCFS,4898,1,48980001,100.0,100.0,6,20,0,7,4,12.0,0.00034499168395996094,1000.0
20260213_151714,AGG_ORACLE_FCFS,4898,1,48980001,100.0,100.0,7,24,1,10,4,24.0,0.0035200119018554688,1000.0
20260213_151714,AGG_ORACLE_FCFS,4898,1,48980001,100.0,100.0,8,28,1,7,4,12.0,0.000392913818359375,1000.0
20260213_151714,AGG_ORACLE_FCFS,4898,1,48980001,100.0,100.0,9,32,3,5,4,4.0,9.107589721679688e-5,333.3333333333333
20260213_151714,AGG_ORACLE_FCFS,4898,1,48980001,100.0,100.0,10,36,4,6,4,14.0,0.00018310546875,740.0
20260213_151714,AGG_ORACLE_FCFS,4898,1,48980001,100.0,100.0,11,40,5,8,4,16.0,0.0008089542388916016,720.0
20260213_151714,AGG_ORACLE_FCFS,4898,1,48980001,100.0,100.0,12,44,5,7,4,12.0,0.0003981590270996094,720.0
20260213_151714,AGG_ORACLE_FCFS,4898,1,48980001,100.0,100.0,13,48,5,9,4,48.0,0.0014760494232177734,813.3333333333333
20260213_151714,AGG_ORACLE_FCFS,4898,1,48980001,100.0,100.0,14,52,6,12,4,56.0,0.011898994445800781,1440.0
20260213_151714,AGG_ORACLE_FCFS,4898,1,48980001,100.0,100.0,15,56,6,10,4,44.0,0.006749868392944336,1340.0
20260213_151714,AGG_ORACLE_FCFS,4898,1,48980001,100.0,100.0,16,60,6,9,4,40.0,0.0015599727630615234,1480.0
20260213_151714,AGG_ORACLE_FCFS,7886,1,78860001,100.0,100.0,1,0,0,1,1,0.0,1.3828277587890625e-5,0.0
20260213_151714,AGG_ORACLE_FCFS,7886,1,78860001,100.0,100.0,2,4,0,1,1,0.0,1.0013580322265625e-5,0.0
20260213_151714,AGG_ORACLE_FCFS,7886,1,78860001,100.0,100.0,3,8,0,2,2,0.0,1.5020370483398438e-5,0.0
20260213_151714,AGG_ORACLE_FCFS,7886,1,78860001,100.0,100.0,4,12,0,3,3,0.0,1.811981201171875e-5,0.0
20260213_151714,AGG_ORACLE_FCFS,7886,1,78860001,100.0,100.0,5,16,0,1,1,0.0,4.0531158447265625e-6,0.0
20260213_151714,AGG_ORACLE_FCFS,7886,1,78860001,100.0,100.0,6,20,0,7,4,12.0,0.0003409385681152344,1000.0
20260213_151714,AGG_ORACLE_FCFS,7886,1,78860001,100.0,100.0,7,24,1,10,4,24.0,0.0034940242767333984,1000.0
20260213_151714,AGG_ORACLE_FCFS,7886,1,78860001,100.0,100.0,8,28,1,7,4,12.0,0.0003731250762939453,1000.0
20260213_151714,AGG_ORACLE_FCFS,7886,1,78860001,100.0,100.0,9,32,3,5,4,4.0,9.202957153320312e-5,333.3333333333333
20260213_151714,AGG_ORACLE_FCFS,7886,1,78860001,100.0,100.0,10,36,4,6,4,14.0,0.0001900196075439453,740.0
20260213_151714,AGG_ORACLE_FCFS,7886,1,78860001,100.0,100.0,11,40,5,8,4,16.0,0.0007879734039306641,720.0
20260213_151714,AGG_ORACLE_FCFS,7886,1,78860001,100.0,100.0,12,44,5,7,4,22.0,0.00039505958557128906,1080.0
20260213_151714,AGG_ORACLE_FCFS,7886,1,78860001,100.0,100.0,13,48,5,9,4,44.0,0.001458883285522461,813.3333333333333
20260213_151714,AGG_ORACLE_FCFS,7886,1,78860001,100.0,100.0,14,52,6,12,4,56.0,0.015991926193237305,1440.0
20260213_151714,AGG_ORACLE_FCFS,7886,1,78860001,100.0,100.0,15,56,6,10,4,44.0,0.0030448436737060547,1340.0
20260213_151714,AGG_ORACLE_FCFS,7886,1,78860001,100.0,100.0,16,60,6,9,4,40.0,0.0015630722045898438,1480.0
20260213_151714,AGG_ORACLE_FCFS,4410,1,44100001,100.0,100.0,1,0,0,1,1,0.0,1.2874603271484375e-5,0.0
20260213_151714,AGG_ORACLE_FCFS,4410,1,44100001,100.0,100.0,2,4,0,1,1,0.0,3.814697265625e-6,0.0
20260213_151714,AGG_ORACLE_FCFS,4410,1,44100001,100.0,100.0,3,8,0,2,2,0.0,3.600120544433594e-5,0.0
20260213_151714,AGG_ORACLE_FCFS,4410,1,44100001,100.0,100.0,4,12,0,3,3,0.0,1.811981201171875e-5,0.0
20260213_151714,AGG_ORACLE_FCFS,4410,1,44100001,100.0,100.0,5,16,0,1,1,0.0,5.0067901611328125e-6,0.0
20260213_151714,AGG_ORACLE_FCFS,4410,1,44100001,100.0,100.0,6,20,0,7,4,12.0,0.00034308433532714844,1000.0
20260213_151714,AGG_ORACLE_FCFS,4410,1,44100001,100.0,100.0,7,24,1,10,4,24.0,0.0033919811248779297,1000.0
20260213_151714,AGG_ORACLE_FCFS,4410,1,44100001,100.0,100.0,8,28,1,7,4,12.0,0.00040411949157714844,1000.0
20260213_151714,AGG_ORACLE_FCFS,4410,1,44100001,100.0,100.0,9,32,3,5,4,4.0,8.988380432128906e-5,333.3333333333333
20260213_151714,AGG_ORACLE_FCFS,4410,1,44100001,100.0,100.0,10,36,4,6,4,14.0,0.0001838207244873047,740.0
20260213_151714,AGG_ORACLE_FCFS,4410,1,44100001,100.0,100.0,11,40,5,8,4,16.0,0.0007750988006591797,720.0
20260213_151714,AGG_ORACLE_FCFS,4410,1,44100001,100.0,100.0,12,44,5,7,4,12.0,0.0003790855407714844,720.0
20260213_151714,AGG_ORACLE_FCFS,4410,1,44100001,100.0,100.0,13,48,5,9,4,48.0,0.0014431476593017578,813.3333333333333
20260213_151714,AGG_ORACLE_FCFS,4410,1,44100001,100.0,100.0,14,52,6,12,4,56.0,0.011839866638183594,1440.0
20260213_151714,AGG_ORACLE_FCFS,4410,1,44100001,100.0,100.0,15,56,6,10,4,44.0,0.003031015396118164,1340.0
20260213_151714,AGG_ORACLE_FCFS,4410,1,44100001,100.0,100.0,16,60,6,9,4,40.0,0.0015668869018554688,1480.0
20260213_151714,AGG_ORACLE_FCFS,8260,1,82600001,100.0,100.0,1,0,0,1,1,0.0,1.1920928955078125e-5,0.0
20260213_151714,AGG_ORACLE_FCFS,8260,1,82600001,100.0,100.0,2,4,0,1,1,0.0,4.0531158447265625e-6,0.0
20260213_151714,AGG_ORACLE_FCFS,8260,1,82600001,100.0,100.0,3,8,0,2,2,0.0,2.09808349609375e-5,0.0
20260213_151714,AGG_ORACLE_FCFS,8260,1,82600001,100.0,100.0,4,12,0,3,3,0.0,1.811981201171875e-5,0.0
20260213_151714,AGG_ORACLE_FCFS,8260,1,82600001,100.0,100.0,5,16,0,1,1,0.0,5.0067901611328125e-6,0.0
20260213_151714,AGG_ORACLE_FCFS,8260,1,82600001,100.0,100.0,6,20,0,7,4,12.0,0.004559040069580078,1000.0
20260213_151714,AGG_ORACLE_FCFS,8260,1,82600001,100.0,100.0,7,24,1,10,4,24.0,0.0033240318298339844,1000.0
20260213_151714,AGG_ORACLE_FCFS,8260,1,82600001,100.0,100.0,8,28,1,7,4,12.0,0.00036406517028808594,1000.0
20260213_151714,AGG_ORACLE_FCFS,8260,1,82600001,100.0,100.0,9,32,3,5,4,4.0,9.107589721679688e-5,333.3333333333333
20260213_151714,AGG_ORACLE_FCFS,8260,1,82600001,100.0,100.0,10,36,4,6,4,14.0,0.0001900196075439453,740.0
20260213_151714,AGG_ORACLE_FCFS,8260,1,82600001,100.0,100.0,11,40,5,8,4,16.0,0.0007669925689697266,720.0
20260213_151714,AGG_ORACLE_FCFS,8260,1,82600001,100.0,100.0,12,44,5,7,4,22.0,0.0004019737243652344,1080.0
20260213_151714,AGG_ORACLE_FCFS,8260,1,82600001,100.0,100.0,13,48,5,9,4,44.0,0.0015017986297607422,813.3333333333333
20260213_151714,AGG_ORACLE_FCFS,8260,1,82600001,100.0,100.0,14,52,6,12,4,56.0,0.011738061904907227,1440.0
20260213_151714,AGG_ORACLE_FCFS,8260,1,82600001,100.0,100.0,15,56,6,10,4,44.0,0.003053903579711914,1340.0
20260213_151714,AGG_ORACLE_FCFS,8260,1,82600001,100.0,100.0,16,60,6,9,4,40.0,0.005226850509643555,1480.0
20260213_151714,AGG_ORACLE_FCFS,5346,1,53460001,100.0,100.0,1,0,0,1,1,0.0,2.3126602172851562e-5,0.0
20260213_151714,AGG_ORACLE_FCFS,5346,1,53460001,100.0,100.0,2,4,0,1,1,0.0,5.0067901611328125e-6,0.0
20260213_151714,AGG_ORACLE_FCFS,5346,1,53460001,100.0,100.0,3,8,0,2,2,0.0,1.811981201171875e-5,0.0
20260213_151714,AGG_ORACLE_FCFS,5346,1,53460001,100.0,100.0,4,12,0,3,3,0.0,1.811981201171875e-5,0.0
20260213_151714,AGG_ORACLE_FCFS,5346,1,53460001,100.0,100.0,5,16,0,1,1,0.0,4.0531158447265625e-6,0.0
20260213_151714,AGG_ORACLE_FCFS,5346,1,53460001,100.0,100.0,6,20,0,7,4,12.0,0.0003578662872314453,1000.0
20260213_151714,AGG_ORACLE_FCFS,5346,1,53460001,100.0,100.0,7,24,1,10,4,24.0,0.0033380985260009766,1000.0
20260213_151714,AGG_ORACLE_FCFS,5346,1,53460001,100.0,100.0,8,28,1,7,4,12.0,0.0004620552062988281,1000.0
20260213_151714,AGG_ORACLE_FCFS,5346,1,53460001,100.0,100.0,9,32,3,5,4,4.0,9.894371032714844e-5,333.3333333333333
20260213_151714,AGG_ORACLE_FCFS,5346,1,53460001,100.0,100.0,10,36,4,6,4,14.0,0.0001850128173828125,740.0
20260213_151714,AGG_ORACLE_FCFS,5346,1,53460001,100.0,100.0,11,40,5,8,4,16.0,0.0007891654968261719,720.0
20260213_151714,AGG_ORACLE_FCFS,5346,1,53460001,100.0,100.0,12,44,5,7,4,22.0,0.0003879070281982422,1080.0
20260213_151714,AGG_ORACLE_FCFS,5346,1,53460001,100.0,100.0,13,48,5,9,4,44.0,0.0014431476593017578,813.3333333333333
20260213_151714,AGG_ORACLE_FCFS,5346,1,53460001,100.0,100.0,14,52,6,12,4,56.0,0.011677026748657227,1440.0
20260213_151714,AGG_ORACLE_FCFS,5346,1,53460001,100.0,100.0,15,56,6,10,4,44.0,0.00663304328918457,1340.0
20260213_151714,AGG_ORACLE_FCFS,5346,1,53460001,100.0,100.0,16,60,6,9,4,40.0,0.0016589164733886719,1480.0
20260213_151714,AGG_ORACLE_FCFS,1574,1,15740001,100.0,100.0,1,0,0,1,1,0.0,2.193450927734375e-5,0.0
20260213_151714,AGG_ORACLE_FCFS,1574,1,15740001,100.0,100.0,2,4,0,1,1,0.0,4.0531158447265625e-6,0.0
20260213_151714,AGG_ORACLE_FCFS,1574,1,15740001,100.0,100.0,3,8,0,2,2,0.0,1.6927719116210938e-5,0.0
20260213_151714,AGG_ORACLE_FCFS,1574,1,15740001,100.0,100.0,4,12,0,3,3,0.0,1.6927719116210938e-5,0.0
20260213_151714,AGG_ORACLE_FCFS,1574,1,15740001,100.0,100.0,5,16,0,1,1,0.0,5.0067901611328125e-6,0.0
20260213_151714,AGG_ORACLE_FCFS,1574,1,15740001,100.0,100.0,6,20,0,7,4,12.0,0.0003380775451660156,1000.0
20260213_151714,AGG_ORACLE_FCFS,1574,1,15740001,100.0,100.0,7,24,1,10,4,24.0,0.003453969955444336,1000.0
20260213_151714,AGG_ORACLE_FCFS,1574,1,15740001,100.0,100.0,8,28,1,7,4,12.0,0.00037980079650878906,1000.0
20260213_151714,AGG_ORACLE_FCFS,1574,1,15740001,100.0,100.0,9,32,3,5,4,4.0,9.107589721679688e-5,333.3333333333333
20260213_151714,AGG_ORACLE_FCFS,1574,1,15740001,100.0,100.0,10,36,4,6,4,14.0,0.00018215179443359375,740.0
20260213_151714,AGG_ORACLE_FCFS,1574,1,15740001,100.0,100.0,11,40,5,8,4,16.0,0.0007710456848144531,720.0
20260213_151714,AGG_ORACLE_FCFS,1574,1,15740001,100.0,100.0,12,44,5,7,4,22.0,0.00039315223693847656,1080.0
20260213_151714,AGG_ORACLE_FCFS,1574,1,15740001,100.0,100.0,13,48,5,9,4,44.0,0.0014388561248779297,813.3333333333333
20260213_151714,AGG_ORACLE_FCFS,1574,1,15740001,100.0,100.0,14,52,6,12,4,56.0,0.011862993240356445,1440.0
20260213_151714,AGG_ORACLE_FCFS,1574,1,15740001,100.0,100.0,15,56,6,10,4,44.0,0.0068891048431396484,1340.0
20260213_151714,AGG_ORACLE_FCFS,1574,1,15740001,100.0,100.0,16,60,6,9,4,40.0,0.0015118122100830078,1480.0
20260213_151714,AGG_ORACLE_FCFS,4719,1,47190001,100.0,100.0,1,0,0,1,1,0.0,1.3828277587890625e-5,0.0
20260213_151714,AGG_ORACLE_FCFS,4719,1,47190001,100.0,100.0,2,4,0,1,1,0.0,4.0531158447265625e-6,0.0
20260213_151714,AGG_ORACLE_FCFS,4719,1,47190001,100.0,100.0,3,8,0,2,2,0.0,2.193450927734375e-5,0.0
20260213_151714,AGG_ORACLE_FCFS,4719,1,47190001,100.0,100.0,4,12,0,3,3,0.0,2.288818359375e-5,0.0
20260213_151714,AGG_ORACLE_FCFS,4719,1,47190001,100.0,100.0,5,16,0,1,1,0.0,4.0531158447265625e-6,0.0
20260213_151714,AGG_ORACLE_FCFS,4719,1,47190001,100.0,100.0,6,20,0,7,4,12.0,0.0003311634063720703,1000.0
20260213_151714,AGG_ORACLE_FCFS,4719,1,47190001,100.0,100.0,7,24,1,10,4,24.0,0.0034699440002441406,1000.0
20260213_151714,AGG_ORACLE_FCFS,4719,1,47190001,100.0,100.0,8,28,1,7,4,12.0,0.0004229545593261719,1000.0
20260213_151714,AGG_ORACLE_FCFS,4719,1,47190001,100.0,100.0,9,32,3,5,4,4.0,9.202957153320312e-5,333.3333333333333
20260213_151714,AGG_ORACLE_FCFS,4719,1,47190001,100.0,100.0,10,36,4,6,4,14.0,0.00018286705017089844,740.0
20260213_151714,AGG_ORACLE_FCFS,4719,1,47190001,100.0,100.0,11,40,5,8,4,16.0,0.0007750988006591797,720.0
20260213_151714,AGG_ORACLE_FCFS,4719,1,47190001,100.0,100.0,12,44,5,7,4,12.0,0.0003838539123535156,720.0
20260213_151714,AGG_ORACLE_FCFS,4719,1,47190001,100.0,100.0,13,48,5,9,4,48.0,0.0014410018920898438,813.3333333333333
20260213_151714,AGG_ORACLE_FCFS,4719,1,47190001,100.0,100.0,14,52,6,12,4,56.0,0.011713027954101562,1440.0
20260213_151714,AGG_ORACLE_FCFS,4719,1,47190001,100.0,100.0,15,56,6,10,4,44.0,0.006929874420166016,1340.0
20260213_151714,AGG_ORACLE_FCFS,4719,1,47190001,100.0,100.0,16,60,6,9,4,40.0,0.0015769004821777344,1480.0
20260213_151714,AGG_ORACLE_FCFS,6566,1,65660001,100.0,100.0,1,0,0,1,1,0.0,1.4066696166992188e-5,0.0
20260213_151714,AGG_ORACLE_FCFS,6566,1,65660001,100.0,100.0,2,4,0,1,1,0.0,3.814697265625e-6,0.0
20260213_151714,AGG_ORACLE_FCFS,6566,1,65660001,100.0,100.0,3,8,0,2,2,0.0,1.4066696166992188e-5,0.0
20260213_151714,AGG_ORACLE_FCFS,6566,1,65660001,100.0,100.0,4,12,0,3,3,0.0,2.5033950805664062e-5,0.0
20260213_151714,AGG_ORACLE_FCFS,6566,1,65660001,100.0,100.0,5,16,0,1,1,0.0,5.9604644775390625e-6,0.0
20260213_151714,AGG_ORACLE_FCFS,6566,1,65660001,100.0,100.0,6,20,0,7,4,12.0,0.00035881996154785156,1000.0
20260213_151714,AGG_ORACLE_FCFS,6566,1,65660001,100.0,100.0,7,24,1,10,4,24.0,0.003453969955444336,1000.0
20260213_151714,AGG_ORACLE_FCFS,6566,1,65660001,100.0,100.0,8,28,1,7,4,12.0,0.0004069805145263672,1000.0
20260213_151714,AGG_ORACLE_FCFS,6566,1,65660001,100.0,100.0,9,32,3,5,4,4.0,9.107589721679688e-5,333.3333333333333
20260213_151714,AGG_ORACLE_FCFS,6566,1,65660001,100.0,100.0,10,36,4,6,4,14.0,0.00019502639770507812,740.0
20260213_151714,AGG_ORACLE_FCFS,6566,1,65660001,100.0,100.0,11,40,5,8,4,16.0,0.0008139610290527344,720.0
20260213_151714,AGG_ORACLE_FCFS,6566,1,65660001,100.0,100.0,12,44,5,7,4,12.0,0.00038695335388183594,720.0
20260213_151714,AGG_ORACLE_FCFS,6566,1,65660001,100.0,100.0,13,48,5,9,4,48.0,0.0014758110046386719,813.3333333333333
20260213_151714,AGG_ORACLE_FCFS,6566,1,65660001,100.0,100.0,14,52,6,12,4,56.0,0.015964984893798828,1440.0
20260213_151714,AGG_ORACLE_FCFS,6566,1,65660001,100.0,100.0,15,56,6,10,4,44.0,0.0030498504638671875,1340.0
20260213_151714,AGG_ORACLE_FCFS,6566,1,65660001,100.0,100.0,16,60,6,9,4,40.0,0.001569986343383789,1480.0
20260213_151714,AGG_ORACLE_FCFS,9071,1,90710001,100.0,100.0,1,0,0,1,1,0.0,2.4080276489257812e-5,0.0
20260213_151714,AGG_ORACLE_FCFS,9071,1,90710001,100.0,100.0,2,4,0,1,1,0.0,5.0067901611328125e-6,0.0
20260213_151714,AGG_ORACLE_FCFS,9071,1,90710001,100.0,100.0,3,8,0,2,2,0.0,2.002716064453125e-5,0.0
20260213_151714,AGG_ORACLE_FCFS,9071,1,90710001,100.0,100.0,4,12,0,3,3,0.0,2.002716064453125e-5,0.0
20260213_151714,AGG_ORACLE_FCFS,9071,1,90710001,100.0,100.0,5,16,0,1,1,0.0,6.198883056640625e-6,0.0
20260213_151714,AGG_ORACLE_FCFS,9071,1,90710001,100.0,100.0,6,20,0,7,4,12.0,0.0003609657287597656,1000.0
20260213_151714,AGG_ORACLE_FCFS,9071,1,90710001,100.0,100.0,7,24,1,10,4,24.0,0.0034029483795166016,1000.0
20260213_151714,AGG_ORACLE_FCFS,9071,1,90710001,100.0,100.0,8,28,1,7,4,12.0,0.0003609657287597656,1000.0
20260213_151714,AGG_ORACLE_FCFS,9071,1,90710001,100.0,100.0,9,32,3,5,4,4.0,8.893013000488281e-5,333.3333333333333
20260213_151714,AGG_ORACLE_FCFS,9071,1,90710001,100.0,100.0,10,36,4,6,4,14.0,0.00018310546875,740.0
20260213_151714,AGG_ORACLE_FCFS,9071,1,90710001,100.0,100.0,11,40,5,8,4,16.0,0.0007760524749755859,720.0
20260213_151714,AGG_ORACLE_FCFS,9071,1,90710001,100.0,100.0,12,44,5,7,4,12.0,0.0004138946533203125,720.0
20260213_151714,AGG_ORACLE_FCFS,9071,1,90710001,100.0,100.0,13,48,5,9,4,48.0,0.001447916030883789,813.3333333333333
20260213_151714,AGG_ORACLE_FCFS,9071,1,90710001,100.0,100.0,14,52,6,12,4,56.0,0.01193094253540039,1440.0
20260213_151714,AGG_ORACLE_FCFS,9071,1,90710001,100.0,100.0,15,56,6,10,4,44.0,0.0030150413513183594,1340.0
20260213_151714,AGG_ORACLE_FCFS,9071,1,90710001,100.0,100.0,16,60,6,9,4,40.0,0.001544952392578125,1480.0
20260213_151714,AGG_ORACLE_FCFS,9416,1,94160001,100.0,100.0,1,0,0,1,1,0.0,1.1920928955078125e-5,0.0
20260213_151714,AGG_ORACLE_FCFS,9416,1,94160001,100.0,100.0,2,4,0,1,1,0.0,4.0531158447265625e-6,0.0
20260213_151714,AGG_ORACLE_FCFS,9416,1,94160001,100.0,100.0,3,8,0,2,2,0.0,1.1920928955078125e-5,0.0
20260213_151714,AGG_ORACLE_FCFS,9416,1,94160001,100.0,100.0,4,12,0,3,3,0.0,1.6927719116210938e-5,0.0
20260213_151714,AGG_ORACLE_FCFS,9416,1,94160001,100.0,100.0,5,16,0,1,1,0.0,5.0067901611328125e-6,0.0
20260213_151714,AGG_ORACLE_FCFS,9416,1,94160001,100.0,100.0,6,20,0,7,4,12.0,0.00036787986755371094,1000.0
20260213_151714,AGG_ORACLE_FCFS,9416,1,94160001,100.0,100.0,7,24,1,10,4,24.0,0.007907867431640625,1000.0
20260213_151714,AGG_ORACLE_FCFS,9416,1,94160001,100.0,100.0,8,28,1,7,4,12.0,0.0003669261932373047,1000.0
20260213_151714,AGG_ORACLE_FCFS,9416,1,94160001,100.0,100.0,9,32,3,5,4,4.0,9.012222290039062e-5,333.3333333333333
20260213_151714,AGG_ORACLE_FCFS,9416,1,94160001,100.0,100.0,10,36,4,6,4,14.0,0.00018405914306640625,740.0
20260213_151714,AGG_ORACLE_FCFS,9416,1,94160001,100.0,100.0,11,40,5,8,4,16.0,0.0007960796356201172,720.0
20260213_151714,AGG_ORACLE_FCFS,9416,1,94160001,100.0,100.0,12,44,5,7,4,12.0,0.0004069805145263672,720.0
20260213_151714,AGG_ORACLE_FCFS,9416,1,94160001,100.0,100.0,13,48,5,9,4,48.0,0.0014681816101074219,813.3333333333333
20260213_151714,AGG_ORACLE_FCFS,9416,1,94160001,100.0,100.0,14,52,6,12,4,56.0,0.011852025985717773,1440.0
20260213_151714,AGG_ORACLE_FCFS,9416,1,94160001,100.0,100.0,15,56,6,10,4,44.0,0.0030570030212402344,1340.0
20260213_151714,AGG_ORACLE_FCFS,9416,1,94160001,100.0,100.0,16,60,6,9,4,40.0,0.0015709400177001953,1480.0
20260213_151714,AGG_ORACLE_FCFS,1942,1,19420001,100.0,100.0,1,0,0,1,1,0.0,1.3828277587890625e-5,0.0
20260213_151714,AGG_ORACLE_FCFS,1942,1,19420001,100.0,100.0,2,4,0,1,1,0.0,5.0067901611328125e-6,0.0
20260213_151714,AGG_ORACLE_FCFS,1942,1,19420001,100.0,100.0,3,8,0,2,2,0.0,1.4066696166992188e-5,0.0
20260213_151714,AGG_ORACLE_FCFS,1942,1,19420001,100.0,100.0,4,12,0,3,3,0.0,1.811981201171875e-5,0.0
20260213_151714,AGG_ORACLE_FCFS,1942,1,19420001,100.0,100.0,5,16,0,1,1,0.0,5.0067901611328125e-6,0.0
20260213_151714,AGG_ORACLE_FCFS,1942,1,19420001,100.0,100.0,6,20,0,7,4,12.0,0.00035309791564941406,1000.0
20260213_151714,AGG_ORACLE_FCFS,1942,1,19420001,100.0,100.0,7,24,1,10,4,24.0,0.00740814208984375,1000.0
20260213_151714,AGG_ORACLE_FCFS,1942,1,19420001,100.0,100.0,8,28,1,7,4,12.0,0.0004169940948486328,1000.0
20260213_151714,AGG_ORACLE_FCFS,1942,1,19420001,100.0,100.0,9,32,3,5,4,4.0,9.083747863769531e-5,333.3333333333333
20260213_151714,AGG_ORACLE_FCFS,1942,1,19420001,100.0,100.0,10,36,4,6,4,14.0,0.00018286705017089844,740.0
20260213_151714,AGG_ORACLE_FCFS,1942,1,19420001,100.0,100.0,11,40,5,8,4,16.0,0.0007719993591308594,720.0
20260213_151714,AGG_ORACLE_FCFS,1942,1,19420001,100.0,100.0,12,44,5,7,4,12.0,0.0003840923309326172,720.0
20260213_151714,AGG_ORACLE_FCFS,1942,1,19420001,100.0,100.0,13,48,5,9,4,48.0,0.0014960765838623047,813.3333333333333
20260213_151714,AGG_ORACLE_FCFS,1942,1,19420001,100.0,100.0,14,52,6,12,4,56.0,0.011614799499511719,1440.0
20260213_151714,AGG_ORACLE_FCFS,1942,1,19420001,100.0,100.0,15,56,6,10,4,44.0,0.003034830093383789,1340.0
20260213_151714,AGG_ORACLE_FCFS,1942,1,19420001,100.0,100.0,16,60,6,9,4,40.0,0.0015971660614013672,1480.0
20260213_151714,AGG_ORACLE_FCFS,1562,1,15620001,100.0,100.0,1,0,0,1,1,0.0,2.193450927734375e-5,0.0
20260213_151714,AGG_ORACLE_FCFS,1562,1,15620001,100.0,100.0,2,4,0,1,1,0.0,3.814697265625e-6,0.0
20260213_151714,AGG_ORACLE_FCFS,1562,1,15620001,100.0,100.0,3,8,0,2,2,0.0,1.7881393432617188e-5,0.0
20260213_151714,AGG_ORACLE_FCFS,1562,1,15620001,100.0,100.0,4,12,0,3,3,0.0,1.7881393432617188e-5,0.0
20260213_151714,AGG_ORACLE_FCFS,1562,1,15620001,100.0,100.0,5,16,0,1,1,0.0,4.76837158203125e-6,0.0
20260213_151714,AGG_ORACLE_FCFS,1562,1,15620001,100.0,100.0,6,20,0,7,4,12.0,0.0003352165222167969,1000.0
20260213_151714,AGG_ORACLE_FCFS,1562,1,15620001,100.0,100.0,7,24,1,10,4,24.0,0.007097005844116211,1000.0
20260213_151714,AGG_ORACLE_FCFS,1562,1,15620001,100.0,100.0,8,28,1,7,4,12.0,0.0004379749298095703,1000.0
20260213_151714,AGG_ORACLE_FCFS,1562,1,15620001,100.0,100.0,9,32,3,5,4,4.0,9.107589721679688e-5,333.3333333333333
20260213_151714,AGG_ORACLE_FCFS,1562,1,15620001,100.0,100.0,10,36,4,6,4,14.0,0.00018405914306640625,740.0
20260213_151714,AGG_ORACLE_FCFS,1562,1,15620001,100.0,100.0,11,40,5,8,4,16.0,0.00084686279296875,720.0
20260213_151714,AGG_ORACLE_FCFS,1562,1,15620001,100.0,100.0,12,44,5,7,4,12.0,0.00037789344787597656,720.0
20260213_151714,AGG_ORACLE_FCFS,1562,1,15620001,100.0,100.0,13,48,5,9,4,48.0,0.0014569759368896484,813.3333333333333
20260213_151714,AGG_ORACLE_FCFS,1562,1,15620001,100.0,100.0,14,52,6,12,4,56.0,0.011776208877563477,1440.0
20260213_151714,AGG_ORACLE_FCFS,1562,1,15620001,100.0,100.0,15,56,6,10,4,44.0,0.003075122833251953,1340.0
20260213_151714,AGG_ORACLE_FCFS,1562,1,15620001,100.0,100.0,16,60,6,9,4,40.0,0.0015518665313720703,1480.0
20260213_151714,AGG_ORACLE_FCFS,2244,1,22440001,100.0,100.0,1,0,0,1,1,0.0,1.5974044799804688e-5,0.0
20260213_151714,AGG_ORACLE_FCFS,2244,1,22440001,100.0,100.0,2,4,0,1,1,0.0,5.0067901611328125e-6,0.0
20260213_151714,AGG_ORACLE_FCFS,2244,1,22440001,100.0,100.0,3,8,0,2,2,0.0,1.3828277587890625e-5,0.0
20260213_151714,AGG_ORACLE_FCFS,2244,1,22440001,100.0,100.0,4,12,0,3,3,0.0,1.7881393432617188e-5,0.0
20260213_151714,AGG_ORACLE_FCFS,2244,1,22440001,100.0,100.0,5,16,0,1,1,0.0,5.0067901611328125e-6,0.0
20260213_151714,AGG_ORACLE_FCFS,2244,1,22440001,100.0,100.0,6,20,0,7,4,12.0,0.0003459453582763672,1000.0
20260213_151714,AGG_ORACLE_FCFS,2244,1,22440001,100.0,100.0,7,24,1,10,4,24.0,0.007252931594848633,1000.0
20260213_151714,AGG_ORACLE_FCFS,2244,1,22440001,100.0,100.0,8,28,1,7,4,12.0,0.0003609657287597656,1000.0
20260213_151714,AGG_ORACLE_FCFS,2244,1,22440001,100.0,100.0,9,32,3,5,4,4.0,8.893013000488281e-5,333.3333333333333
20260213_151714,AGG_ORACLE_FCFS,2244,1,22440001,100.0,100.0,10,36,4,6,4,14.0,0.00018405914306640625,740.0
20260213_151714,AGG_ORACLE_FCFS,2244,1,22440001,100.0,100.0,11,40,5,8,4,16.0,0.0007569789886474609,720.0
20260213_151714,AGG_ORACLE_FCFS,2244,1,22440001,100.0,100.0,12,44,5,7,4,22.0,0.00038886070251464844,1080.0
20260213_151714,AGG_ORACLE_FCFS,2244,1,22440001,100.0,100.0,13,48,5,9,4,44.0,0.0015048980712890625,813.3333333333333
20260213_151714,AGG_ORACLE_FCFS,2244,1,22440001,100.0,100.0,14,52,6,12,4,56.0,0.01158285140991211,1440.0
20260213_151714,AGG_ORACLE_FCFS,2244,1,22440001,100.0,100.0,15,56,6,10,4,44.0,0.003025054931640625,1340.0
20260213_151714,AGG_ORACLE_FCFS,2244,1,22440001,100.0,100.0,16,60,6,9,4,40.0,0.0015888214111328125,1480.0
20260213_151714,AGG_ORACLE_FCFS,7298,1,72980001,100.0,100.0,1,0,0,1,1,0.0,2.002716064453125e-5,0.0
20260213_151714,AGG_ORACLE_FCFS,7298,1,72980001,100.0,100.0,2,4,0,1,1,0.0,4.0531158447265625e-6,0.0
20260213_151714,AGG_ORACLE_FCFS,7298,1,72980001,100.0,100.0,3,8,0,2,2,0.0,1.3113021850585938e-5,0.0
20260213_151714,AGG_ORACLE_FCFS,7298,1,72980001,100.0,100.0,4,12,0,3,3,0.0,1.811981201171875e-5,0.0
20260213_151714,AGG_ORACLE_FCFS,7298,1,72980001,100.0,100.0,5,16,0,1,1,0.0,4.0531158447265625e-6,0.0
20260213_151714,AGG_ORACLE_FCFS,7298,1,72980001,100.0,100.0,6,20,0,7,4,12.0,0.00034499168395996094,1000.0
20260213_151714,AGG_ORACLE_FCFS,7298,1,72980001,100.0,100.0,7,24,1,10,4,24.0,0.007200956344604492,1000.0
20260213_151714,AGG_ORACLE_FCFS,7298,1,72980001,100.0,100.0,8,28,1,7,4,12.0,0.000370025634765625,1000.0
20260213_151714,AGG_ORACLE_FCFS,7298,1,72980001,100.0,100.0,9,32,3,5,4,4.0,9.989738464355469e-5,333.3333333333333
20260213_151714,AGG_ORACLE_FCFS,7298,1,72980001,100.0,100.0,10,36,4,6,4,14.0,0.0001900196075439453,740.0
20260213_151714,AGG_ORACLE_FCFS,7298,1,72980001,100.0,100.0,11,40,5,8,4,16.0,0.0008189678192138672,720.0
20260213_151714,AGG_ORACLE_FCFS,7298,1,72980001,100.0,100.0,12,44,5,7,4,12.0,0.0003771781921386719,720.0
20260213_151714,AGG_ORACLE_FCFS,7298,1,72980001,100.0,100.0,13,48,5,9,4,48.0,0.0015680789947509766,813.3333333333333
20260213_151714,AGG_ORACLE_FCFS,7298,1,72980001,100.0,100.0,14,52,6,12,4,56.0,0.011929988861083984,1440.0
20260213_151714,AGG_ORACLE_FCFS,7298,1,72980001,100.0,100.0,15,56,6,10,4,44.0,0.003117084503173828,1340.0
20260213_151714,AGG_ORACLE_FCFS,7298,1,72980001,100.0,100.0,16,60,6,9,4,40.0,0.0015878677368164062,1480.0
20260213_151714,AGG_ORACLE_FCFS,8847,1,88470001,100.0,100.0,1,0,0,1,1,0.0,1.3828277587890625e-5,0.0
20260213_151714,AGG_ORACLE_FCFS,8847,1,88470001,100.0,100.0,2,4,0,1,1,0.0,2.86102294921875e-6,0.0
20260213_151714,AGG_ORACLE_FCFS,8847,1,88470001,100.0,100.0,3,8,0,2,2,0.0,2.4080276489257812e-5,0.0
20260213_151714,AGG_ORACLE_FCFS,8847,1,88470001,100.0,100.0,4,12,0,3,3,0.0,2.002716064453125e-5,0.0
20260213_151714,AGG_ORACLE_FCFS,8847,1,88470001,100.0,100.0,5,16,0,1,1,0.0,3.814697265625e-6,0.0
20260213_151714,AGG_ORACLE_FCFS,8847,1,88470001,100.0,100.0,6,20,0,7,4,12.0,0.00034618377685546875,1000.0
20260213_151714,AGG_ORACLE_FCFS,8847,1,88470001,100.0,100.0,7,24,1,10,4,24.0,0.007423877716064453,1000.0
20260213_151714,AGG_ORACLE_FCFS,8847,1,88470001,100.0,100.0,8,28,1,7,4,12.0,0.0003638267517089844,1000.0
20260213_151714,AGG_ORACLE_FCFS,8847,1,88470001,100.0,100.0,9,32,3,5,4,4.0,9.202957153320312e-5,333.3333333333333
20260213_151714,AGG_ORACLE_FCFS,8847,1,88470001,100.0,100.0,10,36,4,6,4,14.0,0.00018787384033203125,740.0
20260213_151714,AGG_ORACLE_FCFS,8847,1,88470001,100.0,100.0,11,40,5,8,4,16.0,0.0008211135864257812,720.0
20260213_151714,AGG_ORACLE_FCFS,8847,1,88470001,100.0,100.0,12,44,5,7,4,12.0,0.0004000663757324219,720.0
20260213_151714,AGG_ORACLE_FCFS,8847,1,88470001,100.0,100.0,13,48,5,9,4,48.0,0.0015189647674560547,813.3333333333333
20260213_151714,AGG_ORACLE_FCFS,8847,1,88470001,100.0,100.0,14,52,6,12,4,56.0,0.011631011962890625,1440.0
20260213_151714,AGG_ORACLE_FCFS,8847,1,88470001,100.0,100.0,15,56,6,10,4,44.0,0.0030210018157958984,1340.0
20260213_151714,AGG_ORACLE_FCFS,8847,1,88470001,100.0,100.0,16,60,6,9,4,40.0,0.005084037780761719,1480.0
20260213_151714,AGG_ORACLE_FCFS,6318,1,63180001,100.0,100.0,1,0,0,1,1,0.0,1.4066696166992188e-5,0.0
20260213_151714,AGG_ORACLE_FCFS,6318,1,63180001,100.0,100.0,2,4,0,1,1,0.0,5.0067901611328125e-6,0.0
20260213_151714,AGG_ORACLE_FCFS,6318,1,63180001,100.0,100.0,3,8,0,2,2,0.0,1.5974044799804688e-5,0.0
20260213_151714,AGG_ORACLE_FCFS,6318,1,63180001,100.0,100.0,4,12,0,3,3,0.0,1.9073486328125e-5,0.0
20260213_151714,AGG_ORACLE_FCFS,6318,1,63180001,100.0,100.0,5,16,0,1,1,0.0,5.0067901611328125e-6,0.0
20260213_151714,AGG_ORACLE_FCFS,6318,1,63180001,100.0,100.0,6,20,0,7,4,12.0,0.0003399848937988281,1000.0
20260213_151714,AGG_ORACLE_FCFS,6318,1,63180001,100.0,100.0,7,24,1,10,4,24.0,0.0034301280975341797,1000.0
20260213_151714,AGG_ORACLE_FCFS,6318,1,63180001,100.0,100.0,8,28,1,7,4,12.0,0.00036597251892089844,1000.0
20260213_151714,AGG_ORACLE_FCFS,6318,1,63180001,100.0,100.0,9,32,3,5,4,4.0,8.797645568847656e-5,333.3333333333333
20260213_151714,AGG_ORACLE_FCFS,6318,1,63180001,100.0,100.0,10,36,4,6,4,14.0,0.00018715858459472656,740.0
20260213_151714,AGG_ORACLE_FCFS,6318,1,63180001,100.0,100.0,11,40,5,8,4,16.0,0.000782012939453125,720.0
20260213_151714,AGG_ORACLE_FCFS,6318,1,63180001,100.0,100.0,12,44,5,7,4,22.0,0.0004470348358154297,1080.0
20260213_151714,AGG_ORACLE_FCFS,6318,1,63180001,100.0,100.0,13,48,5,9,4,44.0,0.0015118122100830078,813.3333333333333
20260213_151714,AGG_ORACLE_FCFS,6318,1,63180001,100.0,100.0,14,52,6,12,4,56.0,0.011757135391235352,1440.0
20260213_151714,AGG_ORACLE_FCFS,6318,1,63180001,100.0,100.0,15,56,6,10,4,44.0,0.0068302154541015625,1340.0
20260213_151714,AGG_ORACLE_FCFS,6318,1,63180001,100.0,100.0,16,60,6,9,4,40.0,0.0015759468078613281,1480.0
20260213_151714,AGG_ORACLE_FCFS,7261,1,72610001,100.0,100.0,1,0,0,1,1,0.0,2.193450927734375e-5,0.0
20260213_151714,AGG_ORACLE_FCFS,7261,1,72610001,100.0,100.0,2,4,0,1,1,0.0,3.814697265625e-6,0.0
20260213_151714,AGG_ORACLE_FCFS,7261,1,72610001,100.0,100.0,3,8,0,2,2,0.0,1.9073486328125e-5,0.0
20260213_151714,AGG_ORACLE_FCFS,7261,1,72610001,100.0,100.0,4,12,0,3,3,0.0,1.811981201171875e-5,0.0
20260213_151714,AGG_ORACLE_FCFS,7261,1,72610001,100.0,100.0,5,16,0,1,1,0.0,5.0067901611328125e-6,0.0
20260213_151714,AGG_ORACLE_FCFS,7261,1,72610001,100.0,100.0,6,20,0,7,4,12.0,0.0003559589385986328,1000.0
20260213_151714,AGG_ORACLE_FCFS,7261,1,72610001,100.0,100.0,7,24,1,10,4,24.0,0.0034410953521728516,1000.0
20260213_151714,AGG_ORACLE_FCFS,7261,1,72610001,100.0,100.0,8,28,1,7,4,12.0,0.0003731250762939453,1000.0
20260213_151714,AGG_ORACLE_FCFS,7261,1,72610001,100.0,100.0,9,32,3,5,4,4.0,9.107589721679688e-5,333.3333333333333
20260213_151714,AGG_ORACLE_FCFS,7261,1,72610001,100.0,100.0,10,36,4,6,4,14.0,0.00018906593322753906,740.0
20260213_151714,AGG_ORACLE_FCFS,7261,1,72610001,100.0,100.0,11,40,5,8,4,16.0,0.0007700920104980469,720.0
20260213_151714,AGG_ORACLE_FCFS,7261,1,72610001,100.0,100.0,12,44,5,7,4,22.0,0.0003781318664550781,1080.0
20260213_151714,AGG_ORACLE_FCFS,7261,1,72610001,100.0,100.0,13,48,5,9,4,44.0,0.0014319419860839844,813.3333333333333
20260213_151714,AGG_ORACLE_FCFS,7261,1,72610001,100.0,100.0,14,52,6,12,4,56.0,0.011628866195678711,1440.0
20260213_151714,AGG_ORACLE_FCFS,7261,1,72610001,100.0,100.0,15,56,6,10,4,44.0,0.006887912750244141,1340.0
20260213_151714,AGG_ORACLE_FCFS,7261,1,72610001,100.0,100.0,16,60,6,9,4,40.0,0.0015778541564941406,1480.0
20260213_151714,AGG_ORACLE_FCFS,3149,1,31490001,100.0,100.0,1,0,0,1,1,0.0,1.6927719116210938e-5,0.0
20260213_151714,AGG_ORACLE_FCFS,3149,1,31490001,100.0,100.0,2,4,0,1,1,0.0,4.0531158447265625e-6,0.0
20260213_151714,AGG_ORACLE_FCFS,3149,1,31490001,100.0,100.0,3,8,0,2,2,0.0,2.2172927856445312e-5,0.0
20260213_151714,AGG_ORACLE_FCFS,3149,1,31490001,100.0,100.0,4,12,0,3,3,0.0,2.2172927856445312e-5,0.0
20260213_151714,AGG_ORACLE_FCFS,3149,1,31490001,100.0,100.0,5,16,0,1,1,0.0,4.0531158447265625e-6,0.0
20260213_151714,AGG_ORACLE_FCFS,3149,1,31490001,100.0,100.0,6,20,0,7,4,12.0,0.000331878662109375,1000.0
20260213_151714,AGG_ORACLE_FCFS,3149,1,31490001,100.0,100.0,7,24,1,10,4,24.0,0.0034220218658447266,1000.0
20260213_151714,AGG_ORACLE_FCFS,3149,1,31490001,100.0,100.0,8,28,1,7,4,12.0,0.000392913818359375,1000.0
20260213_151714,AGG_ORACLE_FCFS,3149,1,31490001,100.0,100.0,9,32,3,5,4,4.0,9.107589721679688e-5,333.3333333333333
20260213_151714,AGG_ORACLE_FCFS,3149,1,31490001,100.0,100.0,10,36,4,6,4,14.0,0.00018405914306640625,740.0
20260213_151714,AGG_ORACLE_FCFS,3149,1,31490001,100.0,100.0,11,40,5,8,4,16.0,0.0007708072662353516,720.0
20260213_151714,AGG_ORACLE_FCFS,3149,1,31490001,100.0,100.0,12,44,5,7,4,22.0,0.0003840923309326172,1080.0
20260213_151714,AGG_ORACLE_FCFS,3149,1,31490001,100.0,100.0,13,48,5,9,4,44.0,0.0014400482177734375,813.3333333333333
20260213_151714,AGG_ORACLE_FCFS,3149,1,31490001,100.0,100.0,14,52,6,12,4,56.0,0.01176309585571289,1440.0
20260213_151714,AGG_ORACLE_FCFS,3149,1,31490001,100.0,100.0,15,56,6,10,4,44.0,0.007010936737060547,1340.0
20260213_151714,AGG_ORACLE_FCFS,3149,1,31490001,100.0,100.0,16,60,6,9,4,40.0,0.001561880111694336,1480.0
20260213_151714,AGG_ORACLE_FCFS,7427,1,74270001,100.0,100.0,1,0,0,1,1,0.0,1.2874603271484375e-5,0.0
20260213_151714,AGG_ORACLE_FCFS,7427,1,74270001,100.0,100.0,2,4,0,1,1,0.0,3.814697265625e-6,0.0
20260213_151714,AGG_ORACLE_FCFS,7427,1,74270001,100.0,100.0,3,8,0,2,2,0.0,1.5020370483398438e-5,0.0
20260213_151714,AGG_ORACLE_FCFS,7427,1,74270001,100.0,100.0,4,12,0,3,3,0.0,2.5033950805664062e-5,0.0
20260213_151714,AGG_ORACLE_FCFS,7427,1,74270001,100.0,100.0,5,16,0,1,1,0.0,4.0531158447265625e-6,0.0
20260213_151714,AGG_ORACLE_FCFS,7427,1,74270001,100.0,100.0,6,20,0,7,4,12.0,0.00033020973205566406,1000.0
20260213_151714,AGG_ORACLE_FCFS,7427,1,74270001,100.0,100.0,7,24,1,10,4,24.0,0.003361940383911133,1000.0
20260213_151714,AGG_ORACLE_FCFS,7427,1,74270001,100.0,100.0,8,28,1,7,4,12.0,0.0003719329833984375,1000.0
20260213_151714,AGG_ORACLE_FCFS,7427,1,74270001,100.0,100.0,9,32,3,5,4,4.0,9.012222290039062e-5,333.3333333333333
20260213_151714,AGG_ORACLE_FCFS,7427,1,74270001,100.0,100.0,10,36,4,6,4,14.0,0.0002090930938720703,740.0
20260213_151714,AGG_ORACLE_FCFS,7427,1,74270001,100.0,100.0,11,40,5,8,4,16.0,0.0007779598236083984,720.0
20260213_151714,AGG_ORACLE_FCFS,7427,1,74270001,100.0,100.0,12,44,5,7,4,22.0,0.00040793418884277344,1080.0
20260213_151714,AGG_ORACLE_FCFS,7427,1,74270001,100.0,100.0,13,48,5,9,4,44.0,0.001455068588256836,813.3333333333333
20260213_151714,AGG_ORACLE_FCFS,7427,1,74270001,100.0,100.0,14,52,6,12,4,56.0,0.011970996856689453,1440.0
20260213_151714,AGG_ORACLE_FCFS,7427,1,74270001,100.0,100.0,15,56,6,10,4,44.0,0.006837129592895508,1340.0
20260213_151714,AGG_ORACLE_FCFS,7427,1,74270001,100.0,100.0,16,60,6,9,4,40.0,0.0015561580657958984,1480.0
20260213_151714,AGG_ORACLE_FCFS,6882,1,68820001,100.0,100.0,1,0,0,1,1,0.0,1.4066696166992188e-5,0.0
20260213_151714,AGG_ORACLE_FCFS,6882,1,68820001,100.0,100.0,2,4,0,1,1,0.0,1.7881393432617188e-5,0.0
20260213_151714,AGG_ORACLE_FCFS,6882,1,68820001,100.0,100.0,3,8,0,2,2,0.0,1.5020370483398438e-5,0.0
20260213_151714,AGG_ORACLE_FCFS,6882,1,68820001,100.0,100.0,4,12,0,3,3,0.0,2.5987625122070312e-5,0.0
20260213_151714,AGG_ORACLE_FCFS,6882,1,68820001,100.0,100.0,5,16,0,1,1,0.0,8.106231689453125e-6,0.0
20260213_151714,AGG_ORACLE_FCFS,6882,1,68820001,100.0,100.0,6,20,0,7,4,12.0,0.00034117698669433594,1000.0
20260213_151714,AGG_ORACLE_FCFS,6882,1,68820001,100.0,100.0,7,24,1,10,4,24.0,0.003403902053833008,1000.0
20260213_151714,AGG_ORACLE_FCFS,6882,1,68820001,100.0,100.0,8,28,1,7,4,12.0,0.0003879070281982422,1000.0
20260213_151714,AGG_ORACLE_FCFS,6882,1,68820001,100.0,100.0,9,32,3,5,4,4.0,9.703636169433594e-5,333.3333333333333
20260213_151714,AGG_ORACLE_FCFS,6882,1,68820001,100.0,100.0,10,36,4,6,4,14.0,0.00020313262939453125,740.0
20260213_151714,AGG_ORACLE_FCFS,6882,1,68820001,100.0,100.0,11,40,5,8,4,16.0,0.0007920265197753906,720.0
20260213_151714,AGG_ORACLE_FCFS,6882,1,68820001,100.0,100.0,12,44,5,7,4,12.0,0.0003838539123535156,720.0
20260213_151714,AGG_ORACLE_FCFS,6882,1,68820001,100.0,100.0,13,48,5,9,4,48.0,0.0014910697937011719,813.3333333333333
20260213_151714,AGG_ORACLE_FCFS,6882,1,68820001,100.0,100.0,14,52,6,12,4,56.0,0.011796951293945312,1440.0
20260213_151714,AGG_ORACLE_FCFS,6882,1,68820001,100.0,100.0,15,56,6,10,4,44.0,0.007077932357788086,1340.0
20260213_151714,AGG_ORACLE_FCFS,6882,1,68820001,100.0,100.0,16,60,6,9,4,40.0,0.001611948013305664,1480.0
20260213_151714,AGG_ORACLE_FCFS,9841,1,98410001,100.0,100.0,1,0,0,1,1,0.0,1.3828277587890625e-5,0.0
20260213_151714,AGG_ORACLE_FCFS,9841,1,98410001,100.0,100.0,2,4,0,1,1,0.0,2.86102294921875e-6,0.0
20260213_151714,AGG_ORACLE_FCFS,9841,1,98410001,100.0,100.0,3,8,0,2,2,0.0,1.5020370483398438e-5,0.0
20260213_151714,AGG_ORACLE_FCFS,9841,1,98410001,100.0,100.0,4,12,0,3,3,0.0,1.811981201171875e-5,0.0
20260213_151714,AGG_ORACLE_FCFS,9841,1,98410001,100.0,100.0,5,16,0,1,1,0.0,4.0531158447265625e-6,0.0
20260213_151714,AGG_ORACLE_FCFS,9841,1,98410001,100.0,100.0,6,20,0,7,4,12.0,0.00036597251892089844,1000.0
20260213_151714,AGG_ORACLE_FCFS,9841,1,98410001,100.0,100.0,7,24,1,10,4,24.0,0.003484964370727539,1000.0
20260213_151714,AGG_ORACLE_FCFS,9841,1,98410001,100.0,100.0,8,28,1,7,4,12.0,0.0003819465637207031,1000.0
20260213_151714,AGG_ORACLE_FCFS,9841,1,98410001,100.0,100.0,9,32,3,5,4,4.0,9.107589721679688e-5,333.3333333333333
20260213_151714,AGG_ORACLE_FCFS,9841,1,98410001,100.0,100.0,10,36,4,6,4,14.0,0.00019311904907226562,740.0
20260213_151714,AGG_ORACLE_FCFS,9841,1,98410001,100.0,100.0,11,40,5,8,4,16.0,0.000823974609375,720.0
20260213_151714,AGG_ORACLE_FCFS,9841,1,98410001,100.0,100.0,12,44,5,7,4,12.0,0.0004169940948486328,720.0
20260213_151714,AGG_ORACLE_FCFS,9841,1,98410001,100.0,100.0,13,48,5,9,4,48.0,0.0014851093292236328,813.3333333333333
20260213_151714,AGG_ORACLE_FCFS,9841,1,98410001,100.0,100.0,14,52,6,12,4,56.0,0.012052059173583984,1440.0
20260213_151714,AGG_ORACLE_FCFS,9841,1,98410001,100.0,100.0,15,56,6,10,4,44.0,0.006948947906494141,1340.0
20260213_151714,AGG_ORACLE_FCFS,9841,1,98410001,100.0,100.0,16,60,6,9,4,40.0,0.0015819072723388672,1480.0
20260213_151714,AGG_ORACLE_FCFS,6351,1,63510001,100.0,100.0,1,0,0,1,1,0.0,1.4066696166992188e-5,0.0
20260213_151714,AGG_ORACLE_FCFS,6351,1,63510001,100.0,100.0,2,4,0,1,1,0.0,3.814697265625e-6,0.0
20260213_151714,AGG_ORACLE_FCFS,6351,1,63510001,100.0,100.0,3,8,0,2,2,0.0,1.4066696166992188e-5,0.0
20260213_151714,AGG_ORACLE_FCFS,6351,1,63510001,100.0,100.0,4,12,0,3,3,0.0,1.811981201171875e-5,0.0
20260213_151714,AGG_ORACLE_FCFS,6351,1,63510001,100.0,100.0,5,16,0,1,1,0.0,5.0067901611328125e-6,0.0
20260213_151714,AGG_ORACLE_FCFS,6351,1,63510001,100.0,100.0,6,20,0,7,4,12.0,0.0003490447998046875,1000.0
20260213_151714,AGG_ORACLE_FCFS,6351,1,63510001,100.0,100.0,7,24,1,10,4,24.0,0.003389120101928711,1000.0
20260213_151714,AGG_ORACLE_FCFS,6351,1,63510001,100.0,100.0,8,28,1,7,4,12.0,0.0003821849822998047,1000.0
20260213_151714,AGG_ORACLE_FCFS,6351,1,63510001,100.0,100.0,9,32,3,5,4,4.0,0.0001068115234375,333.3333333333333
20260213_151714,AGG_ORACLE_FCFS,6351,1,63510001,100.0,100.0,10,36,4,6,4,14.0,0.00021409988403320312,740.0
20260213_151714,AGG_ORACLE_FCFS,6351,1,63510001,100.0,100.0,11,40,5,8,4,16.0,0.0007669925689697266,720.0
20260213_151714,AGG_ORACLE_FCFS,6351,1,63510001,100.0,100.0,12,44,5,7,4,12.0,0.0003910064697265625,720.0
20260213_151714,AGG_ORACLE_FCFS,6351,1,63510001,100.0,100.0,13,48,5,9,4,48.0,0.0014560222625732422,813.3333333333333
20260213_151714,AGG_ORACLE_FCFS,6351,1,63510001,100.0,100.0,14,52,6,12,4,56.0,0.011806011199951172,1440.0
20260213_151714,AGG_ORACLE_FCFS,6351,1,63510001,100.0,100.0,15,56,6,10,4,44.0,0.007104158401489258,1340.0
20260213_151714,AGG_ORACLE_FCFS,6351,1,63510001,100.0,100.0,16,60,6,9,4,40.0,0.0015649795532226562,1480.0
20260213_151714,AGG_ORACLE_FCFS,9611,1,96110001,100.0,100.0,1,0,0,1,1,0.0,1.811981201171875e-5,0.0
20260213_151714,AGG_ORACLE_FCFS,9611,1,96110001,100.0,100.0,2,4,0,1,1,0.0,5.0067901611328125e-6,0.0
20260213_151714,AGG_ORACLE_FCFS,9611,1,96110001,100.0,100.0,3,8,0,2,2,0.0,1.3113021850585938e-5,0.0
20260213_151714,AGG_ORACLE_FCFS,9611,1,96110001,100.0,100.0,4,12,0,3,3,0.0,2.5033950805664062e-5,0.0
20260213_151714,AGG_ORACLE_FCFS,9611,1,96110001,100.0,100.0,5,16,0,1,1,0.0,3.814697265625e-6,0.0
20260213_151714,AGG_ORACLE_FCFS,9611,1,96110001,100.0,100.0,6,20,0,7,4,12.0,0.00033402442932128906,1000.0
20260213_151714,AGG_ORACLE_FCFS,9611,1,96110001,100.0,100.0,7,24,1,10,4,24.0,0.003434896469116211,1000.0
20260213_151714,AGG_ORACLE_FCFS,9611,1,96110001,100.0,100.0,8,28,1,7,4,12.0,0.00039196014404296875,1000.0
20260213_151714,AGG_ORACLE_FCFS,9611,1,96110001,100.0,100.0,9,32,3,5,4,4.0,9.107589721679688e-5,333.3333333333333
20260213_151714,AGG_ORACLE_FCFS,9611,1,96110001,100.0,100.0,10,36,4,6,4,14.0,0.00018095970153808594,740.0
20260213_151714,AGG_ORACLE_FCFS,9611,1,96110001,100.0,100.0,11,40,5,8,4,16.0,0.0008020401000976562,720.0
20260213_151714,AGG_ORACLE_FCFS,9611,1,96110001,100.0,100.0,12,44,5,7,4,12.0,0.0003800392150878906,720.0
20260213_151714,AGG_ORACLE_FCFS,9611,1,96110001,100.0,100.0,13,48,5,9,4,48.0,0.0014688968658447266,813.3333333333333
20260213_151714,AGG_ORACLE_FCFS,9611,1,96110001,100.0,100.0,14,52,6,12,4,56.0,0.011651992797851562,1440.0
20260213_151714,AGG_ORACLE_FCFS,9611,1,96110001,100.0,100.0,15,56,6,10,4,44.0,0.006860017776489258,1340.0
20260213_151714,AGG_ORACLE_FCFS,9611,1,96110001,100.0,100.0,16,60,6,9,4,40.0,0.0015420913696289062,1480.0
20260213_151714,AGG_ORACLE_FCFS,5178,1,51780001,100.0,100.0,1,0,0,1,1,0.0,1.3113021850585938e-5,0.0
20260213_151714,AGG_ORACLE_FCFS,5178,1,51780001,100.0,100.0,2,4,0,1,1,0.0,4.0531158447265625e-6,0.0
20260213_151714,AGG_ORACLE_FCFS,5178,1,51780001,100.0,100.0,3,8,0,2,2,0.0,1.5020370483398438e-5,0.0
20260213_151714,AGG_ORACLE_FCFS,5178,1,51780001,100.0,100.0,4,12,0,3,3,0.0,1.811981201171875e-5,0.0
20260213_151714,AGG_ORACLE_FCFS,5178,1,51780001,100.0,100.0,5,16,0,1,1,0.0,4.0531158447265625e-6,0.0
20260213_151714,AGG_ORACLE_FCFS,5178,1,51780001,100.0,100.0,6,20,0,7,4,12.0,0.00034308433532714844,1000.0
20260213_151714,AGG_ORACLE_FCFS,5178,1,51780001,100.0,100.0,7,24,1,10,4,24.0,0.003445148468017578,1000.0
20260213_151714,AGG_ORACLE_FCFS,5178,1,51780001,100.0,100.0,8,28,1,7,4,12.0,0.0003809928894042969,1000.0
20260213_151714,AGG_ORACLE_FCFS,5178,1,51780001,100.0,100.0,9,32,3,5,4,4.0,0.00010395050048828125,333.3333333333333
20260213_151714,AGG_ORACLE_FCFS,5178,1,51780001,100.0,100.0,10,36,4,6,4,14.0,0.0002009868621826172,740.0
20260213_151714,AGG_ORACLE_FCFS,5178,1,51780001,100.0,100.0,11,40,5,8,4,16.0,0.0007719993591308594,720.0
20260213_151714,AGG_ORACLE_FCFS,5178,1,51780001,100.0,100.0,12,44,5,7,4,12.0,0.00038886070251464844,720.0
20260213_151714,AGG_ORACLE_FCFS,5178,1,51780001,100.0,100.0,13,48,5,9,4,48.0,0.0014619827270507812,813.3333333333333
20260213_151714,AGG_ORACLE_FCFS,5178,1,51780001,100.0,100.0,14,52,6,12,4,56.0,0.011839866638183594,1440.0
20260213_151714,AGG_ORACLE_FCFS,5178,1,51780001,100.0,100.0,15,56,6,10,4,44.0,0.0069768428802490234,1340.0
20260213_151714,AGG_ORACLE_FCFS,5178,1,51780001,100.0,100.0,16,60,6,9,4,40.0,0.0015859603881835938,1480.0
20260213_151714,AGG_ORACLE_FCFS,8915,1,89150001,100.0,100.0,1,0,0,1,1,0.0,1.4066696166992188e-5,0.0
20260213_151714,AGG_ORACLE_FCFS,8915,1,89150001,100.0,100.0,2,4,0,1,1,0.0,3.814697265625e-6,0.0
20260213_151714,AGG_ORACLE_FCFS,8915,1,89150001,100.0,100.0,3,8,0,2,2,0.0,1.4781951904296875e-5,0.0
20260213_151714,AGG_ORACLE_FCFS,8915,1,89150001,100.0,100.0,4,12,0,3,3,0.0,3.910064697265625e-5,0.0
20260213_151714,AGG_ORACLE_FCFS,8915,1,89150001,100.0,100.0,5,16,0,1,1,0.0,4.0531158447265625e-6,0.0
20260213_151714,AGG_ORACLE_FCFS,8915,1,89150001,100.0,100.0,6,20,0,7,4,12.0,0.0003368854522705078,1000.0
20260213_151714,AGG_ORACLE_FCFS,8915,1,89150001,100.0,100.0,7,24,1,10,4,24.0,0.0034198760986328125,1000.0
20260213_151714,AGG_ORACLE_FCFS,8915,1,89150001,100.0,100.0,8,28,1,7,4,12.0,0.00037598609924316406,1000.0
20260213_151714,AGG_ORACLE_FCFS,8915,1,89150001,100.0,100.0,9,32,3,5,4,4.0,9.202957153320312e-5,333.3333333333333
20260213_151714,AGG_ORACLE_FCFS,8915,1,89150001,100.0,100.0,10,36,4,6,4,14.0,0.00018596649169921875,740.0
20260213_151714,AGG_ORACLE_FCFS,8915,1,89150001,100.0,100.0,11,40,5,8,4,16.0,0.0007870197296142578,720.0
20260213_151714,AGG_ORACLE_FCFS,8915,1,89150001,100.0,100.0,12,44,5,7,4,12.0,0.0003800392150878906,720.0
20260213_151714,AGG_ORACLE_FCFS,8915,1,89150001,100.0,100.0,13,48,5,9,4,48.0,0.0014681816101074219,813.3333333333333
20260213_151714,AGG_ORACLE_FCFS,8915,1,89150001,100.0,100.0,14,52,6,12,4,56.0,0.011765003204345703,1440.0
20260213_151714,AGG_ORACLE_FCFS,8915,1,89150001,100.0,100.0,15,56,6,10,4,44.0,0.006835222244262695,1340.0
20260213_151714,AGG_ORACLE_FCFS,8915,1,89150001,100.0,100.0,16,60,6,9,4,40.0,0.0015451908111572266,1480.0
20260213_151714,AGG_ORACLE_FCFS,361,1,3610001,100.0,100.0,1,0,0,1,1,0.0,1.5020370483398438e-5,0.0
20260213_151714,AGG_ORACLE_FCFS,361,1,3610001,100.0,100.0,2,4,0,1,1,0.0,5.0067901611328125e-6,0.0
20260213_151714,AGG_ORACLE_FCFS,361,1,3610001,100.0,100.0,3,8,0,2,2,0.0,1.3828277587890625e-5,0.0
20260213_151714,AGG_ORACLE_FCFS,361,1,3610001,100.0,100.0,4,12,0,3,3,0.0,1.9073486328125e-5,0.0
20260213_151714,AGG_ORACLE_FCFS,361,1,3610001,100.0,100.0,5,16,0,1,1,0.0,5.0067901611328125e-6,0.0
20260213_151714,AGG_ORACLE_FCFS,361,1,3610001,100.0,100.0,6,20,0,7,4,12.0,0.0003349781036376953,1000.0
20260213_151714,AGG_ORACLE_FCFS,361,1,3610001,100.0,100.0,7,24,1,10,4,24.0,0.0033860206604003906,1000.0
20260213_151714,AGG_ORACLE_FCFS,361,1,3610001,100.0,100.0,8,28,1,7,4,12.0,0.0003991127014160156,1000.0
20260213_151714,AGG_ORACLE_FCFS,361,1,3610001,100.0,100.0,9,32,3,5,4,4.0,9.083747863769531e-5,333.3333333333333
20260213_151714,AGG_ORACLE_FCFS,361,1,3610001,100.0,100.0,10,36,4,6,4,14.0,0.00018405914306640625,740.0
20260213_151714,AGG_ORACLE_FCFS,361,1,3610001,100.0,100.0,11,40,5,8,4,16.0,0.0007750988006591797,720.0
20260213_151714,AGG_ORACLE_FCFS,361,1,3610001,100.0,100.0,12,44,5,7,4,22.0,0.00038504600524902344,1080.0
20260213_151714,AGG_ORACLE_FCFS,361,1,3610001,100.0,100.0,13,48,5,9,4,44.0,0.00144195556640625,813.3333333333333
20260213_151714,AGG_ORACLE_FCFS,361,1,3610001,100.0,100.0,14,52,6,12,4,56.0,0.011863946914672852,1440.0
20260213_151714,AGG_ORACLE_FCFS,361,1,3610001,100.0,100.0,15,56,6,10,4,44.0,0.00691986083984375,1340.0
20260213_151714,AGG_ORACLE_FCFS,361,1,3610001,100.0,100.0,16,60,6,9,4,40.0,0.0015859603881835938,1480.0
20260213_151714,AGG_ORACLE_FCFS,3803,1,38030001,100.0,100.0,1,0,0,1,1,0.0,1.3113021850585938e-5,0.0
20260213_151714,AGG_ORACLE_FCFS,3803,1,38030001,100.0,100.0,2,4,0,1,1,0.0,3.0994415283203125e-6,0.0
20260213_151714,AGG_ORACLE_FCFS,3803,1,38030001,100.0,100.0,3,8,0,2,2,0.0,1.4066696166992188e-5,0.0
20260213_151714,AGG_ORACLE_FCFS,3803,1,38030001,100.0,100.0,4,12,0,3,3,0.0,2.5987625122070312e-5,0.0
20260213_151714,AGG_ORACLE_FCFS,3803,1,38030001,100.0,100.0,5,16,0,1,1,0.0,5.0067901611328125e-6,0.0
20260213_151714,AGG_ORACLE_FCFS,3803,1,38030001,100.0,100.0,6,20,0,7,4,12.0,0.00034999847412109375,1000.0
20260213_151714,AGG_ORACLE_FCFS,3803,1,38030001,100.0,100.0,7,24,1,10,4,24.0,0.003454923629760742,1000.0
20260213_151714,AGG_ORACLE_FCFS,3803,1,38030001,100.0,100.0,8,28,1,7,4,12.0,0.0003712177276611328,1000.0
20260213_151714,AGG_ORACLE_FCFS,3803,1,38030001,100.0,100.0,9,32,3,5,4,4.0,8.916854858398438e-5,333.3333333333333
20260213_151714,AGG_ORACLE_FCFS,3803,1,38030001,100.0,100.0,10,36,4,6,4,14.0,0.00018215179443359375,740.0
20260213_151714,AGG_ORACLE_FCFS,3803,1,38030001,100.0,100.0,11,40,5,8,4,16.0,0.0007758140563964844,720.0
20260213_151714,AGG_ORACLE_FCFS,3803,1,38030001,100.0,100.0,12,44,5,7,4,22.0,0.0003960132598876953,1080.0
20260213_151714,AGG_ORACLE_FCFS,3803,1,38030001,100.0,100.0,13,48,5,9,4,44.0,0.0014681816101074219,813.3333333333333
20260213_151714,AGG_ORACLE_FCFS,3803,1,38030001,100.0,100.0,14,52,6,12,4,56.0,0.011922836303710938,1440.0
20260213_151714,AGG_ORACLE_FCFS,3803,1,38030001,100.0,100.0,15,56,6,10,4,44.0,0.006902933120727539,1340.0
20260213_151714,AGG_ORACLE_FCFS,3803,1,38030001,100.0,100.0,16,60,6,9,4,40.0,0.0015838146209716797,1480.0
20260213_151714,AGG_ORACLE_FCFS,1030,1,10300001,100.0,100.0,1,0,0,1,1,0.0,1.4066696166992188e-5,0.0
20260213_151714,AGG_ORACLE_FCFS,1030,1,10300001,100.0,100.0,2,4,0,1,1,0.0,4.0531158447265625e-6,0.0
20260213_151714,AGG_ORACLE_FCFS,1030,1,10300001,100.0,100.0,3,8,0,2,2,0.0,1.621246337890625e-5,0.0
20260213_151714,AGG_ORACLE_FCFS,1030,1,10300001,100.0,100.0,4,12,0,3,3,0.0,2.5033950805664062e-5,0.0
20260213_151714,AGG_ORACLE_FCFS,1030,1,10300001,100.0,100.0,5,16,0,1,1,0.0,4.0531158447265625e-6,0.0
20260213_151714,AGG_ORACLE_FCFS,1030,1,10300001,100.0,100.0,6,20,0,7,4,12.0,0.00035500526428222656,1000.0
20260213_151714,AGG_ORACLE_FCFS,1030,1,10300001,100.0,100.0,7,24,1,10,4,24.0,0.0034689903259277344,1000.0
20260213_151714,AGG_ORACLE_FCFS,1030,1,10300001,100.0,100.0,8,28,1,7,4,12.0,0.0003840923309326172,1000.0
20260213_151714,AGG_ORACLE_FCFS,1030,1,10300001,100.0,100.0,9,32,3,5,4,4.0,9.393692016601562e-5,333.3333333333333
20260213_151714,AGG_ORACLE_FCFS,1030,1,10300001,100.0,100.0,10,36,4,6,4,14.0,0.00022101402282714844,740.0
20260213_151714,AGG_ORACLE_FCFS,1030,1,10300001,100.0,100.0,11,40,5,8,4,16.0,0.0007991790771484375,720.0
20260213_151714,AGG_ORACLE_FCFS,1030,1,10300001,100.0,100.0,12,44,5,7,4,12.0,0.00043392181396484375,720.0
20260213_151714,AGG_ORACLE_FCFS,1030,1,10300001,100.0,100.0,13,48,5,9,4,48.0,0.0015141963958740234,813.3333333333333
20260213_151714,AGG_ORACLE_FCFS,1030,1,10300001,100.0,100.0,14,52,6,12,4,56.0,0.011865854263305664,1440.0
20260213_151714,AGG_ORACLE_FCFS,1030,1,10300001,100.0,100.0,15,56,6,10,4,44.0,0.006976127624511719,1340.0
20260213_151714,AGG_ORACLE_FCFS,1030,1,10300001,100.0,100.0,16,60,6,9,4,40.0,0.0015399456024169922,1480.0
20260213_151714,AGG_ORACLE_FCFS,6073,1,60730001,100.0,100.0,1,0,0,1,1,0.0,1.4066696166992188e-5,0.0
20260213_151714,AGG_ORACLE_FCFS,6073,1,60730001,100.0,100.0,2,4,0,1,1,0.0,4.0531158447265625e-6,0.0
20260213_151714,AGG_ORACLE_FCFS,6073,1,60730001,100.0,100.0,3,8,0,2,2,0.0,1.5020370483398438e-5,0.0
20260213_151714,AGG_ORACLE_FCFS,6073,1,60730001,100.0,100.0,4,12,0,3,3,0.0,2.384185791015625e-5,0.0
20260213_151714,AGG_ORACLE_FCFS,6073,1,60730001,100.0,100.0,5,16,0,1,1,0.0,5.0067901611328125e-6,0.0
20260213_151714,AGG_ORACLE_FCFS,6073,1,60730001,100.0,100.0,6,20,0,7,4,12.0,0.0003559589385986328,1000.0
20260213_151714,AGG_ORACLE_FCFS,6073,1,60730001,100.0,100.0,7,24,1,10,4,24.0,0.0034050941467285156,1000.0
20260213_151714,AGG_ORACLE_FCFS,6073,1,60730001,100.0,100.0,8,28,1,7,4,12.0,0.00036907196044921875,1000.0
20260213_151714,AGG_ORACLE_FCFS,6073,1,60730001,100.0,100.0,9,32,3,5,4,4.0,8.893013000488281e-5,333.3333333333333
20260213_151714,AGG_ORACLE_FCFS,6073,1,60730001,100.0,100.0,10,36,4,6,4,14.0,0.0001838207244873047,740.0
20260213_151714,AGG_ORACLE_FCFS,6073,1,60730001,100.0,100.0,11,40,5,8,4,16.0,0.0007898807525634766,720.0
20260213_151714,AGG_ORACLE_FCFS,6073,1,60730001,100.0,100.0,12,44,5,7,4,22.0,0.0003790855407714844,1080.0
20260213_151714,AGG_ORACLE_FCFS,6073,1,60730001,100.0,100.0,13,48,5,9,4,44.0,0.0014390945434570312,813.3333333333333
20260213_151714,AGG_ORACLE_FCFS,6073,1,60730001,100.0,100.0,14,52,6,12,4,56.0,0.011686086654663086,1440.0
20260213_151714,AGG_ORACLE_FCFS,6073,1,60730001,100.0,100.0,15,56,6,10,4,44.0,0.006933927536010742,1340.0
20260213_151714,AGG_ORACLE_FCFS,6073,1,60730001,100.0,100.0,16,60,6,9,4,40.0,0.0015869140625,1480.0
20260213_151714,AGG_ORACLE_FCFS,532,1,5320001,100.0,100.0,1,0,0,1,1,0.0,1.5020370483398438e-5,0.0
20260213_151714,AGG_ORACLE_FCFS,532,1,5320001,100.0,100.0,2,4,0,1,1,0.0,5.0067901611328125e-6,0.0
20260213_151714,AGG_ORACLE_FCFS,532,1,5320001,100.0,100.0,3,8,0,2,2,0.0,1.5974044799804688e-5,0.0
20260213_151714,AGG_ORACLE_FCFS,532,1,5320001,100.0,100.0,4,12,0,3,3,0.0,2.8133392333984375e-5,0.0
20260213_151714,AGG_ORACLE_FCFS,532,1,5320001,100.0,100.0,5,16,0,1,1,0.0,5.0067901611328125e-6,0.0
20260213_151714,AGG_ORACLE_FCFS,532,1,5320001,100.0,100.0,6,20,0,7,4,12.0,0.00033593177795410156,1000.0
20260213_151714,AGG_ORACLE_FCFS,532,1,5320001,100.0,100.0,7,24,1,10,4,24.0,0.003381013870239258,1000.0
20260213_151714,AGG_ORACLE_FCFS,532,1,5320001,100.0,100.0,8,28,1,7,4,12.0,0.00036597251892089844,1000.0
20260213_151714,AGG_ORACLE_FCFS,532,1,5320001,100.0,100.0,9,32,3,5,4,4.0,0.0001049041748046875,333.3333333333333
20260213_151714,AGG_ORACLE_FCFS,532,1,5320001,100.0,100.0,10,36,4,6,4,14.0,0.00023603439331054688,740.0
20260213_151714,AGG_ORACLE_FCFS,532,1,5320001,100.0,100.0,11,40,5,8,4,16.0,0.0007867813110351562,720.0
20260213_151714,AGG_ORACLE_FCFS,532,1,5320001,100.0,100.0,12,44,5,7,4,12.0,0.00041294097900390625,720.0
20260213_151714,AGG_ORACLE_FCFS,532,1,5320001,100.0,100.0,13,48,5,9,4,48.0,0.0014650821685791016,813.3333333333333
20260213_151714,AGG_ORACLE_FCFS,532,1,5320001,100.0,100.0,14,52,6,12,4,56.0,0.011752843856811523,1440.0
20260213_151714,AGG_ORACLE_FCFS,532,1,5320001,100.0,100.0,15,56,6,10,4,44.0,0.006986141204833984,1340.0
20260213_151714,AGG_ORACLE_FCFS,532,1,5320001,100.0,100.0,16,60,6,9,4,40.0,0.0015499591827392578,1480.0
20260213_151714,AGG_ORACLE_FCFS,9099,1,90990001,100.0,100.0,1,0,0,1,1,0.0,1.3828277587890625e-5,0.0
20260213_151714,AGG_ORACLE_FCFS,9099,1,90990001,100.0,100.0,2,4,0,1,1,0.0,5.0067901611328125e-6,0.0
20260213_151714,AGG_ORACLE_FCFS,9099,1,90990001,100.0,100.0,3,8,0,2,2,0.0,1.4066696166992188e-5,0.0
20260213_151714,AGG_ORACLE_FCFS,9099,1,90990001,100.0,100.0,4,12,0,3,3,0.0,1.811981201171875e-5,0.0
20260213_151714,AGG_ORACLE_FCFS,9099,1,90990001,100.0,100.0,5,16,0,1,1,0.0,4.0531158447265625e-6,0.0
20260213_151714,AGG_ORACLE_FCFS,9099,1,90990001,100.0,100.0,6,20,0,7,4,12.0,0.00033593177795410156,1000.0
20260213_151714,AGG_ORACLE_FCFS,9099,1,90990001,100.0,100.0,7,24,1,10,4,24.0,0.0034089088439941406,1000.0
20260213_151714,AGG_ORACLE_FCFS,9099,1,90990001,100.0,100.0,8,28,1,7,4,12.0,0.000408172607421875,1000.0
20260213_151714,AGG_ORACLE_FCFS,9099,1,90990001,100.0,100.0,9,32,3,5,4,4.0,9.202957153320312e-5,333.3333333333333
20260213_151714,AGG_ORACLE_FCFS,9099,1,90990001,100.0,100.0,10,36,4,6,4,14.0,0.00018596649169921875,740.0
20260213_151714,AGG_ORACLE_FCFS,9099,1,90990001,100.0,100.0,11,40,5,8,4,16.0,0.0007929801940917969,720.0
20260213_151714,AGG_ORACLE_FCFS,9099,1,90990001,100.0,100.0,12,44,5,7,4,12.0,0.00038909912109375,720.0
20260213_151714,AGG_ORACLE_FCFS,9099,1,90990001,100.0,100.0,13,48,5,9,4,48.0,0.0015091896057128906,813.3333333333333
20260213_151714,AGG_ORACLE_FCFS,9099,1,90990001,100.0,100.0,14,52,6,12,4,56.0,0.01164698600769043,1440.0
20260213_151714,AGG_ORACLE_FCFS,9099,1,90990001,100.0,100.0,15,56,6,10,4,44.0,0.006949901580810547,1340.0
20260213_151714,AGG_ORACLE_FCFS,9099,1,90990001,100.0,100.0,16,60,6,9,4,40.0,0.0015599727630615234,1480.0
20260213_151714,AGG_ORACLE_FCFS,3999,1,39990001,100.0,100.0,1,0,0,1,1,0.0,1.2874603271484375e-5,0.0
20260213_151714,AGG_ORACLE_FCFS,3999,1,39990001,100.0,100.0,2,4,0,1,1,0.0,5.0067901611328125e-6,0.0
20260213_151714,AGG_ORACLE_FCFS,3999,1,39990001,100.0,100.0,3,8,0,2,2,0.0,1.5974044799804688e-5,0.0
20260213_151714,AGG_ORACLE_FCFS,3999,1,39990001,100.0,100.0,4,12,0,3,3,0.0,2.7894973754882812e-5,0.0
20260213_151714,AGG_ORACLE_FCFS,3999,1,39990001,100.0,100.0,5,16,0,1,1,0.0,1.0013580322265625e-5,0.0
20260213_151714,AGG_ORACLE_FCFS,3999,1,39990001,100.0,100.0,6,20,0,7,4,12.0,0.00035190582275390625,1000.0
20260213_151714,AGG_ORACLE_FCFS,3999,1,39990001,100.0,100.0,7,24,1,10,4,24.0,0.0034351348876953125,1000.0
20260213_151714,AGG_ORACLE_FCFS,3999,1,39990001,100.0,100.0,8,28,1,7,4,12.0,0.00036215782165527344,1000.0
20260213_151714,AGG_ORACLE_FCFS,3999,1,39990001,100.0,100.0,9,32,3,5,4,4.0,9.083747863769531e-5,333.3333333333333
20260213_151714,AGG_ORACLE_FCFS,3999,1,39990001,100.0,100.0,10,36,4,6,4,14.0,0.0001819133758544922,740.0
20260213_151714,AGG_ORACLE_FCFS,3999,1,39990001,100.0,100.0,11,40,5,8,4,16.0,0.0007679462432861328,720.0
20260213_151714,AGG_ORACLE_FCFS,3999,1,39990001,100.0,100.0,12,44,5,7,4,12.0,0.0003821849822998047,720.0
20260213_151714,AGG_ORACLE_FCFS,3999,1,39990001,100.0,100.0,13,48,5,9,4,48.0,0.0014729499816894531,813.3333333333333
20260213_151714,AGG_ORACLE_FCFS,3999,1,39990001,100.0,100.0,14,52,6,12,4,56.0,0.011785030364990234,1440.0
20260213_151714,AGG_ORACLE_FCFS,3999,1,39990001,100.0,100.0,15,56,6,10,4,44.0,0.007000923156738281,1340.0
20260213_151714,AGG_ORACLE_FCFS,3999,1,39990001,100.0,100.0,16,60,6,9,4,40.0,0.0015380382537841797,1480.0
20260213_151714,AGG_ORACLE_FCFS,9370,1,93700001,100.0,100.0,1,0,0,1,1,0.0,1.2874603271484375e-5,0.0
20260213_151714,AGG_ORACLE_FCFS,9370,1,93700001,100.0,100.0,2,4,0,1,1,0.0,4.0531158447265625e-6,0.0
20260213_151714,AGG_ORACLE_FCFS,9370,1,93700001,100.0,100.0,3,8,0,2,2,0.0,1.5020370483398438e-5,0.0
20260213_151714,AGG_ORACLE_FCFS,9370,1,93700001,100.0,100.0,4,12,0,3,3,0.0,2.7179718017578125e-5,0.0
20260213_151714,AGG_ORACLE_FCFS,9370,1,93700001,100.0,100.0,5,16,0,1,1,0.0,5.0067901611328125e-6,0.0
20260213_151714,AGG_ORACLE_FCFS,9370,1,93700001,100.0,100.0,6,20,0,7,4,12.0,0.0003418922424316406,1000.0
20260213_151714,AGG_ORACLE_FCFS,9370,1,93700001,100.0,100.0,7,24,1,10,4,24.0,0.003386974334716797,1000.0
20260213_151714,AGG_ORACLE_FCFS,9370,1,93700001,100.0,100.0,8,28,1,7,4,12.0,0.00036597251892089844,1000.0
20260213_151714,AGG_ORACLE_FCFS,9370,1,93700001,100.0,100.0,9,32,3,5,4,4.0,9.012222290039062e-5,333.3333333333333
20260213_151714,AGG_ORACLE_FCFS,9370,1,93700001,100.0,100.0,10,36,4,6,4,14.0,0.00019407272338867188,740.0
20260213_151714,AGG_ORACLE_FCFS,9370,1,93700001,100.0,100.0,11,40,5,8,4,16.0,0.0007801055908203125,720.0
20260213_151714,AGG_ORACLE_FCFS,9370,1,93700001,100.0,100.0,12,44,5,7,4,22.0,0.00038695335388183594,1080.0
20260213_151714,AGG_ORACLE_FCFS,9370,1,93700001,100.0,100.0,13,48,5,9,4,44.0,0.0014491081237792969,813.3333333333333
20260213_151714,AGG_ORACLE_FCFS,9370,1,93700001,100.0,100.0,14,52,6,12,4,56.0,0.011810064315795898,1440.0
20260213_151714,AGG_ORACLE_FCFS,9370,1,93700001,100.0,100.0,15,56,6,10,4,44.0,0.00692296028137207,1340.0
20260213_151714,AGG_ORACLE_FCFS,9370,1,93700001,100.0,100.0,16,60,6,9,4,40.0,0.0016360282897949219,1480.0
20260213_151714,AGG_ORACLE_FCFS,5010,1,50100001,100.0,100.0,1,0,0,1,1,0.0,1.9073486328125e-5,0.0
20260213_151714,AGG_ORACLE_FCFS,5010,1,50100001,100.0,100.0,2,4,0,1,1,0.0,5.0067901611328125e-6,0.0
20260213_151714,AGG_ORACLE_FCFS,5010,1,50100001,100.0,100.0,3,8,0,2,2,0.0,1.5020370483398438e-5,0.0
20260213_151714,AGG_ORACLE_FCFS,5010,1,50100001,100.0,100.0,4,12,0,3,3,0.0,1.7881393432617188e-5,0.0
20260213_151714,AGG_ORACLE_FCFS,5010,1,50100001,100.0,100.0,5,16,0,1,1,0.0,5.0067901611328125e-6,0.0
20260213_151714,AGG_ORACLE_FCFS,5010,1,50100001,100.0,100.0,6,20,0,7,4,12.0,0.000370025634765625,1000.0
20260213_151714,AGG_ORACLE_FCFS,5010,1,50100001,100.0,100.0,7,24,1,10,4,24.0,0.0035719871520996094,1000.0
20260213_151714,AGG_ORACLE_FCFS,5010,1,50100001,100.0,100.0,8,28,1,7,4,12.0,0.0003781318664550781,1000.0
20260213_151714,AGG_ORACLE_FCFS,5010,1,50100001,100.0,100.0,9,32,3,5,4,4.0,9.393692016601562e-5,333.3333333333333
20260213_151714,AGG_ORACLE_FCFS,5010,1,50100001,100.0,100.0,10,36,4,6,4,14.0,0.00018906593322753906,740.0
20260213_151714,AGG_ORACLE_FCFS,5010,1,50100001,100.0,100.0,11,40,5,8,4,16.0,0.0007920265197753906,720.0
20260213_151714,AGG_ORACLE_FCFS,5010,1,50100001,100.0,100.0,12,44,5,7,4,12.0,0.00038504600524902344,720.0
20260213_151714,AGG_ORACLE_FCFS,5010,1,50100001,100.0,100.0,13,48,5,9,4,48.0,0.0015110969543457031,813.3333333333333
20260213_151714,AGG_ORACLE_FCFS,5010,1,50100001,100.0,100.0,14,52,6,12,4,56.0,0.012137889862060547,1440.0
20260213_151714,AGG_ORACLE_FCFS,5010,1,50100001,100.0,100.0,15,56,6,10,4,44.0,0.007161140441894531,1340.0
20260213_151714,AGG_ORACLE_FCFS,5010,1,50100001,100.0,100.0,16,60,6,9,4,40.0,0.0016100406646728516,1480.0
20260213_151714,AGG_ORACLE_FCFS,7048,1,70480001,100.0,100.0,1,0,0,1,1,0.0,1.5020370483398438e-5,0.0
20260213_151714,AGG_ORACLE_FCFS,7048,1,70480001,100.0,100.0,2,4,0,1,1,0.0,3.814697265625e-6,0.0
20260213_151714,AGG_ORACLE_FCFS,7048,1,70480001,100.0,100.0,3,8,0,2,2,0.0,1.5020370483398438e-5,0.0
20260213_151714,AGG_ORACLE_FCFS,7048,1,70480001,100.0,100.0,4,12,0,3,3,0.0,1.9073486328125e-5,0.0
20260213_151714,AGG_ORACLE_FCFS,7048,1,70480001,100.0,100.0,5,16,0,1,1,0.0,1.2159347534179688e-5,0.0
20260213_151714,AGG_ORACLE_FCFS,7048,1,70480001,100.0,100.0,6,20,0,7,4,12.0,0.00036907196044921875,1000.0
20260213_151714,AGG_ORACLE_FCFS,7048,1,70480001,100.0,100.0,7,24,1,10,4,24.0,0.0035190582275390625,1000.0
20260213_151714,AGG_ORACLE_FCFS,7048,1,70480001,100.0,100.0,8,28,1,7,4,12.0,0.00036406517028808594,1000.0
20260213_151714,AGG_ORACLE_FCFS,7048,1,70480001,100.0,100.0,9,32,3,5,4,4.0,9.107589721679688e-5,333.3333333333333
20260213_151714,AGG_ORACLE_FCFS,7048,1,70480001,100.0,100.0,10,36,4,6,4,14.0,0.00018405914306640625,740.0
20260213_151714,AGG_ORACLE_FCFS,7048,1,70480001,100.0,100.0,11,40,5,8,4,16.0,0.0007839202880859375,720.0
20260213_151714,AGG_ORACLE_FCFS,7048,1,70480001,100.0,100.0,12,44,5,7,4,22.0,0.00041413307189941406,1080.0
20260213_151714,AGG_ORACLE_FCFS,7048,1,70480001,100.0,100.0,13,48,5,9,4,44.0,0.0014650821685791016,813.3333333333333
20260213_151714,AGG_ORACLE_FCFS,7048,1,70480001,100.0,100.0,14,52,6,12,4,56.0,0.011750936508178711,1440.0
20260213_151714,AGG_ORACLE_FCFS,7048,1,70480001,100.0,100.0,15,56,6,10,4,44.0,0.0068929195404052734,1340.0
20260213_151714,AGG_ORACLE_FCFS,7048,1,70480001,100.0,100.0,16,60,6,9,4,40.0,0.0015401840209960938,1480.0
20260213_151714,AGG_ORACLE_FCFS,4111,1,41110001,100.0,100.0,1,0,0,1,1,0.0,1.1920928955078125e-5,0.0
20260213_151714,AGG_ORACLE_FCFS,4111,1,41110001,100.0,100.0,2,4,0,1,1,0.0,3.814697265625e-6,0.0
20260213_151714,AGG_ORACLE_FCFS,4111,1,41110001,100.0,100.0,3,8,0,2,2,0.0,1.4066696166992188e-5,0.0
20260213_151714,AGG_ORACLE_FCFS,4111,1,41110001,100.0,100.0,4,12,0,3,3,0.0,1.7881393432617188e-5,0.0
20260213_151714,AGG_ORACLE_FCFS,4111,1,41110001,100.0,100.0,5,16,0,1,1,0.0,6.9141387939453125e-6,0.0
20260213_151714,AGG_ORACLE_FCFS,4111,1,41110001,100.0,100.0,6,20,0,7,4,12.0,0.0003571510314941406,1000.0
20260213_151714,AGG_ORACLE_FCFS,4111,1,41110001,100.0,100.0,7,24,1,10,4,24.0,0.0033740997314453125,1000.0
20260213_151714,AGG_ORACLE_FCFS,4111,1,41110001,100.0,100.0,8,28,1,7,4,12.0,0.0003650188446044922,1000.0
20260213_151714,AGG_ORACLE_FCFS,4111,1,41110001,100.0,100.0,9,32,3,5,4,4.0,9.298324584960938e-5,333.3333333333333
20260213_151714,AGG_ORACLE_FCFS,4111,1,41110001,100.0,100.0,10,36,4,6,4,14.0,0.000186920166015625,740.0
20260213_151714,AGG_ORACLE_FCFS,4111,1,41110001,100.0,100.0,11,40,5,8,4,16.0,0.0007739067077636719,720.0
20260213_151714,AGG_ORACLE_FCFS,4111,1,41110001,100.0,100.0,12,44,5,7,4,12.0,0.0003809928894042969,720.0
20260213_151714,AGG_ORACLE_FCFS,4111,1,41110001,100.0,100.0,13,48,5,9,4,48.0,0.0014529228210449219,813.3333333333333
20260213_151714,AGG_ORACLE_FCFS,4111,1,41110001,100.0,100.0,14,52,6,12,4,56.0,0.011837005615234375,1440.0
20260213_151714,AGG_ORACLE_FCFS,4111,1,41110001,100.0,100.0,15,56,6,10,4,44.0,0.007061004638671875,1340.0
20260213_151714,AGG_ORACLE_FCFS,4111,1,41110001,100.0,100.0,16,60,6,9,4,40.0,0.0015749931335449219,1480.0
20260213_151714,AGG_ORACLE_FCFS,2921,1,29210001,100.0,100.0,1,0,0,1,1,0.0,1.3113021850585938e-5,0.0
20260213_151714,AGG_ORACLE_FCFS,2921,1,29210001,100.0,100.0,2,4,0,1,1,0.0,4.0531158447265625e-6,0.0
20260213_151714,AGG_ORACLE_FCFS,2921,1,29210001,100.0,100.0,3,8,0,2,2,0.0,1.5020370483398438e-5,0.0
20260213_151714,AGG_ORACLE_FCFS,2921,1,29210001,100.0,100.0,4,12,0,3,3,0.0,1.8835067749023438e-5,0.0
20260213_151714,AGG_ORACLE_FCFS,2921,1,29210001,100.0,100.0,5,16,0,1,1,0.0,5.9604644775390625e-6,0.0
20260213_151714,AGG_ORACLE_FCFS,2921,1,29210001,100.0,100.0,6,20,0,7,4,12.0,0.0003409385681152344,1000.0
20260213_151714,AGG_ORACLE_FCFS,2921,1,29210001,100.0,100.0,7,24,1,10,4,24.0,0.003434896469116211,1000.0
20260213_151714,AGG_ORACLE_FCFS,2921,1,29210001,100.0,100.0,8,28,1,7,4,12.0,0.000370025634765625,1000.0
20260213_151714,AGG_ORACLE_FCFS,2921,1,29210001,100.0,100.0,9,32,3,5,4,4.0,9.012222290039062e-5,333.3333333333333
20260213_151714,AGG_ORACLE_FCFS,2921,1,29210001,100.0,100.0,10,36,4,6,4,14.0,0.0001900196075439453,740.0
20260213_151714,AGG_ORACLE_FCFS,2921,1,29210001,100.0,100.0,11,40,5,8,4,16.0,0.0007839202880859375,720.0
20260213_151714,AGG_ORACLE_FCFS,2921,1,29210001,100.0,100.0,12,44,5,7,4,12.0,0.0004000663757324219,720.0
20260213_151714,AGG_ORACLE_FCFS,2921,1,29210001,100.0,100.0,13,48,5,9,4,48.0,0.0014650821685791016,813.3333333333333
20260213_151714,AGG_ORACLE_FCFS,2921,1,29210001,100.0,100.0,14,52,6,12,4,56.0,0.011679887771606445,1440.0
20260213_151714,AGG_ORACLE_FCFS,2921,1,29210001,100.0,100.0,15,56,6,10,4,44.0,0.006880998611450195,1340.0
20260213_151714,AGG_ORACLE_FCFS,2921,1,29210001,100.0,100.0,16,60,6,9,4,40.0,0.001611948013305664,1480.0
20260213_151714,AGG_ORACLE_FCFS,8503,1,85030001,100.0,100.0,1,0,0,1,1,0.0,1.4066696166992188e-5,0.0
20260213_151714,AGG_ORACLE_FCFS,8503,1,85030001,100.0,100.0,2,4,0,1,1,0.0,4.0531158447265625e-6,0.0
20260213_151714,AGG_ORACLE_FCFS,8503,1,85030001,100.0,100.0,3,8,0,2,2,0.0,1.5974044799804688e-5,0.0
20260213_151714,AGG_ORACLE_FCFS,8503,1,85030001,100.0,100.0,4,12,0,3,3,0.0,2.9087066650390625e-5,0.0
20260213_151714,AGG_ORACLE_FCFS,8503,1,85030001,100.0,100.0,5,16,0,1,1,0.0,5.9604644775390625e-6,0.0
20260213_151714,AGG_ORACLE_FCFS,8503,1,85030001,100.0,100.0,6,20,0,7,4,12.0,0.0003390312194824219,1000.0
20260213_151714,AGG_ORACLE_FCFS,8503,1,85030001,100.0,100.0,7,24,1,10,4,24.0,0.003359079360961914,1000.0
20260213_151714,AGG_ORACLE_FCFS,8503,1,85030001,100.0,100.0,8,28,1,7,4,12.0,0.0003809928894042969,1000.0
20260213_151714,AGG_ORACLE_FCFS,8503,1,85030001,100.0,100.0,9,32,3,5,4,4.0,0.00010800361633300781,333.3333333333333
20260213_151714,AGG_ORACLE_FCFS,8503,1,85030001,100.0,100.0,10,36,4,6,4,14.0,0.0001900196075439453,740.0
20260213_151714,AGG_ORACLE_FCFS,8503,1,85030001,100.0,100.0,11,40,5,8,4,16.0,0.0007600784301757812,720.0
20260213_151714,AGG_ORACLE_FCFS,8503,1,85030001,100.0,100.0,12,44,5,7,4,22.0,0.0004100799560546875,1080.0
20260213_151714,AGG_ORACLE_FCFS,8503,1,85030001,100.0,100.0,13,48,5,9,4,44.0,0.0014238357543945312,813.3333333333333
20260213_151714,AGG_ORACLE_FCFS,8503,1,85030001,100.0,100.0,14,52,6,12,4,56.0,0.011893987655639648,1440.0
20260213_151714,AGG_ORACLE_FCFS,8503,1,85030001,100.0,100.0,15,56,6,10,4,44.0,0.00699615478515625,1340.0
20260213_151714,AGG_ORACLE_FCFS,8503,1,85030001,100.0,100.0,16,60,6,9,4,40.0,0.0015380382537841797,1480.0
20260213_151714,AGG_ORACLE_FCFS,4576,1,45760001,100.0,100.0,1,0,0,1,1,0.0,1.3828277587890625e-5,0.0
20260213_151714,AGG_ORACLE_FCFS,4576,1,45760001,100.0,100.0,2,4,0,1,1,0.0,4.0531158447265625e-6,0.0
20260213_151714,AGG_ORACLE_FCFS,4576,1,45760001,100.0,100.0,3,8,0,2,2,0.0,1.5020370483398438e-5,0.0
20260213_151714,AGG_ORACLE_FCFS,4576,1,45760001,100.0,100.0,4,12,0,3,3,0.0,2.4080276489257812e-5,0.0
20260213_151714,AGG_ORACLE_FCFS,4576,1,45760001,100.0,100.0,5,16,0,1,1,0.0,4.0531158447265625e-6,0.0
20260213_151714,AGG_ORACLE_FCFS,4576,1,45760001,100.0,100.0,6,20,0,7,4,12.0,0.0003399848937988281,1000.0
20260213_151714,AGG_ORACLE_FCFS,4576,1,45760001,100.0,100.0,7,24,1,10,4,24.0,0.00341796875,1000.0
20260213_151714,AGG_ORACLE_FCFS,4576,1,45760001,100.0,100.0,8,28,1,7,4,12.0,0.0003719329833984375,1000.0
20260213_151714,AGG_ORACLE_FCFS,4576,1,45760001,100.0,100.0,9,32,3,5,4,4.0,9.202957153320312e-5,333.3333333333333
20260213_151714,AGG_ORACLE_FCFS,4576,1,45760001,100.0,100.0,10,36,4,6,4,14.0,0.0001881122589111328,740.0
20260213_151714,AGG_ORACLE_FCFS,4576,1,45760001,100.0,100.0,11,40,5,8,4,16.0,0.0007719993591308594,720.0
20260213_151714,AGG_ORACLE_FCFS,4576,1,45760001,100.0,100.0,12,44,5,7,4,12.0,0.0003790855407714844,720.0
20260213_151714,AGG_ORACLE_FCFS,4576,1,45760001,100.0,100.0,13,48,5,9,4,48.0,0.0014388561248779297,813.3333333333333
20260213_151714,AGG_ORACLE_FCFS,4576,1,45760001,100.0,100.0,14,52,6,12,4,56.0,0.011695146560668945,1440.0
20260213_151714,AGG_ORACLE_FCFS,4576,1,45760001,100.0,100.0,15,56,6,10,4,44.0,0.0069010257720947266,1340.0
20260213_151714,AGG_ORACLE_FCFS,4576,1,45760001,100.0,100.0,16,60,6,9,4,40.0,0.001524209976196289,1480.0
20260213_151714,AGG_ORACLE_FCFS,4863,1,48630001,100.0,100.0,1,0,0,1,1,0.0,1.4066696166992188e-5,0.0
20260213_151714,AGG_ORACLE_FCFS,4863,1,48630001,100.0,100.0,2,4,0,1,1,0.0,5.0067901611328125e-6,0.0
20260213_151714,AGG_ORACLE_FCFS,4863,1,48630001,100.0,100.0,3,8,0,2,2,0.0,1.4781951904296875e-5,0.0
20260213_151714,AGG_ORACLE_FCFS,4863,1,48630001,100.0,100.0,4,12,0,3,3,0.0,2.5033950805664062e-5,0.0
20260213_151714,AGG_ORACLE_FCFS,4863,1,48630001,100.0,100.0,5,16,0,1,1,0.0,9.059906005859375e-6,0.0
20260213_151714,AGG_ORACLE_FCFS,4863,1,48630001,100.0,100.0,6,20,0,7,4,12.0,0.00034689903259277344,1000.0
20260213_151714,AGG_ORACLE_FCFS,4863,1,48630001,100.0,100.0,7,24,1,10,4,24.0,0.003373861312866211,1000.0
20260213_151714,AGG_ORACLE_FCFS,4863,1,48630001,100.0,100.0,8,28,1,7,4,12.0,0.0003960132598876953,1000.0
20260213_151714,AGG_ORACLE_FCFS,4863,1,48630001,100.0,100.0,9,32,3,5,4,4.0,9.202957153320312e-5,333.3333333333333
20260213_151714,AGG_ORACLE_FCFS,4863,1,48630001,100.0,100.0,10,36,4,6,4,14.0,0.00018596649169921875,740.0
20260213_151714,AGG_ORACLE_FCFS,4863,1,48630001,100.0,100.0,11,40,5,8,4,16.0,0.0007760524749755859,720.0
20260213_151714,AGG_ORACLE_FCFS,4863,1,48630001,100.0,100.0,12,44,5,7,4,22.0,0.0003809928894042969,1080.0
20260213_151714,AGG_ORACLE_FCFS,4863,1,48630001,100.0,100.0,13,48,5,9,4,44.0,0.0014259815216064453,813.3333333333333
20260213_151714,AGG_ORACLE_FCFS,4863,1,48630001,100.0,100.0,14,52,6,12,4,56.0,0.011962890625,1440.0
20260213_151714,AGG_ORACLE_FCFS,4863,1,48630001,100.0,100.0,15,56,6,10,4,44.0,0.007163047790527344,1340.0
20260213_151714,AGG_ORACLE_FCFS,4863,1,48630001,100.0,100.0,16,60,6,9,4,40.0,0.001580953598022461,1480.0
20260213_151714,AGG_ORACLE_FCFS,1157,1,11570001,100.0,100.0,1,0,0,1,1,0.0,1.5974044799804688e-5,0.0
20260213_151714,AGG_ORACLE_FCFS,1157,1,11570001,100.0,100.0,2,4,0,1,1,0.0,5.0067901611328125e-6,0.0
20260213_151714,AGG_ORACLE_FCFS,1157,1,11570001,100.0,100.0,3,8,0,2,2,0.0,1.4066696166992188e-5,0.0
20260213_151714,AGG_ORACLE_FCFS,1157,1,11570001,100.0,100.0,4,12,0,3,3,0.0,1.8835067749023438e-5,0.0
20260213_151714,AGG_ORACLE_FCFS,1157,1,11570001,100.0,100.0,5,16,0,1,1,0.0,4.76837158203125e-6,0.0
20260213_151714,AGG_ORACLE_FCFS,1157,1,11570001,100.0,100.0,6,20,0,7,4,12.0,0.000347137451171875,1000.0
20260213_151714,AGG_ORACLE_FCFS,1157,1,11570001,100.0,100.0,7,24,1,10,4,24.0,0.0035119056701660156,1000.0
20260213_151714,AGG_ORACLE_FCFS,1157,1,11570001,100.0,100.0,8,28,1,7,4,12.0,0.00039505958557128906,1000.0
20260213_151714,AGG_ORACLE_FCFS,1157,1,11570001,100.0,100.0,9,32,3,5,4,4.0,9.107589721679688e-5,333.3333333333333
20260213_151714,AGG_ORACLE_FCFS,1157,1,11570001,100.0,100.0,10,36,4,6,4,14.0,0.0002040863037109375,740.0
20260213_151714,AGG_ORACLE_FCFS,1157,1,11570001,100.0,100.0,11,40,5,8,4,16.0,0.000782012939453125,720.0
20260213_151714,AGG_ORACLE_FCFS,1157,1,11570001,100.0,100.0,12,44,5,7,4,12.0,0.0003788471221923828,720.0
20260213_151714,AGG_ORACLE_FCFS,1157,1,11570001,100.0,100.0,13,48,5,9,4,48.0,0.0014657974243164062,813.3333333333333
20260213_151714,AGG_ORACLE_FCFS,1157,1,11570001,100.0,100.0,14,52,6,12,4,56.0,0.01180410385131836,1440.0
20260213_151714,AGG_ORACLE_FCFS,1157,1,11570001,100.0,100.0,15,56,6,10,4,44.0,0.006876945495605469,1340.0
20260213_151714,AGG_ORACLE_FCFS,1157,1,11570001,100.0,100.0,16,60,6,9,4,40.0,0.0015330314636230469,1480.0
20260213_151714,AGG_ORACLE_FCFS,7445,1,74450001,100.0,100.0,1,0,0,1,1,0.0,1.5020370483398438e-5,0.0
20260213_151714,AGG_ORACLE_FCFS,7445,1,74450001,100.0,100.0,2,4,0,1,1,0.0,3.814697265625e-6,0.0
20260213_151714,AGG_ORACLE_FCFS,7445,1,74450001,100.0,100.0,3,8,0,2,2,0.0,1.4066696166992188e-5,0.0
20260213_151714,AGG_ORACLE_FCFS,7445,1,74450001,100.0,100.0,4,12,0,3,3,0.0,2.9087066650390625e-5,0.0
20260213_151714,AGG_ORACLE_FCFS,7445,1,74450001,100.0,100.0,5,16,0,1,1,0.0,5.0067901611328125e-6,0.0
20260213_151714,AGG_ORACLE_FCFS,7445,1,74450001,100.0,100.0,6,20,0,7,4,12.0,0.00034499168395996094,1000.0
20260213_151714,AGG_ORACLE_FCFS,7445,1,74450001,100.0,100.0,7,24,1,10,4,24.0,0.003387928009033203,1000.0
20260213_151714,AGG_ORACLE_FCFS,7445,1,74450001,100.0,100.0,8,28,1,7,4,12.0,0.0003669261932373047,1000.0
20260213_151714,AGG_ORACLE_FCFS,7445,1,74450001,100.0,100.0,9,32,3,5,4,4.0,0.00011587142944335938,333.3333333333333
20260213_151714,AGG_ORACLE_FCFS,7445,1,74450001,100.0,100.0,10,36,4,6,4,14.0,0.00019097328186035156,740.0
20260213_151714,AGG_ORACLE_FCFS,7445,1,74450001,100.0,100.0,11,40,5,8,4,16.0,0.0007619857788085938,720.0
20260213_151714,AGG_ORACLE_FCFS,7445,1,74450001,100.0,100.0,12,44,5,7,4,12.0,0.00038504600524902344,720.0
20260213_151714,AGG_ORACLE_FCFS,7445,1,74450001,100.0,100.0,13,48,5,9,4,48.0,0.00150299072265625,813.3333333333333
20260213_151714,AGG_ORACLE_FCFS,7445,1,74450001,100.0,100.0,14,52,6,12,4,56.0,0.011800050735473633,1440.0
20260213_151714,AGG_ORACLE_FCFS,7445,1,74450001,100.0,100.0,15,56,6,10,4,44.0,0.007055044174194336,1340.0
20260213_151714,AGG_ORACLE_FCFS,7445,1,74450001,100.0,100.0,16,60,6,9,4,40.0,0.0015521049499511719,1480.0
20260213_151714,AGG_ORACLE_FCFS,7919,1,79190001,100.0,100.0,1,0,0,1,1,0.0,1.6927719116210938e-5,0.0
20260213_151714,AGG_ORACLE_FCFS,7919,1,79190001,100.0,100.0,2,4,0,1,1,0.0,3.814697265625e-6,0.0
20260213_151714,AGG_ORACLE_FCFS,7919,1,79190001,100.0,100.0,3,8,0,2,2,0.0,1.2874603271484375e-5,0.0
20260213_151714,AGG_ORACLE_FCFS,7919,1,79190001,100.0,100.0,4,12,0,3,3,0.0,1.7881393432617188e-5,0.0
20260213_151714,AGG_ORACLE_FCFS,7919,1,79190001,100.0,100.0,5,16,0,1,1,0.0,5.0067901611328125e-6,0.0
20260213_151714,AGG_ORACLE_FCFS,7919,1,79190001,100.0,100.0,6,20,0,7,4,12.0,0.00034308433532714844,1000.0
20260213_151714,AGG_ORACLE_FCFS,7919,1,79190001,100.0,100.0,7,24,1,10,4,24.0,0.0033578872680664062,1000.0
20260213_151714,AGG_ORACLE_FCFS,7919,1,79190001,100.0,100.0,8,28,1,7,4,12.0,0.0003771781921386719,1000.0
20260213_151714,AGG_ORACLE_FCFS,7919,1,79190001,100.0,100.0,9,32,3,5,4,4.0,9.083747863769531e-5,333.3333333333333
20260213_151714,AGG_ORACLE_FCFS,7919,1,79190001,100.0,100.0,10,36,4,6,4,14.0,0.0001819133758544922,740.0
20260213_151714,AGG_ORACLE_FCFS,7919,1,79190001,100.0,100.0,11,40,5,8,4,16.0,0.0007700920104980469,720.0
20260213_151714,AGG_ORACLE_FCFS,7919,1,79190001,100.0,100.0,12,44,5,7,4,22.0,0.0003809928894042969,1080.0
20260213_151714,AGG_ORACLE_FCFS,7919,1,79190001,100.0,100.0,13,48,5,9,4,44.0,0.0014579296112060547,813.3333333333333
20260213_151714,AGG_ORACLE_FCFS,7919,1,79190001,100.0,100.0,14,52,6,12,4,56.0,0.01159811019897461,1440.0
20260213_151714,AGG_ORACLE_FCFS,7919,1,79190001,100.0,100.0,15,56,6,10,4,44.0,0.006846904754638672,1340.0
20260213_151714,AGG_ORACLE_FCFS,7919,1,79190001,100.0,100.0,16,60,6,9,4,40.0,0.0015501976013183594,1480.0
20260213_151714,AGG_ORACLE_FCFS,9026,1,90260001,100.0,100.0,1,0,0,1,1,0.0,1.7881393432617188e-5,0.0
20260213_151714,AGG_ORACLE_FCFS,9026,1,90260001,100.0,100.0,2,4,0,1,1,0.0,3.814697265625e-6,0.0
20260213_151714,AGG_ORACLE_FCFS,9026,1,90260001,100.0,100.0,3,8,0,2,2,0.0,1.5020370483398438e-5,0.0
20260213_151714,AGG_ORACLE_FCFS,9026,1,90260001,100.0,100.0,4,12,0,3,3,0.0,1.9073486328125e-5,0.0
20260213_151714,AGG_ORACLE_FCFS,9026,1,90260001,100.0,100.0,5,16,0,1,1,0.0,1.1920928955078125e-5,0.0
20260213_151714,AGG_ORACLE_FCFS,9026,1,90260001,100.0,100.0,6,20,0,7,4,12.0,0.0003571510314941406,1000.0
20260213_151714,AGG_ORACLE_FCFS,9026,1,90260001,100.0,100.0,7,24,1,10,4,24.0,0.0033941268920898438,1000.0
20260213_151714,AGG_ORACLE_FCFS,9026,1,90260001,100.0,100.0,8,28,1,7,4,12.0,0.00039005279541015625,1000.0
20260213_151714,AGG_ORACLE_FCFS,9026,1,90260001,100.0,100.0,9,32,3,5,4,4.0,0.00011491775512695312,333.3333333333333
20260213_151714,AGG_ORACLE_FCFS,9026,1,90260001,100.0,100.0,10,36,4,6,4,14.0,0.0001819133758544922,740.0
20260213_151714,AGG_ORACLE_FCFS,9026,1,90260001,100.0,100.0,11,40,5,8,4,16.0,0.0007870197296142578,720.0
20260213_151714,AGG_ORACLE_FCFS,9026,1,90260001,100.0,100.0,12,44,5,7,4,12.0,0.0003809928894042969,720.0
20260213_151714,AGG_ORACLE_FCFS,9026,1,90260001,100.0,100.0,13,48,5,9,4,48.0,0.0014870166778564453,813.3333333333333
20260213_151714,AGG_ORACLE_FCFS,9026,1,90260001,100.0,100.0,14,52,6,12,4,56.0,0.011895179748535156,1440.0
20260213_151714,AGG_ORACLE_FCFS,9026,1,90260001,100.0,100.0,15,56,6,10,4,44.0,0.0069828033447265625,1340.0
20260213_151714,AGG_ORACLE_FCFS,9026,1,90260001,100.0,100.0,16,60,6,9,4,40.0,0.0016329288482666016,1480.0
20260213_151714,AGG_ORACLE_FCFS,8825,1,88250001,100.0,100.0,1,0,0,1,1,0.0,1.3828277587890625e-5,0.0
20260213_151714,AGG_ORACLE_FCFS,8825,1,88250001,100.0,100.0,2,4,0,1,1,0.0,4.0531158447265625e-6,0.0
20260213_151714,AGG_ORACLE_FCFS,8825,1,88250001,100.0,100.0,3,8,0,2,2,0.0,1.4066696166992188e-5,0.0
20260213_151714,AGG_ORACLE_FCFS,8825,1,88250001,100.0,100.0,4,12,0,3,3,0.0,1.9073486328125e-5,0.0
20260213_151714,AGG_ORACLE_FCFS,8825,1,88250001,100.0,100.0,5,16,0,1,1,0.0,5.0067901611328125e-6,0.0
20260213_151714,AGG_ORACLE_FCFS,8825,1,88250001,100.0,100.0,6,20,0,7,4,12.0,0.0003459453582763672,1000.0
20260213_151714,AGG_ORACLE_FCFS,8825,1,88250001,100.0,100.0,7,24,1,10,4,24.0,0.003407001495361328,1000.0
20260213_151714,AGG_ORACLE_FCFS,8825,1,88250001,100.0,100.0,8,28,1,7,4,12.0,0.0003650188446044922,1000.0
20260213_151714,AGG_ORACLE_FCFS,8825,1,88250001,100.0,100.0,9,32,3,5,4,4.0,9.679794311523438e-5,333.3333333333333
20260213_151714,AGG_ORACLE_FCFS,8825,1,88250001,100.0,100.0,10,36,4,6,4,14.0,0.00021195411682128906,740.0
20260213_151714,AGG_ORACLE_FCFS,8825,1,88250001,100.0,100.0,11,40,5,8,4,16.0,0.0008020401000976562,720.0
20260213_151714,AGG_ORACLE_FCFS,8825,1,88250001,100.0,100.0,12,44,5,7,4,12.0,0.00037789344787597656,720.0
20260213_151714,AGG_ORACLE_FCFS,8825,1,88250001,100.0,100.0,13,48,5,9,4,48.0,0.0014650821685791016,813.3333333333333
20260213_151714,AGG_ORACLE_FCFS,8825,1,88250001,100.0,100.0,14,52,6,12,4,56.0,0.011709928512573242,1440.0
20260213_151714,AGG_ORACLE_FCFS,8825,1,88250001,100.0,100.0,15,56,6,10,4,44.0,0.006918907165527344,1340.0
20260213_151714,AGG_ORACLE_FCFS,8825,1,88250001,100.0,100.0,16,60,6,9,4,40.0,0.0015590190887451172,1480.0
20260213_151714,AGG_ORACLE_FCFS,7801,1,78010001,100.0,100.0,1,0,0,1,1,0.0,1.4066696166992188e-5,0.0
20260213_151714,AGG_ORACLE_FCFS,7801,1,78010001,100.0,100.0,2,4,0,1,1,0.0,4.0531158447265625e-6,0.0
20260213_151714,AGG_ORACLE_FCFS,7801,1,78010001,100.0,100.0,3,8,0,2,2,0.0,1.5020370483398438e-5,0.0
20260213_151714,AGG_ORACLE_FCFS,7801,1,78010001,100.0,100.0,4,12,0,3,3,0.0,2.5987625122070312e-5,0.0
20260213_151714,AGG_ORACLE_FCFS,7801,1,78010001,100.0,100.0,5,16,0,1,1,0.0,5.0067901611328125e-6,0.0
20260213_151714,AGG_ORACLE_FCFS,7801,1,78010001,100.0,100.0,6,20,0,7,4,12.0,0.0003349781036376953,1000.0
20260213_151714,AGG_ORACLE_FCFS,7801,1,78010001,100.0,100.0,7,24,1,10,4,24.0,0.0034089088439941406,1000.0
20260213_151714,AGG_ORACLE_FCFS,7801,1,78010001,100.0,100.0,8,28,1,7,4,12.0,0.00041413307189941406,1000.0
20260213_151714,AGG_ORACLE_FCFS,7801,1,78010001,100.0,100.0,9,32,3,5,4,4.0,0.00012087821960449219,333.3333333333333
20260213_151714,AGG_ORACLE_FCFS,7801,1,78010001,100.0,100.0,10,36,4,6,4,14.0,0.0002028942108154297,740.0
20260213_151714,AGG_ORACLE_FCFS,7801,1,78010001,100.0,100.0,11,40,5,8,4,16.0,0.0007841587066650391,720.0
20260213_151714,AGG_ORACLE_FCFS,7801,1,78010001,100.0,100.0,12,44,5,7,4,22.0,0.0003809928894042969,1080.0
20260213_151714,AGG_ORACLE_FCFS,7801,1,78010001,100.0,100.0,13,48,5,9,4,44.0,0.0014259815216064453,813.3333333333333
20260213_151714,AGG_ORACLE_FCFS,7801,1,78010001,100.0,100.0,14,52,6,12,4,56.0,0.011774063110351562,1440.0
20260213_151714,AGG_ORACLE_FCFS,7801,1,78010001,100.0,100.0,15,56,6,10,4,44.0,0.006968975067138672,1340.0
20260213_151714,AGG_ORACLE_FCFS,7801,1,78010001,100.0,100.0,16,60,6,9,4,40.0,0.0015630722045898438,1480.0
20260213_151714,AGG_ORACLE_FCFS,3576,1,35760001,100.0,100.0,1,0,0,1,1,0.0,1.4066696166992188e-5,0.0
20260213_151714,AGG_ORACLE_FCFS,3576,1,35760001,100.0,100.0,2,4,0,1,1,0.0,4.0531158447265625e-6,0.0
20260213_151714,AGG_ORACLE_FCFS,3576,1,35760001,100.0,100.0,3,8,0,2,2,0.0,1.4066696166992188e-5,0.0
20260213_151714,AGG_ORACLE_FCFS,3576,1,35760001,100.0,100.0,4,12,0,3,3,0.0,1.811981201171875e-5,0.0
20260213_151714,AGG_ORACLE_FCFS,3576,1,35760001,100.0,100.0,5,16,0,1,1,0.0,4.0531158447265625e-6,0.0
20260213_151714,AGG_ORACLE_FCFS,3576,1,35760001,100.0,100.0,6,20,0,7,4,12.0,0.0003440380096435547,1000.0
20260213_151714,AGG_ORACLE_FCFS,3576,1,35760001,100.0,100.0,7,24,1,10,4,24.0,0.003408193588256836,1000.0
20260213_151714,AGG_ORACLE_FCFS,3576,1,35760001,100.0,100.0,8,28,1,7,4,12.0,0.00036406517028808594,1000.0
20260213_151714,AGG_ORACLE_FCFS,3576,1,35760001,100.0,100.0,9,32,3,5,4,4.0,9.202957153320312e-5,333.3333333333333
20260213_151714,AGG_ORACLE_FCFS,3576,1,35760001,100.0,100.0,10,36,4,6,4,14.0,0.00018596649169921875,740.0
20260213_151714,AGG_ORACLE_FCFS,3576,1,35760001,100.0,100.0,11,40,5,8,4,16.0,0.0008060932159423828,720.0
20260213_151714,AGG_ORACLE_FCFS,3576,1,35760001,100.0,100.0,12,44,5,7,4,22.0,0.0004279613494873047,1080.0
20260213_151714,AGG_ORACLE_FCFS,3576,1,35760001,100.0,100.0,13,48,5,9,4,44.0,0.0014789104461669922,813.3333333333333
20260213_151714,AGG_ORACLE_FCFS,3576,1,35760001,100.0,100.0,14,52,6,12,4,56.0,0.011984109878540039,1440.0
20260213_151714,AGG_ORACLE_FCFS,3576,1,35760001,100.0,100.0,15,56,6,10,4,44.0,0.00701904296875,1340.0
20260213_151714,AGG_ORACLE_FCFS,3576,1,35760001,100.0,100.0,16,60,6,9,4,40.0,0.0015370845794677734,1480.0
20260213_151714,AGG_ORACLE_FCFS,5108,1,51080001,100.0,100.0,1,0,0,1,1,0.0,1.2874603271484375e-5,0.0
20260213_151714,AGG_ORACLE_FCFS,5108,1,51080001,100.0,100.0,2,4,0,1,1,0.0,4.0531158447265625e-6,0.0
20260213_151714,AGG_ORACLE_FCFS,5108,1,51080001,100.0,100.0,3,8,0,2,2,0.0,1.5020370483398438e-5,0.0
20260213_151714,AGG_ORACLE_FCFS,5108,1,51080001,100.0,100.0,4,12,0,3,3,0.0,1.9073486328125e-5,0.0
20260213_151714,AGG_ORACLE_FCFS,5108,1,51080001,100.0,100.0,5,16,0,1,1,0.0,5.0067901611328125e-6,0.0
20260213_151714,AGG_ORACLE_FCFS,5108,1,51080001,100.0,100.0,6,20,0,7,4,12.0,0.0003390312194824219,1000.0
20260213_151714,AGG_ORACLE_FCFS,5108,1,51080001,100.0,100.0,7,24,1,10,4,24.0,0.003412961959838867,1000.0
20260213_151714,AGG_ORACLE_FCFS,5108,1,51080001,100.0,100.0,8,28,1,7,4,12.0,0.00037407875061035156,1000.0
20260213_151714,AGG_ORACLE_FCFS,5108,1,51080001,100.0,100.0,9,32,3,5,4,4.0,9.489059448242188e-5,333.3333333333333
20260213_151714,AGG_ORACLE_FCFS,5108,1,51080001,100.0,100.0,10,36,4,6,4,14.0,0.0002338886260986328,740.0
20260213_151714,AGG_ORACLE_FCFS,5108,1,51080001,100.0,100.0,11,40,5,8,4,16.0,0.0008020401000976562,720.0
20260213_151714,AGG_ORACLE_FCFS,5108,1,51080001,100.0,100.0,12,44,5,7,4,22.0,0.00038886070251464844,1080.0
20260213_151714,AGG_ORACLE_FCFS,5108,1,51080001,100.0,100.0,13,48,5,9,4,44.0,0.001432180404663086,813.3333333333333
20260213_151714,AGG_ORACLE_FCFS,5108,1,51080001,100.0,100.0,14,52,6,12,4,56.0,0.011884927749633789,1440.0
20260213_151714,AGG_ORACLE_FCFS,5108,1,51080001,100.0,100.0,15,56,6,10,4,44.0,0.0030570030212402344,1340.0
20260213_151714,AGG_ORACLE_FCFS,5108,1,51080001,100.0,100.0,16,60,6,9,4,40.0,0.005497932434082031,1480.0
20260213_151714,AGG_ORACLE_FCFS,7346,1,73460001,100.0,100.0,1,0,0,1,1,0.0,1.3828277587890625e-5,0.0
20260213_151714,AGG_ORACLE_FCFS,7346,1,73460001,100.0,100.0,2,4,0,1,1,0.0,3.814697265625e-6,0.0
20260213_151714,AGG_ORACLE_FCFS,7346,1,73460001,100.0,100.0,3,8,0,2,2,0.0,1.5020370483398438e-5,0.0
20260213_151714,AGG_ORACLE_FCFS,7346,1,73460001,100.0,100.0,4,12,0,3,3,0.0,1.9073486328125e-5,0.0
20260213_151714,AGG_ORACLE_FCFS,7346,1,73460001,100.0,100.0,5,16,0,1,1,0.0,4.0531158447265625e-6,0.0
20260213_151714,AGG_ORACLE_FCFS,7346,1,73460001,100.0,100.0,6,20,0,7,4,12.0,0.0003561973571777344,1000.0
20260213_151714,AGG_ORACLE_FCFS,7346,1,73460001,100.0,100.0,7,24,1,10,4,24.0,0.003385782241821289,1000.0
20260213_151714,AGG_ORACLE_FCFS,7346,1,73460001,100.0,100.0,8,28,1,7,4,12.0,0.0003769397735595703,1000.0
20260213_151714,AGG_ORACLE_FCFS,7346,1,73460001,100.0,100.0,9,32,3,5,4,4.0,0.0001289844512939453,333.3333333333333
20260213_151714,AGG_ORACLE_FCFS,7346,1,73460001,100.0,100.0,10,36,4,6,4,14.0,0.00018715858459472656,740.0
20260213_151714,AGG_ORACLE_FCFS,7346,1,73460001,100.0,100.0,11,40,5,8,4,16.0,0.0008101463317871094,720.0
20260213_151714,AGG_ORACLE_FCFS,7346,1,73460001,100.0,100.0,12,44,5,7,4,12.0,0.0003829002380371094,720.0
20260213_151714,AGG_ORACLE_FCFS,7346,1,73460001,100.0,100.0,13,48,5,9,4,48.0,0.0014560222625732422,813.3333333333333
20260213_151714,AGG_ORACLE_FCFS,7346,1,73460001,100.0,100.0,14,52,6,12,4,56.0,0.01192784309387207,1440.0
20260213_151714,AGG_ORACLE_FCFS,7346,1,73460001,100.0,100.0,15,56,6,10,4,44.0,0.0067861080169677734,1340.0
20260213_151714,AGG_ORACLE_FCFS,7346,1,73460001,100.0,100.0,16,60,6,9,4,40.0,0.0015349388122558594,1480.0
20260213_151714,AGG_ORACLE_FCFS,2659,1,26590001,100.0,100.0,1,0,0,1,1,0.0,1.4066696166992188e-5,0.0
20260213_151714,AGG_ORACLE_FCFS,2659,1,26590001,100.0,100.0,2,4,0,1,1,0.0,5.0067901611328125e-6,0.0
20260213_151714,AGG_ORACLE_FCFS,2659,1,26590001,100.0,100.0,3,8,0,2,2,0.0,1.4066696166992188e-5,0.0
20260213_151714,AGG_ORACLE_FCFS,2659,1,26590001,100.0,100.0,4,12,0,3,3,0.0,1.9073486328125e-5,0.0
20260213_151714,AGG_ORACLE_FCFS,2659,1,26590001,100.0,100.0,5,16,0,1,1,0.0,7.152557373046875e-6,0.0
20260213_151714,AGG_ORACLE_FCFS,2659,1,26590001,100.0,100.0,6,20,0,7,4,12.0,0.0003559589385986328,1000.0
20260213_151714,AGG_ORACLE_FCFS,2659,1,26590001,100.0,100.0,7,24,1,10,4,24.0,0.0033898353576660156,1000.0
20260213_151714,AGG_ORACLE_FCFS,2659,1,26590001,100.0,100.0,8,28,1,7,4,12.0,0.0003681182861328125,1000.0
20260213_151714,AGG_ORACLE_FCFS,2659,1,26590001,100.0,100.0,9,32,3,5,4,4.0,0.00011587142944335938,333.3333333333333
20260213_151714,AGG_ORACLE_FCFS,2659,1,26590001,100.0,100.0,10,36,4,6,4,14.0,0.00018405914306640625,740.0
20260213_151714,AGG_ORACLE_FCFS,2659,1,26590001,100.0,100.0,11,40,5,8,4,16.0,0.0007669925689697266,720.0
20260213_151714,AGG_ORACLE_FCFS,2659,1,26590001,100.0,100.0,12,44,5,7,4,12.0,0.00038695335388183594,720.0
20260213_151714,AGG_ORACLE_FCFS,2659,1,26590001,100.0,100.0,13,48,5,9,4,48.0,0.0014579296112060547,813.3333333333333
20260213_151714,AGG_ORACLE_FCFS,2659,1,26590001,100.0,100.0,14,52,6,12,4,56.0,0.011749982833862305,1440.0
20260213_151714,AGG_ORACLE_FCFS,2659,1,26590001,100.0,100.0,15,56,6,10,4,44.0,0.006920814514160156,1340.0
20260213_151714,AGG_ORACLE_FCFS,2659,1,26590001,100.0,100.0,16,60,6,9,4,40.0,0.0015530586242675781,1480.0
20260213_151714,AGG_ORACLE_FCFS,1301,1,13010001,100.0,100.0,1,0,0,1,1,0.0,1.4066696166992188e-5,0.0
20260213_151714,AGG_ORACLE_FCFS,1301,1,13010001,100.0,100.0,2,4,0,1,1,0.0,5.0067901611328125e-6,0.0
20260213_151714,AGG_ORACLE_FCFS,1301,1,13010001,100.0,100.0,3,8,0,2,2,0.0,1.3113021850585938e-5,0.0
20260213_151714,AGG_ORACLE_FCFS,1301,1,13010001,100.0,100.0,4,12,0,3,3,0.0,2.5033950805664062e-5,0.0
20260213_151714,AGG_ORACLE_FCFS,1301,1,13010001,100.0,100.0,5,16,0,1,1,0.0,4.0531158447265625e-6,0.0
20260213_151714,AGG_ORACLE_FCFS,1301,1,13010001,100.0,100.0,6,20,0,7,4,12.0,0.00033211708068847656,1000.0
20260213_151714,AGG_ORACLE_FCFS,1301,1,13010001,100.0,100.0,7,24,1,10,4,24.0,0.003426074981689453,1000.0
20260213_151714,AGG_ORACLE_FCFS,1301,1,13010001,100.0,100.0,8,28,1,7,4,12.0,0.00037407875061035156,1000.0
20260213_151714,AGG_ORACLE_FCFS,1301,1,13010001,100.0,100.0,9,32,3,5,4,4.0,9.298324584960938e-5,333.3333333333333
20260213_151714,AGG_ORACLE_FCFS,1301,1,13010001,100.0,100.0,10,36,4,6,4,14.0,0.00019216537475585938,740.0
20260213_151714,AGG_ORACLE_FCFS,1301,1,13010001,100.0,100.0,11,40,5,8,4,16.0,0.0007789134979248047,720.0
20260213_151714,AGG_ORACLE_FCFS,1301,1,13010001,100.0,100.0,12,44,5,7,4,22.0,0.000408172607421875,1080.0
20260213_151714,AGG_ORACLE_FCFS,1301,1,13010001,100.0,100.0,13,48,5,9,4,44.0,0.001447916030883789,813.3333333333333
20260213_151714,AGG_ORACLE_FCFS,1301,1,13010001,100.0,100.0,14,52,6,12,4,56.0,0.011955976486206055,1440.0
20260213_151714,AGG_ORACLE_FCFS,1301,1,13010001,100.0,100.0,15,56,6,10,4,44.0,0.006824970245361328,1340.0
20260213_151714,AGG_ORACLE_FCFS,1301,1,13010001,100.0,100.0,16,60,6,9,4,40.0,0.001580953598022461,1480.0
20260213_151714,AGG_ORACLE_FCFS,5519,1,55190001,100.0,100.0,1,0,0,1,1,0.0,1.3113021850585938e-5,0.0
20260213_151714,AGG_ORACLE_FCFS,5519,1,55190001,100.0,100.0,2,4,0,1,1,0.0,4.0531158447265625e-6,0.0
20260213_151714,AGG_ORACLE_FCFS,5519,1,55190001,100.0,100.0,3,8,0,2,2,0.0,1.5020370483398438e-5,0.0
20260213_151714,AGG_ORACLE_FCFS,5519,1,55190001,100.0,100.0,4,12,0,3,3,0.0,2.5987625122070312e-5,0.0
20260213_151714,AGG_ORACLE_FCFS,5519,1,55190001,100.0,100.0,5,16,0,1,1,0.0,4.0531158447265625e-6,0.0
20260213_151714,AGG_ORACLE_FCFS,5519,1,55190001,100.0,100.0,6,20,0,7,4,12.0,0.00032806396484375,1000.0
20260213_151714,AGG_ORACLE_FCFS,5519,1,55190001,100.0,100.0,7,24,1,10,4,24.0,0.003432035446166992,1000.0
20260213_151714,AGG_ORACLE_FCFS,5519,1,55190001,100.0,100.0,8,28,1,7,4,12.0,0.00036787986755371094,1000.0
20260213_151714,AGG_ORACLE_FCFS,5519,1,55190001,100.0,100.0,9,32,3,5,4,4.0,9.512901306152344e-5,333.3333333333333
20260213_151714,AGG_ORACLE_FCFS,5519,1,55190001,100.0,100.0,10,36,4,6,4,14.0,0.00018310546875,740.0
20260213_151714,AGG_ORACLE_FCFS,5519,1,55190001,100.0,100.0,11,40,5,8,4,16.0,0.0007679462432861328,720.0
20260213_151714,AGG_ORACLE_FCFS,5519,1,55190001,100.0,100.0,12,44,5,7,4,12.0,0.0003979206085205078,720.0
20260213_151714,AGG_ORACLE_FCFS,5519,1,55190001,100.0,100.0,13,48,5,9,4,48.0,0.0014951229095458984,813.3333333333333
20260213_151714,AGG_ORACLE_FCFS,5519,1,55190001,100.0,100.0,14,52,6,12,4,56.0,0.011857032775878906,1440.0
20260213_151714,AGG_ORACLE_FCFS,5519,1,55190001,100.0,100.0,15,56,6,10,4,44.0,0.0070040225982666016,1340.0
20260213_151714,AGG_ORACLE_FCFS,5519,1,55190001,100.0,100.0,16,60,6,9,4,40.0,0.0015230178833007812,1480.0
20260213_151714,AGG_ORACLE_FCFS,1736,1,17360001,100.0,100.0,1,0,0,1,1,0.0,1.4066696166992188e-5,0.0
20260213_151714,AGG_ORACLE_FCFS,1736,1,17360001,100.0,100.0,2,4,0,1,1,0.0,5.0067901611328125e-6,0.0
20260213_151714,AGG_ORACLE_FCFS,1736,1,17360001,100.0,100.0,3,8,0,2,2,0.0,1.4066696166992188e-5,0.0
20260213_151714,AGG_ORACLE_FCFS,1736,1,17360001,100.0,100.0,4,12,0,3,3,0.0,1.7881393432617188e-5,0.0
20260213_151714,AGG_ORACLE_FCFS,1736,1,17360001,100.0,100.0,5,16,0,1,1,0.0,7.867813110351562e-6,0.0
20260213_151714,AGG_ORACLE_FCFS,1736,1,17360001,100.0,100.0,6,20,0,7,4,12.0,0.00035190582275390625,1000.0
20260213_151714,AGG_ORACLE_FCFS,1736,1,17360001,100.0,100.0,7,24,1,10,4,24.0,0.003384113311767578,1000.0
20260213_151714,AGG_ORACLE_FCFS,1736,1,17360001,100.0,100.0,8,28,1,7,4,12.0,0.00038695335388183594,1000.0
20260213_151714,AGG_ORACLE_FCFS,1736,1,17360001,100.0,100.0,9,32,3,5,4,4.0,9.202957153320312e-5,333.3333333333333
20260213_151714,AGG_ORACLE_FCFS,1736,1,17360001,100.0,100.0,10,36,4,6,4,14.0,0.0001862049102783203,740.0
20260213_151714,AGG_ORACLE_FCFS,1736,1,17360001,100.0,100.0,11,40,5,8,4,16.0,0.0007610321044921875,720.0
20260213_151714,AGG_ORACLE_FCFS,1736,1,17360001,100.0,100.0,12,44,5,7,4,12.0,0.00040984153747558594,720.0
20260213_151714,AGG_ORACLE_FCFS,1736,1,17360001,100.0,100.0,13,48,5,9,4,48.0,0.0014429092407226562,813.3333333333333
20260213_151714,AGG_ORACLE_FCFS,1736,1,17360001,100.0,100.0,14,52,6,12,4,56.0,0.011677980422973633,1440.0
20260213_151714,AGG_ORACLE_FCFS,1736,1,17360001,100.0,100.0,15,56,6,10,4,44.0,0.006904125213623047,1340.0
20260213_151714,AGG_ORACLE_FCFS,1736,1,17360001,100.0,100.0,16,60,6,9,4,40.0,0.0015840530395507812,1480.0
20260213_151714,AGG_ORACLE_FCFS,618,1,6180001,100.0,100.0,1,0,0,1,1,0.0,1.3828277587890625e-5,0.0
20260213_151714,AGG_ORACLE_FCFS,618,1,6180001,100.0,100.0,2,4,0,1,1,0.0,4.0531158447265625e-6,0.0
20260213_151714,AGG_ORACLE_FCFS,618,1,6180001,100.0,100.0,3,8,0,2,2,0.0,1.5020370483398438e-5,0.0
20260213_151714,AGG_ORACLE_FCFS,618,1,6180001,100.0,100.0,4,12,0,3,3,0.0,1.811981201171875e-5,0.0
20260213_151714,AGG_ORACLE_FCFS,618,1,6180001,100.0,100.0,5,16,0,1,1,0.0,5.0067901611328125e-6,0.0
20260213_151714,AGG_ORACLE_FCFS,618,1,6180001,100.0,100.0,6,20,0,7,4,12.0,0.0003490447998046875,1000.0
20260213_151714,AGG_ORACLE_FCFS,618,1,6180001,100.0,100.0,7,24,1,10,4,24.0,0.0034749507904052734,1000.0
20260213_151714,AGG_ORACLE_FCFS,618,1,6180001,100.0,100.0,8,28,1,7,4,12.0,0.00038313865661621094,1000.0
20260213_151714,AGG_ORACLE_FCFS,618,1,6180001,100.0,100.0,9,32,3,5,4,4.0,9.894371032714844e-5,333.3333333333333
20260213_151714,AGG_ORACLE_FCFS,618,1,6180001,100.0,100.0,10,36,4,6,4,14.0,0.00019407272338867188,740.0
20260213_151714,AGG_ORACLE_FCFS,618,1,6180001,100.0,100.0,11,40,5,8,4,16.0,0.0007970333099365234,720.0
20260213_151714,AGG_ORACLE_FCFS,618,1,6180001,100.0,100.0,12,44,5,7,4,22.0,0.00039196014404296875,1080.0
20260213_151714,AGG_ORACLE_FCFS,618,1,6180001,100.0,100.0,13,48,5,9,4,44.0,0.001466989517211914,813.3333333333333
20260213_151714,AGG_ORACLE_FCFS,618,1,6180001,100.0,100.0,14,52,6,12,4,56.0,0.016124963760375977,1440.0
20260213_151714,AGG_ORACLE_FCFS,618,1,6180001,100.0,100.0,15,56,6,10,4,44.0,0.0030260086059570312,1340.0
20260213_151714,AGG_ORACLE_FCFS,618,1,6180001,100.0,100.0,16,60,6,9,4,40.0,0.001544952392578125,1480.0
20260213_151714,AGG_ORACLE_FCFS,8254,1,82540001,100.0,100.0,1,0,0,1,1,0.0,1.3113021850585938e-5,0.0
20260213_151714,AGG_ORACLE_FCFS,8254,1,82540001,100.0,100.0,2,4,0,1,1,0.0,5.0067901611328125e-6,0.0
20260213_151714,AGG_ORACLE_FCFS,8254,1,82540001,100.0,100.0,3,8,0,2,2,0.0,2.4080276489257812e-5,0.0
20260213_151714,AGG_ORACLE_FCFS,8254,1,82540001,100.0,100.0,4,12,0,3,3,0.0,2.2172927856445312e-5,0.0
20260213_151714,AGG_ORACLE_FCFS,8254,1,82540001,100.0,100.0,5,16,0,1,1,0.0,5.0067901611328125e-6,0.0
20260213_151714,AGG_ORACLE_FCFS,8254,1,82540001,100.0,100.0,6,20,0,7,4,12.0,0.00036406517028808594,1000.0
20260213_151714,AGG_ORACLE_FCFS,8254,1,82540001,100.0,100.0,7,24,1,10,4,24.0,0.00344085693359375,1000.0
20260213_151714,AGG_ORACLE_FCFS,8254,1,82540001,100.0,100.0,8,28,1,7,4,12.0,0.0003628730773925781,1000.0
20260213_151714,AGG_ORACLE_FCFS,8254,1,82540001,100.0,100.0,9,32,3,5,4,4.0,9.012222290039062e-5,333.3333333333333
20260213_151714,AGG_ORACLE_FCFS,8254,1,82540001,100.0,100.0,10,36,4,6,4,14.0,0.00018906593322753906,740.0
20260213_151714,AGG_ORACLE_FCFS,8254,1,82540001,100.0,100.0,11,40,5,8,4,16.0,0.0007741451263427734,720.0
20260213_151714,AGG_ORACLE_FCFS,8254,1,82540001,100.0,100.0,12,44,5,7,4,12.0,0.0003991127014160156,720.0
20260213_151714,AGG_ORACLE_FCFS,8254,1,82540001,100.0,100.0,13,48,5,9,4,48.0,0.0014569759368896484,813.3333333333333
20260213_151714,AGG_ORACLE_FCFS,8254,1,82540001,100.0,100.0,14,52,6,12,4,56.0,0.01184988021850586,1440.0
20260213_151714,AGG_ORACLE_FCFS,8254,1,82540001,100.0,100.0,15,56,6,10,4,44.0,0.003078937530517578,1340.0
20260213_151714,AGG_ORACLE_FCFS,8254,1,82540001,100.0,100.0,16,60,6,9,4,40.0,0.001544952392578125,1480.0
20260213_151714,AGG_ORACLE_FCFS,7340,1,73400001,100.0,100.0,1,0,0,1,1,0.0,1.1920928955078125e-5,0.0
20260213_151714,AGG_ORACLE_FCFS,7340,1,73400001,100.0,100.0,2,4,0,1,1,0.0,4.0531158447265625e-6,0.0
20260213_151714,AGG_ORACLE_FCFS,7340,1,73400001,100.0,100.0,3,8,0,2,2,0.0,1.5020370483398438e-5,0.0
20260213_151714,AGG_ORACLE_FCFS,7340,1,73400001,100.0,100.0,4,12,0,3,3,0.0,2.09808349609375e-5,0.0
20260213_151714,AGG_ORACLE_FCFS,7340,1,73400001,100.0,100.0,5,16,0,1,1,0.0,4.0531158447265625e-6,0.0
20260213_151714,AGG_ORACLE_FCFS,7340,1,73400001,100.0,100.0,6,20,0,7,4,12.0,0.0003380775451660156,1000.0
20260213_151714,AGG_ORACLE_FCFS,7340,1,73400001,100.0,100.0,7,24,1,10,4,24.0,0.00769805908203125,1000.0
20260213_151714,AGG_ORACLE_FCFS,7340,1,73400001,100.0,100.0,8,28,1,7,4,12.0,0.00036215782165527344,1000.0
20260213_151714,AGG_ORACLE_FCFS,7340,1,73400001,100.0,100.0,9,32,3,5,4,4.0,8.988380432128906e-5,333.3333333333333
20260213_151714,AGG_ORACLE_FCFS,7340,1,73400001,100.0,100.0,10,36,4,6,4,14.0,0.00019693374633789062,740.0
20260213_151714,AGG_ORACLE_FCFS,7340,1,73400001,100.0,100.0,11,40,5,8,4,16.0,0.0007739067077636719,720.0
20260213_151714,AGG_ORACLE_FCFS,7340,1,73400001,100.0,100.0,12,44,5,7,4,12.0,0.0004000663757324219,720.0
20260213_151714,AGG_ORACLE_FCFS,7340,1,73400001,100.0,100.0,13,48,5,9,4,48.0,0.001486063003540039,813.3333333333333
20260213_151714,AGG_ORACLE_FCFS,7340,1,73400001,100.0,100.0,14,52,6,12,4,56.0,0.011790990829467773,1440.0
20260213_151714,AGG_ORACLE_FCFS,7340,1,73400001,100.0,100.0,15,56,6,10,4,44.0,0.003113985061645508,1340.0
20260213_151714,AGG_ORACLE_FCFS,7340,1,73400001,100.0,100.0,16,60,6,9,4,40.0,0.0015869140625,1480.0
20260213_151714,CE_NAIVE,6910,1,69100001,100.0,100.0,1,0,0,1,1,0.0,9.631633043289185,0.0
20260213_151714,CE_NAIVE,6910,1,69100001,100.0,100.0,2,4,0,1,1,0.0,0.12709403038024902,0.0
20260213_151714,CE_NAIVE,6910,1,69100001,100.0,100.0,3,8,0,2,2,0.0,0.27997303009033203,0.0
20260213_151714,CE_NAIVE,6910,1,69100001,100.0,100.0,4,12,0,3,3,0.0,0.13134312629699707,0.0
20260213_151714,CE_NAIVE,6910,1,69100001,100.0,100.0,5,16,0,1,1,0.0,0.12698817253112793,0.0
20260213_151714,CE_NAIVE,6910,1,69100001,100.0,100.0,6,20,0,7,5,15.0,1.4091169834136963,736.6666666666666
20260213_151714,CE_NAIVE,6910,1,69100001,100.0,100.0,7,24,2,9,5,25.0,1.595059871673584,720.0
20260213_151714,CE_NAIVE,6910,1,69100001,100.0,100.0,8,28,3,5,4,4.0,0.4126400947570801,500.0
20260213_151714,CE_NAIVE,6910,1,69100001,100.0,100.0,9,32,4,3,3,6.0,0.29883503913879395,100.0
20260213_151714,CE_NAIVE,6910,1,69100001,100.0,100.0,10,36,5,5,5,9.0,0.27867817878723145,535.0
20260213_151714,CE_NAIVE,6910,1,69100001,100.0,100.0,11,40,6,6,3,12.0,0.3282191753387451,860.0
20260213_151714,CE_NAIVE,6910,1,69100001,100.0,100.0,12,44,5,6,4,18.0,0.27552199363708496,790.0
20260213_151714,CE_NAIVE,6910,1,69100001,100.0,100.0,13,48,5,8,5,44.0,0.24775099754333496,983.3333333333333
20260213_151714,CE_NAIVE,6910,1,69100001,100.0,100.0,14,52,6,10,4,48.0,0.30225300788879395,1480.0
20260213_151714,CE_NAIVE,6910,1,69100001,100.0,100.0,15,56,6,8,5,50.0,0.31116700172424316,1280.0
20260213_151714,CE_NAIVE,6910,1,69100001,100.0,100.0,16,60,7,6,4,32.0,0.24623894691467285,2150.0
20260213_151714,CE_NAIVE,4953,1,49530001,100.0,100.0,1,0,0,1,1,0.0,0.12836194038391113,0.0
20260213_151714,CE_NAIVE,4953,1,49530001,100.0,100.0,2,4,0,1,1,0.0,0.128187894821167,0.0
20260213_151714,CE_NAIVE,4953,1,49530001,100.0,100.0,3,8,0,2,2,0.0,0.13167119026184082,0.0
20260213_151714,CE_NAIVE,4953,1,49530001,100.0,100.0,4,12,0,3,3,0.0,0.13153696060180664,0.0
20260213_151714,CE_NAIVE,4953,1,49530001,100.0,100.0,5,16,0,1,1,0.0,0.12784314155578613,0.0
20260213_151714,CE_NAIVE,4953,1,49530001,100.0,100.0,6,20,0,7,5,15.0,0.4216940402984619,736.6666666666666
20260213_151714,CE_NAIVE,4953,1,49530001,100.0,100.0,7,24,2,9,5,25.0,0.8213920593261719,835.0
20260213_151714,CE_NAIVE,4953,1,49530001,100.0,100.0,8,28,4,5,4,4.0,0.2907240390777588,360.0
20260213_151714,CE_NAIVE,4953,1,49530001,100.0,100.0,9,32,4,3,3,6.0,0.1505889892578125,240.0
20260213_151714,CE_NAIVE,4953,1,49530001,100.0,100.0,10,36,5,5,4,4.0,0.14518094062805176,720.0
20260213_151714,CE_NAIVE,4953,1,49530001,100.0,100.0,11,40,5,7,5,25.0,0.2878448963165283,883.3333333333333
20260213_151714,CE_NAIVE,4953,1,49530001,100.0,100.0,12,44,6,5,4,20.0,0.2767930030822754,1220.0
20260213_151714,CE_NAIVE,4953,1,49530001,100.0,100.0,13,48,6,7,4,32.0,0.23530793190002441,880.0
20260213_151714,CE_NAIVE,4953,1,49530001,100.0,100.0,14,52,6,10,4,48.0,0.15004801750183105,1480.0
20260213_151714,CE_NAIVE,4953,1,49530001,100.0,100.0,15,56,6,8,5,50.0,0.144636869430542,1280.0
20260213_151714,CE_NAIVE,4953,1,49530001,100.0,100.0,16,60,7,6,4,32.0,0.14345598220825195,2150.0
20260213_151714,CE_NAIVE,8042,1,80420001,100.0,100.0,1,0,0,1,1,0.0,0.12860989570617676,0.0
20260213_151714,CE_NAIVE,8042,1,80420001,100.0,100.0,2,4,0,1,1,0.0,0.12800288200378418,0.0
20260213_151714,CE_NAIVE,8042,1,80420001,100.0,100.0,3,8,0,2,2,0.0,0.13241004943847656,0.0
20260213_151714,CE_NAIVE,8042,1,80420001,100.0,100.0,4,12,0,3,3,0.0,0.1326289176940918,0.0
20260213_151714,CE_NAIVE,8042,1,80420001,100.0,100.0,5,16,0,1,1,0.0,0.12813305854797363,0.0
20260213_151714,CE_NAIVE,8042,1,80420001,100.0,100.0,6,20,0,7,5,15.0,0.23221492767333984,736.6666666666666
20260213_151714,CE_NAIVE,8042,1,80420001,100.0,100.0,7,24,2,9,5,25.0,0.8442480564117432,835.0
20260213_151714,CE_NAIVE,8042,1,80420001,100.0,100.0,8,28,4,5,4,4.0,0.14160895347595215,500.0
20260213_151714,CE_NAIVE,8042,1,80420001,100.0,100.0,9,32,4,3,3,6.0,0.139801025390625,100.0
20260213_151714,CE_NAIVE,8042,1,80420001,100.0,100.0,10,36,5,5,5,9.0,0.14571499824523926,535.0
20260213_151714,CE_NAIVE,8042,1,80420001,100.0,100.0,11,40,6,6,4,16.0,0.17291498184204102,930.0
20260213_151714,CE_NAIVE,8042,1,80420001,100.0,100.0,12,44,6,5,4,20.0,0.24618792533874512,1220.0
20260213_151714,CE_NAIVE,8042,1,80420001,100.0,100.0,13,48,6,7,5,45.0,0.30936312675476074,1563.3333333333335
20260213_151714,CE_NAIVE,8042,1,80420001,100.0,100.0,14,52,7,9,4,40.0,0.4241628646850586,1840.0
20260213_151714,CE_NAIVE,8042,1,80420001,100.0,100.0,15,56,7,7,5,45.0,0.28201889991760254,1920.0
20260213_151714,CE_NAIVE,8042,1,80420001,100.0,100.0,16,60,8,5,4,36.0,0.24557900428771973,1360.0
20260213_151714,CE_NAIVE,180,1,1800001,100.0,100.0,1,0,0,1,1,0.0,0.15337800979614258,0.0
20260213_151714,CE_NAIVE,180,1,1800001,100.0,100.0,2,4,0,1,1,0.0,0.12842297554016113,0.0
20260213_151714,CE_NAIVE,180,1,1800001,100.0,100.0,3,8,0,2,2,0.0,0.13283801078796387,0.0
20260213_151714,CE_NAIVE,180,1,1800001,100.0,100.0,4,12,0,3,3,0.0,0.13281798362731934,0.0
20260213_151714,CE_NAIVE,180,1,1800001,100.0,100.0,5,16,0,1,1,0.0,0.12853598594665527,0.0
20260213_151714,CE_NAIVE,180,1,1800001,100.0,100.0,6,20,0,7,5,15.0,0.23177003860473633,736.6666666666666
20260213_151714,CE_NAIVE,180,1,1800001,100.0,100.0,7,24,2,9,5,25.0,0.8444938659667969,1070.0
20260213_151714,CE_NAIVE,180,1,1800001,100.0,100.0,8,28,3,5,5,15.0,0.24770283699035645,210.0
20260213_151714,CE_NAIVE,180,1,1800001,100.0,100.0,9,32,5,2,2,4.0,0.28164196014404297,100.0
20260213_151714,CE_NAIVE,180,1,1800001,100.0,100.0,10,36,5,5,5,9.0,0.14434599876403809,535.0
20260213_151714,CE_NAIVE,180,1,1800001,100.0,100.0,11,40,6,6,5,26.0,0.14836883544921875,1275.0
20260213_151714,CE_NAIVE,180,1,1800001,100.0,100.0,12,44,7,4,4,18.0,0.2686319351196289,1500.0
20260213_151714,CE_NAIVE,180,1,1800001,100.0,100.0,13,48,7,6,4,32.0,0.3206980228424072,1460.0
20260213_151714,CE_NAIVE,180,1,1800001,100.0,100.0,14,52,7,9,4,40.0,0.23362493515014648,1840.0
20260213_151714,CE_NAIVE,180,1,1800001,100.0,100.0,15,56,7,7,5,45.0,0.1508030891418457,3120.0
20260213_151714,CE_NAIVE,180,1,1800001,100.0,100.0,16,60,8,5,5,45.0,0.2481238842010498,2220.0
20260213_151714,CE_NAIVE,6646,1,66460001,100.0,100.0,1,0,0,1,1,0.0,0.12828493118286133,0.0
20260213_151714,CE_NAIVE,6646,1,66460001,100.0,100.0,2,4,0,1,1,0.0,0.1272118091583252,0.0
20260213_151714,CE_NAIVE,6646,1,66460001,100.0,100.0,3,8,0,2,2,0.0,0.13261699676513672,0.0
20260213_151714,CE_NAIVE,6646,1,66460001,100.0,100.0,4,12,0,3,3,0.0,0.13244199752807617,0.0
20260213_151714,CE_NAIVE,6646,1,66460001,100.0,100.0,5,16,0,1,1,0.0,0.129364013671875,0.0
20260213_151714,CE_NAIVE,6646,1,66460001,100.0,100.0,6,20,0,7,5,15.0,0.2333059310913086,736.6666666666666
20260213_151714,CE_NAIVE,6646,1,66460001,100.0,100.0,7,24,2,9,5,25.0,0.8511011600494385,1020.0
20260213_151714,CE_NAIVE,6646,1,66460001,100.0,100.0,8,28,4,5,4,4.0,0.2221369743347168,360.0
20260213_151714,CE_NAIVE,6646,1,66460001,100.0,100.0,9,32,4,3,3,6.0,0.17567896842956543,170.0
20260213_151714,CE_NAIVE,6646,1,66460001,100.0,100.0,10,36,5,5,5,9.0,0.1455249786376953,535.0
20260213_151714,CE_NAIVE,6646,1,66460001,100.0,100.0,11,40,6,6,4,16.0,0.1487112045288086,790.0
20260213_151714,CE_NAIVE,6646,1,66460001,100.0,100.0,12,44,6,5,4,20.0,0.14353299140930176,1220.0
20260213_151714,CE_NAIVE,6646,1,66460001,100.0,100.0,13,48,6,7,4,32.0,0.1727290153503418,880.0
20260213_151714,CE_NAIVE,6646,1,66460001,100.0,100.0,14,52,6,10,4,48.0,0.1493089199066162,1480.0
20260213_151714,CE_NAIVE,6646,1,66460001,100.0,100.0,15,56,6,8,5,50.0,0.14531683921813965,1280.0
20260213_151714,CE_NAIVE,6646,1,66460001,100.0,100.0,16,60,7,6,4,32.0,0.14464402198791504,2150.0
20260213_151714,CE_NAIVE,1744,1,17440001,100.0,100.0,1,0,0,1,1,0.0,0.1285400390625,0.0
20260213_151714,CE_NAIVE,1744,1,17440001,100.0,100.0,2,4,0,1,1,0.0,0.12785792350769043,0.0
20260213_151714,CE_NAIVE,1744,1,17440001,100.0,100.0,3,8,0,2,2,0.0,0.13221383094787598,0.0
20260213_151714,CE_NAIVE,1744,1,17440001,100.0,100.0,4,12,0,3,3,0.0,0.1325979232788086,0.0
20260213_151714,CE_NAIVE,1744,1,17440001,100.0,100.0,5,16,0,1,1,0.0,0.12891602516174316,0.0
20260213_151714,CE_NAIVE,1744,1,17440001,100.0,100.0,6,20,0,7,5,15.0,0.2323770523071289,736.6666666666666
20260213_151714,CE_NAIVE,1744,1,17440001,100.0,100.0,7,24,2,9,5,25.0,0.8652379512786865,720.0
20260213_151714,CE_NAIVE,1744,1,17440001,100.0,100.0,8,28,3,5,4,4.0,0.14350605010986328,500.0
20260213_151714,CE_NAIVE,1744,1,17440001,100.0,100.0,9,32,4,3,3,6.0,0.1400468349456787,100.0
20260213_151714,CE_NAIVE,1744,1,17440001,100.0,100.0,10,36,5,5,5,9.0,0.1448678970336914,535.0
20260213_151714,CE_NAIVE,1744,1,17440001,100.0,100.0,11,40,6,6,4,16.0,0.1524059772491455,790.0
20260213_151714,CE_NAIVE,1744,1,17440001,100.0,100.0,12,44,6,5,4,20.0,0.1436920166015625,1220.0
20260213_151714,CE_NAIVE,1744,1,17440001,100.0,100.0,13,48,6,7,5,45.0,0.15002894401550293,1563.3333333333335
20260213_151714,CE_NAIVE,1744,1,17440001,100.0,100.0,14,52,7,9,4,40.0,0.23312902450561523,1840.0
20260213_151714,CE_NAIVE,1744,1,17440001,100.0,100.0,15,56,7,7,5,45.0,0.17390990257263184,1920.0
20260213_151714,CE_NAIVE,1744,1,17440001,100.0,100.0,16,60,8,5,4,36.0,0.13975000381469727,1360.0
20260213_151714,CE_NAIVE,9250,1,92500001,100.0,100.0,1,0,0,1,1,0.0,0.12880587577819824,0.0
20260213_151714,CE_NAIVE,9250,1,92500001,100.0,100.0,2,4,0,1,1,0.0,0.12823486328125,0.0
20260213_151714,CE_NAIVE,9250,1,92500001,100.0,100.0,3,8,0,2,2,0.0,0.13282322883605957,0.0
20260213_151714,CE_NAIVE,9250,1,92500001,100.0,100.0,4,12,0,3,3,0.0,0.1325211524963379,0.0
20260213_151714,CE_NAIVE,9250,1,92500001,100.0,100.0,5,16,0,1,1,0.0,0.12842988967895508,0.0
20260213_151714,CE_NAIVE,9250,1,92500001,100.0,100.0,6,20,0,7,5,15.0,0.23421001434326172,736.6666666666666
20260213_151714,CE_NAIVE,9250,1,92500001,100.0,100.0,7,24,2,9,5,25.0,0.8417301177978516,720.0
20260213_151714,CE_NAIVE,9250,1,92500001,100.0,100.0,8,28,3,5,4,4.0,0.14367294311523438,500.0
20260213_151714,CE_NAIVE,9250,1,92500001,100.0,100.0,9,32,4,3,3,6.0,0.1407461166381836,100.0
20260213_151714,CE_NAIVE,9250,1,92500001,100.0,100.0,10,36,5,5,5,9.0,0.1651768684387207,535.0
20260213_151714,CE_NAIVE,9250,1,92500001,100.0,100.0,11,40,6,6,4,16.0,0.14883089065551758,790.0
20260213_151714,CE_NAIVE,9250,1,92500001,100.0,100.0,12,44,6,5,4,20.0,0.14405488967895508,1220.0
20260213_151714,CE_NAIVE,9250,1,92500001,100.0,100.0,13,48,6,7,5,45.0,0.16159987449645996,1563.3333333333335
20260213_151714,CE_NAIVE,9250,1,92500001,100.0,100.0,14,52,7,9,4,40.0,0.2326488494873047,1840.0
20260213_151714,CE_NAIVE,9250,1,92500001,100.0,100.0,15,56,7,7,5,45.0,0.15042400360107422,1920.0
20260213_151714,CE_NAIVE,9250,1,92500001,100.0,100.0,16,60,8,5,4,36.0,0.14015984535217285,1360.0
20260213_151714,CE_NAIVE,7566,1,75660001,100.0,100.0,1,0,0,1,1,0.0,0.12885212898254395,0.0
20260213_151714,CE_NAIVE,7566,1,75660001,100.0,100.0,2,4,0,1,1,0.0,0.12890195846557617,0.0
20260213_151714,CE_NAIVE,7566,1,75660001,100.0,100.0,3,8,0,2,2,0.0,0.15775203704833984,0.0
20260213_151714,CE_NAIVE,7566,1,75660001,100.0,100.0,4,12,0,3,3,0.0,0.13263487815856934,0.0
20260213_151714,CE_NAIVE,7566,1,75660001,100.0,100.0,5,16,0,1,1,0.0,0.1284501552581787,0.0
20260213_151714,CE_NAIVE,7566,1,75660001,100.0,100.0,6,20,0,7,5,15.0,0.23273706436157227,736.6666666666666
20260213_151714,CE_NAIVE,7566,1,75660001,100.0,100.0,7,24,2,9,5,25.0,0.8397130966186523,895.0
20260213_151714,CE_NAIVE,7566,1,75660001,100.0,100.0,8,28,3,5,4,4.0,0.227463960647583,360.0
20260213_151714,CE_NAIVE,7566,1,75660001,100.0,100.0,9,32,4,3,3,6.0,0.14055395126342773,240.0
20260213_151714,CE_NAIVE,7566,1,75660001,100.0,100.0,10,36,5,5,5,9.0,0.1457231044769287,535.0
20260213_151714,CE_NAIVE,7566,1,75660001,100.0,100.0,11,40,6,6,4,16.0,0.15061283111572266,790.0
20260213_151714,CE_NAIVE,7566,1,75660001,100.0,100.0,12,44,6,5,4,20.0,0.16723108291625977,1220.0
20260213_151714,CE_NAIVE,7566,1,75660001,100.0,100.0,13,48,6,7,4,32.0,0.15148496627807617,880.0
20260213_151714,CE_NAIVE,7566,1,75660001,100.0,100.0,14,52,6,10,4,48.0,0.15033721923828125,1480.0
20260213_151714,CE_NAIVE,7566,1,75660001,100.0,100.0,15,56,6,8,5,50.0,0.1455669403076172,1280.0
20260213_151714,CE_NAIVE,7566,1,75660001,100.0,100.0,16,60,7,6,4,32.0,0.14489102363586426,2150.0
20260213_151714,CE_NAIVE,8740,1,87400001,100.0,100.0,1,0,0,1,1,0.0,0.12917685508728027,0.0
20260213_151714,CE_NAIVE,8740,1,87400001,100.0,100.0,2,4,0,1,1,0.0,0.12937283515930176,0.0
20260213_151714,CE_NAIVE,8740,1,87400001,100.0,100.0,3,8,0,2,2,0.0,0.13314104080200195,0.0
20260213_151714,CE_NAIVE,8740,1,87400001,100.0,100.0,4,12,0,3,3,0.0,0.13262510299682617,0.0
20260213_151714,CE_NAIVE,8740,1,87400001,100.0,100.0,5,16,0,1,1,0.0,0.12832403182983398,0.0
20260213_151714,CE_NAIVE,8740,1,87400001,100.0,100.0,6,20,0,7,5,15.0,0.258120059967041,736.6666666666666
20260213_151714,CE_NAIVE,8740,1,87400001,100.0,100.0,7,24,2,9,5,25.0,0.8521730899810791,895.0
20260213_151714,CE_NAIVE,8740,1,87400001,100.0,100.0,8,28,3,5,5,13.0,0.1412370204925537,430.0
20260213_151714,CE_NAIVE,8740,1,87400001,100.0,100.0,9,32,5,2,2,4.0,0.13512301445007324,100.0
20260213_151714,CE_NAIVE,8740,1,87400001,100.0,100.0,10,36,5,5,5,9.0,0.14617204666137695,535.0
20260213_151714,CE_NAIVE,8740,1,87400001,100.0,100.0,11,40,6,6,4,16.0,0.14987802505493164,790.0
20260213_151714,CE_NAIVE,8740,1,87400001,100.0,100.0,12,44,6,5,4,20.0,0.14525604248046875,1220.0
20260213_151714,CE_NAIVE,8740,1,87400001,100.0,100.0,13,48,6,7,5,45.0,0.15068697929382324,1563.3333333333335
20260213_151714,CE_NAIVE,8740,1,87400001,100.0,100.0,14,52,7,9,5,45.0,0.23413705825805664,2120.0
20260213_151714,CE_NAIVE,8740,1,87400001,100.0,100.0,15,56,8,6,4,38.0,0.29137706756591797,550.0
20260213_151714,CE_NAIVE,8740,1,87400001,100.0,100.0,16,60,8,5,4,36.0,0.15392494201660156,1360.0
20260213_151714,CE_NAIVE,7526,1,75260001,100.0,100.0,1,0,0,1,1,0.0,0.12968182563781738,0.0
20260213_151714,CE_NAIVE,7526,1,75260001,100.0,100.0,2,4,0,1,1,0.0,0.12912297248840332,0.0
20260213_151714,CE_NAIVE,7526,1,75260001,100.0,100.0,3,8,0,2,2,0.0,0.1330559253692627,0.0
20260213_151714,CE_NAIVE,7526,1,75260001,100.0,100.0,4,12,0,3,3,0.0,0.13399004936218262,0.0
20260213_151714,CE_NAIVE,7526,1,75260001,100.0,100.0,5,16,0,1,1,0.0,0.12958407402038574,0.0
20260213_151714,CE_NAIVE,7526,1,75260001,100.0,100.0,6,20,0,7,5,15.0,0.2341299057006836,736.6666666666666
20260213_151714,CE_NAIVE,7526,1,75260001,100.0,100.0,7,24,2,9,5,25.0,0.8473110198974609,1070.0
20260213_151714,CE_NAIVE,7526,1,75260001,100.0,100.0,8,28,3,5,4,4.0,0.2695009708404541,360.0
20260213_151714,CE_NAIVE,7526,1,75260001,100.0,100.0,9,32,4,3,3,6.0,0.13547301292419434,170.0
20260213_151714,CE_NAIVE,7526,1,75260001,100.0,100.0,10,36,5,5,3,8.0,0.14646100997924805,1000.0
20260213_151714,CE_NAIVE,7526,1,75260001,100.0,100.0,11,40,4,8,5,20.0,0.4528169631958008,596.6666666666666
20260213_151714,CE_NAIVE,7526,1,75260001,100.0,100.0,12,44,5,6,4,18.0,0.24854493141174316,790.0
20260213_151714,CE_NAIVE,7526,1,75260001,100.0,100.0,13,48,5,8,6,76.0,0.424976110458374,1293.3333333333335
20260213_151714,CE_NAIVE,7526,1,75260001,100.0,100.0,14,52,7,9,5,45.0,0.36967897415161133,1940.0
20260213_151714,CE_NAIVE,7526,1,75260001,100.0,100.0,15,56,8,6,4,38.0,0.2775881290435791,550.0
20260213_151714,CE_NAIVE,7526,1,75260001,100.0,100.0,16,60,8,5,4,36.0,0.14065003395080566,1360.0
20260213_151714,CE_NAIVE,6150,1,61500001,100.0,100.0,1,0,0,1,1,0.0,0.13002991676330566,0.0
20260213_151714,CE_NAIVE,6150,1,61500001,100.0,100.0,2,4,0,1,1,0.0,0.1288468837738037,0.0
20260213_151714,CE_NAIVE,6150,1,61500001,100.0,100.0,3,8,0,2,2,0.0,0.1333768367767334,0.0
20260213_151714,CE_NAIVE,6150,1,61500001,100.0,100.0,4,12,0,3,3,0.0,0.13284683227539062,0.0
20260213_151714,CE_NAIVE,6150,1,61500001,100.0,100.0,5,16,0,1,1,0.0,0.12860679626464844,0.0
20260213_151714,CE_NAIVE,6150,1,61500001,100.0,100.0,6,20,0,7,5,15.0,0.23439788818359375,736.6666666666666
20260213_151714,CE_NAIVE,6150,1,61500001,100.0,100.0,7,24,2,9,5,25.0,0.8721950054168701,720.0
20260213_151714,CE_NAIVE,6150,1,61500001,100.0,100.0,8,28,3,5,4,4.0,0.14541912078857422,500.0
20260213_151714,CE_NAIVE,6150,1,61500001,100.0,100.0,9,32,4,3,3,6.0,0.1408371925354004,100.0
20260213_151714,CE_NAIVE,6150,1,61500001,100.0,100.0,10,36,5,5,5,9.0,0.14565086364746094,535.0
20260213_151714,CE_NAIVE,6150,1,61500001,100.0,100.0,11,40,6,6,3,12.0,0.14935898780822754,860.0
20260213_151714,CE_NAIVE,6150,1,61500001,100.0,100.0,12,44,5,6,2,16.0,0.14644908905029297,860.0
20260213_151714,CE_NAIVE,6150,1,61500001,100.0,100.0,13,48,3,10,4,24.0,0.2543919086456299,440.0
20260213_151714,CE_NAIVE,6150,1,61500001,100.0,100.0,14,52,4,13,4,36.0,0.49968600273132324,680.0
20260213_151714,CE_NAIVE,6150,1,61500001,100.0,100.0,15,56,4,11,6,92.0,0.3574709892272949,2520.0
20260213_151714,CE_NAIVE,6150,1,61500001,100.0,100.0,16,60,6,8,5,40.0,0.3661038875579834,1440.0
20260213_151714,CE_NAIVE,5660,1,56600001,100.0,100.0,1,0,0,1,1,0.0,0.1293010711669922,0.0
20260213_151714,CE_NAIVE,5660,1,56600001,100.0,100.0,2,4,0,1,1,0.0,0.12940406799316406,0.0
20260213_151714,CE_NAIVE,5660,1,56600001,100.0,100.0,3,8,0,2,2,0.0,0.13354206085205078,0.0
20260213_151714,CE_NAIVE,5660,1,56600001,100.0,100.0,4,12,0,3,3,0.0,0.13308382034301758,0.0
20260213_151714,CE_NAIVE,5660,1,56600001,100.0,100.0,5,16,0,1,1,0.0,0.13921785354614258,0.0
20260213_151714,CE_NAIVE,5660,1,56600001,100.0,100.0,6,20,0,7,5,15.0,0.23403286933898926,736.6666666666666
20260213_151714,CE_NAIVE,5660,1,56600001,100.0,100.0,7,24,2,9,5,25.0,0.8472650051116943,895.0
20260213_151714,CE_NAIVE,5660,1,56600001,100.0,100.0,8,28,4,5,4,4.0,0.167525053024292,360.0
20260213_151714,CE_NAIVE,5660,1,56600001,100.0,100.0,9,32,4,3,3,6.0,0.14144611358642578,240.0
20260213_151714,CE_NAIVE,5660,1,56600001,100.0,100.0,10,36,5,5,5,9.0,0.14573884010314941,535.0
20260213_151714,CE_NAIVE,5660,1,56600001,100.0,100.0,11,40,6,6,5,26.0,0.14973092079162598,1135.0
20260213_151714,CE_NAIVE,5660,1,56600001,100.0,100.0,12,44,7,4,4,18.0,0.1461019515991211,1500.0
20260213_151714,CE_NAIVE,5660,1,56600001,100.0,100.0,13,48,7,6,4,32.0,0.15134191513061523,700.0
20260213_151714,CE_NAIVE,5660,1,56600001,100.0,100.0,14,52,7,9,4,50.0,0.2589731216430664,1590.0
20260213_151714,CE_NAIVE,5660,1,56600001,100.0,100.0,15,56,7,7,5,39.0,0.2677419185638428,1500.0
20260213_151714,CE_NAIVE,5660,1,56600001,100.0,100.0,16,60,8,5,4,36.0,0.1664578914642334,1360.0
20260213_151714,CE_NAIVE,1036,1,10360001,100.0,100.0,1,0,0,1,1,0.0,0.13297605514526367,0.0
20260213_151714,CE_NAIVE,1036,1,10360001,100.0,100.0,2,4,0,1,1,0.0,0.1293489933013916,0.0
20260213_151714,CE_NAIVE,1036,1,10360001,100.0,100.0,3,8,0,2,2,0.0,0.13386106491088867,0.0
20260213_151714,CE_NAIVE,1036,1,10360001,100.0,100.0,4,12,0,3,3,0.0,0.13433408737182617,0.0
20260213_151714,CE_NAIVE,1036,1,10360001,100.0,100.0,5,16,0,1,1,0.0,0.12980413436889648,0.0
20260213_151714,CE_NAIVE,1036,1,10360001,100.0,100.0,6,20,0,7,5,15.0,0.2341160774230957,736.6666666666666
20260213_151714,CE_NAIVE,1036,1,10360001,100.0,100.0,7,24,2,9,5,25.0,0.8507730960845947,985.0
20260213_151714,CE_NAIVE,1036,1,10360001,100.0,100.0,8,28,4,5,4,4.0,0.14214801788330078,500.0
20260213_151714,CE_NAIVE,1036,1,10360001,100.0,100.0,9,32,4,3,3,6.0,0.14147210121154785,100.0
20260213_151714,CE_NAIVE,1036,1,10360001,100.0,100.0,10,36,5,5,5,9.0,0.1468050479888916,535.0
20260213_151714,CE_NAIVE,1036,1,10360001,100.0,100.0,11,40,6,6,4,16.0,0.17322993278503418,790.0
20260213_151714,CE_NAIVE,1036,1,10360001,100.0,100.0,12,44,6,5,4,20.0,0.14546704292297363,1220.0
20260213_151714,CE_NAIVE,1036,1,10360001,100.0,100.0,13,48,6,7,5,45.0,0.1519451141357422,1563.3333333333335
20260213_151714,CE_NAIVE,1036,1,10360001,100.0,100.0,14,52,7,9,5,45.0,0.23626995086669922,2120.0
20260213_151714,CE_NAIVE,1036,1,10360001,100.0,100.0,15,56,8,6,4,38.0,0.1465320587158203,550.0
20260213_151714,CE_NAIVE,1036,1,10360001,100.0,100.0,16,60,8,5,3,32.0,0.1416330337524414,1610.0
20260213_151714,CE_NAIVE,7209,1,72090001,100.0,100.0,1,0,0,1,1,0.0,0.12905406951904297,0.0
20260213_151714,CE_NAIVE,7209,1,72090001,100.0,100.0,2,4,0,1,1,0.0,0.12935900688171387,0.0
20260213_151714,CE_NAIVE,7209,1,72090001,100.0,100.0,3,8,0,2,2,0.0,0.13471698760986328,0.0
20260213_151714,CE_NAIVE,7209,1,72090001,100.0,100.0,4,12,0,3,3,0.0,0.13347315788269043,0.0
20260213_151714,CE_NAIVE,7209,1,72090001,100.0,100.0,5,16,0,1,1,0.0,0.12891006469726562,0.0
20260213_151714,CE_NAIVE,7209,1,72090001,100.0,100.0,6,20,0,7,5,15.0,0.26338815689086914,736.6666666666666
20260213_151714,CE_NAIVE,7209,1,72090001,100.0,100.0,7,24,2,9,5,25.0,0.8494839668273926,895.0
20260213_151714,CE_NAIVE,7209,1,72090001,100.0,100.0,8,28,4,5,5,11.0,0.14347195625305176,355.0
20260213_151714,CE_NAIVE,7209,1,72090001,100.0,100.0,9,32,5,2,2,4.0,0.1365351676940918,100.0
20260213_151714,CE_NAIVE,7209,1,72090001,100.0,100.0,10,36,5,5,5,9.0,0.14777493476867676,535.0
20260213_151714,CE_NAIVE,7209,1,72090001,100.0,100.0,11,40,6,6,4,16.0,0.15048003196716309,790.0
20260213_151714,CE_NAIVE,7209,1,72090001,100.0,100.0,12,44,6,5,4,20.0,0.1458120346069336,1220.0
20260213_151714,CE_NAIVE,7209,1,72090001,100.0,100.0,13,48,6,7,4,32.0,0.15160894393920898,880.0
20260213_151714,CE_NAIVE,7209,1,72090001,100.0,100.0,14,52,6,10,4,48.0,0.178757905960083,1480.0
20260213_151714,CE_NAIVE,7209,1,72090001,100.0,100.0,15,56,6,8,5,50.0,0.14611196517944336,1280.0
20260213_151714,CE_NAIVE,7209,1,72090001,100.0,100.0,16,60,7,6,4,32.0,0.14682316780090332,2150.0
20260213_151714,CE_NAIVE,3106,1,31060001,100.0,100.0,1,0,0,1,1,0.0,0.12996411323547363,0.0
20260213_151714,CE_NAIVE,3106,1,31060001,100.0,100.0,2,4,0,1,1,0.0,0.12982606887817383,0.0
20260213_151714,CE_NAIVE,3106,1,31060001,100.0,100.0,3,8,0,2,2,0.0,0.13919901847839355,0.0
20260213_151714,CE_NAIVE,3106,1,31060001,100.0,100.0,4,12,0,3,3,0.0,0.13384699821472168,0.0
20260213_151714,CE_NAIVE,3106,1,31060001,100.0,100.0,5,16,0,1,1,0.0,0.12967300415039062,0.0
20260213_151714,CE_NAIVE,3106,1,31060001,100.0,100.0,6,20,0,7,5,15.0,0.23526597023010254,736.6666666666666
20260213_151714,CE_NAIVE,3106,1,31060001,100.0,100.0,7,24,2,9,5,25.0,0.8541250228881836,1020.0
20260213_151714,CE_NAIVE,3106,1,31060001,100.0,100.0,8,28,3,5,5,13.0,0.16511011123657227,405.0
20260213_151714,CE_NAIVE,3106,1,31060001,100.0,100.0,9,32,5,2,2,4.0,0.13585901260375977,100.0
20260213_151714,CE_NAIVE,3106,1,31060001,100.0,100.0,10,36,5,5,5,9.0,0.14702200889587402,535.0
20260213_151714,CE_NAIVE,3106,1,31060001,100.0,100.0,11,40,6,6,5,26.0,0.15027713775634766,1135.0
20260213_151714,CE_NAIVE,3106,1,31060001,100.0,100.0,12,44,7,4,4,18.0,0.14622712135314941,1500.0
20260213_151714,CE_NAIVE,3106,1,31060001,100.0,100.0,13,48,7,6,5,42.0,0.14943599700927734,1383.3333333333335
20260213_151714,CE_NAIVE,3106,1,31060001,100.0,100.0,14,52,8,8,4,40.0,0.37749695777893066,2160.0
20260213_151714,CE_NAIVE,3106,1,31060001,100.0,100.0,15,56,8,6,4,32.0,0.3085348606109619,1800.0
20260213_151714,CE_NAIVE,3106,1,31060001,100.0,100.0,16,60,8,5,4,36.0,0.16853904724121094,1360.0
20260213_151714,CE_NAIVE,5042,1,50420001,100.0,100.0,1,0,0,1,1,0.0,0.1296250820159912,0.0
20260213_151714,CE_NAIVE,5042,1,50420001,100.0,100.0,2,4,0,1,1,0.0,0.1390361785888672,0.0
20260213_151714,CE_NAIVE,5042,1,50420001,100.0,100.0,3,8,0,2,2,0.0,0.13376712799072266,0.0
20260213_151714,CE_NAIVE,5042,1,50420001,100.0,100.0,4,12,0,3,3,0.0,0.13368487358093262,0.0
20260213_151714,CE_NAIVE,5042,1,50420001,100.0,100.0,5,16,0,1,1,0.0,0.12940597534179688,0.0
20260213_151714,CE_NAIVE,5042,1,50420001,100.0,100.0,6,20,0,7,5,15.0,0.23593521118164062,736.6666666666666
20260213_151714,CE_NAIVE,5042,1,50420001,100.0,100.0,7,24,2,9,5,25.0,0.8516829013824463,1320.0
20260213_151714,CE_NAIVE,5042,1,50420001,100.0,100.0,8,28,3,5,4,4.0,0.25853896141052246,333.3333333333333
20260213_151714,CE_NAIVE,5042,1,50420001,100.0,100.0,9,32,4,3,3,6.0,0.14137578010559082,100.0
20260213_151714,CE_NAIVE,5042,1,50420001,100.0,100.0,10,36,5,5,5,9.0,0.14715099334716797,535.0
20260213_151714,CE_NAIVE,5042,1,50420001,100.0,100.0,11,40,6,6,3,12.0,0.17655205726623535,860.0
20260213_151714,CE_NAIVE,5042,1,50420001,100.0,100.0,12,44,5,6,3,12.0,0.1467430591583252,860.0
20260213_151714,CE_NAIVE,5042,1,50420001,100.0,100.0,13,48,4,9,5,39.0,0.2519059181213379,943.3333333333333
20260213_151714,CE_NAIVE,5042,1,50420001,100.0,100.0,14,52,5,11,4,42.0,0.2604959011077881,960.0
20260213_151714,CE_NAIVE,5042,1,50420001,100.0,100.0,15,56,5,9,5,49.0,0.2834479808807373,2040.0
20260213_151714,CE_NAIVE,5042,1,50420001,100.0,100.0,16,60,6,7,5,45.0,0.2895059585571289,2185.0
20260213_151714,CE_NAIVE,7779,1,77790001,100.0,100.0,1,0,0,1,1,0.0,0.13070893287658691,0.0
20260213_151714,CE_NAIVE,7779,1,77790001,100.0,100.0,2,4,0,1,1,0.0,0.13026189804077148,0.0
20260213_151714,CE_NAIVE,7779,1,77790001,100.0,100.0,3,8,0,2,2,0.0,0.13437318801879883,0.0
20260213_151714,CE_NAIVE,7779,1,77790001,100.0,100.0,4,12,0,3,3,0.0,0.13370704650878906,0.0
20260213_151714,CE_NAIVE,7779,1,77790001,100.0,100.0,5,16,0,1,1,0.0,0.13016510009765625,0.0
20260213_151714,CE_NAIVE,7779,1,77790001,100.0,100.0,6,20,0,7,5,15.0,0.23505401611328125,736.6666666666666
20260213_151714,CE_NAIVE,7779,1,77790001,100.0,100.0,7,24,2,9,5,25.0,0.9084949493408203,895.0
20260213_151714,CE_NAIVE,7779,1,77790001,100.0,100.0,8,28,4,5,4,4.0,0.1420450210571289,360.0
20260213_151714,CE_NAIVE,7779,1,77790001,100.0,100.0,9,32,4,3,3,6.0,0.14182806015014648,240.0
20260213_151714,CE_NAIVE,7779,1,77790001,100.0,100.0,10,36,5,5,5,9.0,0.146697998046875,535.0
20260213_151714,CE_NAIVE,7779,1,77790001,100.0,100.0,11,40,6,6,4,16.0,0.17432403564453125,790.0
20260213_151714,CE_NAIVE,7779,1,77790001,100.0,100.0,12,44,6,5,4,20.0,0.14516878128051758,1220.0
20260213_151714,CE_NAIVE,7779,1,77790001,100.0,100.0,13,48,6,7,5,45.0,0.15359210968017578,1563.3333333333335
20260213_151714,CE_NAIVE,7779,1,77790001,100.0,100.0,14,52,7,9,4,40.0,0.23556900024414062,1840.0
20260213_151714,CE_NAIVE,7779,1,77790001,100.0,100.0,15,56,7,7,5,45.0,0.1521317958831787,3120.0
20260213_151714,CE_NAIVE,7779,1,77790001,100.0,100.0,16,60,8,5,4,36.0,0.146773099899292,1680.0
20260213_151714,CE_NAIVE,2047,1,20470001,100.0,100.0,1,0,0,1,1,0.0,0.12929201126098633,0.0
20260213_151714,CE_NAIVE,2047,1,20470001,100.0,100.0,2,4,0,1,1,0.0,0.1290879249572754,0.0
20260213_151714,CE_NAIVE,2047,1,20470001,100.0,100.0,3,8,0,2,2,0.0,0.13447785377502441,0.0
20260213_151714,CE_NAIVE,2047,1,20470001,100.0,100.0,4,12,0,3,3,0.0,0.13470196723937988,0.0
20260213_151714,CE_NAIVE,2047,1,20470001,100.0,100.0,5,16,0,1,1,0.0,0.12876605987548828,0.0
20260213_151714,CE_NAIVE,2047,1,20470001,100.0,100.0,6,20,0,7,5,15.0,0.2647972106933594,736.6666666666666
20260213_151714,CE_NAIVE,2047,1,20470001,100.0,100.0,7,24,2,9,5,25.0,0.8746540546417236,1020.0
20260213_151714,CE_NAIVE,2047,1,20470001,100.0,100.0,8,28,3,5,4,4.0,0.22915887832641602,360.0
20260213_151714,CE_NAIVE,2047,1,20470001,100.0,100.0,9,32,4,3,3,6.0,0.1366870403289795,170.0
20260213_151714,CE_NAIVE,2047,1,20470001,100.0,100.0,10,36,5,5,4,4.0,0.1461470127105713,720.0
20260213_151714,CE_NAIVE,2047,1,20470001,100.0,100.0,11,40,5,7,4,12.0,0.14584612846374512,573.3333333333334
20260213_151714,CE_NAIVE,2047,1,20470001,100.0,100.0,12,44,5,6,4,18.0,0.14709806442260742,790.0
20260213_151714,CE_NAIVE,2047,1,20470001,100.0,100.0,13,48,5,8,5,44.0,0.14803099632263184,983.3333333333333
20260213_151714,CE_NAIVE,2047,1,20470001,100.0,100.0,14,52,6,10,5,54.0,0.37072300910949707,1590.0
20260213_151714,CE_NAIVE,2047,1,20470001,100.0,100.0,15,56,7,7,5,45.0,0.2670102119445801,1340.0
20260213_151714,CE_NAIVE,2047,1,20470001,100.0,100.0,16,60,8,5,4,36.0,0.14445900917053223,1360.0
20260213_151714,CE_NAIVE,4489,1,44890001,100.0,100.0,1,0,0,1,1,0.0,0.13029694557189941,0.0
20260213_151714,CE_NAIVE,4489,1,44890001,100.0,100.0,2,4,0,1,1,0.0,0.12915992736816406,0.0
20260213_151714,CE_NAIVE,4489,1,44890001,100.0,100.0,3,8,0,2,2,0.0,0.13330698013305664,0.0
20260213_151714,CE_NAIVE,4489,1,44890001,100.0,100.0,4,12,0,3,3,0.0,0.13391804695129395,0.0
20260213_151714,CE_NAIVE,4489,1,44890001,100.0,100.0,5,16,0,1,1,0.0,0.12963604927062988,0.0
20260213_151714,CE_NAIVE,4489,1,44890001,100.0,100.0,6,20,0,7,5,15.0,0.23573803901672363,736.6666666666666
20260213_151714,CE_NAIVE,4489,1,44890001,100.0,100.0,7,24,2,9,5,25.0,0.8663330078125,1070.0
20260213_151714,CE_NAIVE,4489,1,44890001,100.0,100.0,8,28,3,5,4,4.0,0.13943099975585938,360.0
20260213_151714,CE_NAIVE,4489,1,44890001,100.0,100.0,9,32,4,3,2,4.0,0.13558506965637207,500.0
20260213_151714,CE_NAIVE,4489,1,44890001,100.0,100.0,10,36,4,6,5,10.0,0.2752981185913086,1070.0
20260213_151714,CE_NAIVE,4489,1,44890001,100.0,100.0,11,40,5,7,4,12.0,0.2826402187347412,500.0
20260213_151714,CE_NAIVE,4489,1,44890001,100.0,100.0,12,44,5,6,4,18.0,0.24811410903930664,790.0
20260213_151714,CE_NAIVE,4489,1,44890001,100.0,100.0,13,48,5,8,5,44.0,0.40686798095703125,1343.3333333333333
20260213_151714,CE_NAIVE,4489,1,44890001,100.0,100.0,14,52,6,10,4,36.0,0.3156299591064453,1320.0
20260213_151714,CE_NAIVE,4489,1,44890001,100.0,100.0,15,56,6,8,5,44.0,0.41601085662841797,2520.0
20260213_151714,CE_NAIVE,4489,1,44890001,100.0,100.0,16,60,7,6,4,38.0,0.25113701820373535,1610.0
20260213_151714,CE_NAIVE,4902,1,49020001,100.0,100.0,1,0,0,1,1,0.0,0.13088202476501465,0.0
20260213_151714,CE_NAIVE,4902,1,49020001,100.0,100.0,2,4,0,1,1,0.0,0.13006305694580078,0.0
20260213_151714,CE_NAIVE,4902,1,49020001,100.0,100.0,3,8,0,2,2,0.0,0.13320493698120117,0.0
20260213_151714,CE_NAIVE,4902,1,49020001,100.0,100.0,4,12,0,3,3,0.0,0.1341390609741211,0.0
20260213_151714,CE_NAIVE,4902,1,49020001,100.0,100.0,5,16,0,1,1,0.0,0.12978291511535645,0.0
20260213_151714,CE_NAIVE,4902,1,49020001,100.0,100.0,6,20,0,7,5,15.0,0.2457258701324463,736.6666666666666
20260213_151714,CE_NAIVE,4902,1,49020001,100.0,100.0,7,24,2,9,5,25.0,0.8626399040222168,895.0
20260213_151714,CE_NAIVE,4902,1,49020001,100.0,100.0,8,28,4,5,4,4.0,0.14339804649353027,500.0
20260213_151714,CE_NAIVE,4902,1,49020001,100.0,100.0,9,32,4,3,3,6.0,0.14311504364013672,100.0
20260213_151714,CE_NAIVE,4902,1,49020001,100.0,100.0,10,36,5,5,5,9.0,0.17377400398254395,535.0
20260213_151714,CE_NAIVE,4902,1,49020001,100.0,100.0,11,40,6,6,4,16.0,0.15047502517700195,790.0
20260213_151714,CE_NAIVE,4902,1,49020001,100.0,100.0,12,44,6,5,4,20.0,0.15144014358520508,1220.0
20260213_151714,CE_NAIVE,4902,1,49020001,100.0,100.0,13,48,6,7,4,32.0,0.15249204635620117,880.0
20260213_151714,CE_NAIVE,4902,1,49020001,100.0,100.0,14,52,6,10,5,54.0,0.15083599090576172,1590.0
20260213_151714,CE_NAIVE,4902,1,49020001,100.0,100.0,15,56,7,7,5,45.0,0.14713501930236816,1340.0
20260213_151714,CE_NAIVE,4902,1,49020001,100.0,100.0,16,60,8,5,4,36.0,0.1420118808746338,1360.0
20260213_151714,CE_NAIVE,8084,1,80840001,100.0,100.0,1,0,0,1,1,0.0,0.13088393211364746,0.0
20260213_151714,CE_NAIVE,8084,1,80840001,100.0,100.0,2,4,0,1,1,0.0,0.13024187088012695,0.0
20260213_151714,CE_NAIVE,8084,1,80840001,100.0,100.0,3,8,0,2,2,0.0,0.13487720489501953,0.0
20260213_151714,CE_NAIVE,8084,1,80840001,100.0,100.0,4,12,0,3,3,0.0,0.13481593132019043,0.0
20260213_151714,CE_NAIVE,8084,1,80840001,100.0,100.0,5,16,0,1,1,0.0,0.1304149627685547,0.0
20260213_151714,CE_NAIVE,8084,1,80840001,100.0,100.0,6,20,0,7,5,15.0,0.2656121253967285,736.6666666666666
20260213_151714,CE_NAIVE,8084,1,80840001,100.0,100.0,7,24,2,9,5,25.0,0.8571789264678955,1020.0
20260213_151714,CE_NAIVE,8084,1,80840001,100.0,100.0,8,28,3,5,4,4.0,0.14279794692993164,500.0
20260213_151714,CE_NAIVE,8084,1,80840001,100.0,100.0,9,32,4,3,3,6.0,0.1420290470123291,100.0
20260213_151714,CE_NAIVE,8084,1,80840001,100.0,100.0,10,36,5,5,5,9.0,0.1461198329925537,535.0
20260213_151714,CE_NAIVE,8084,1,80840001,100.0,100.0,11,40,6,6,3,12.0,0.15050601959228516,860.0
20260213_151714,CE_NAIVE,8084,1,80840001,100.0,100.0,12,44,5,6,4,18.0,0.14461994171142578,790.0
20260213_151714,CE_NAIVE,8084,1,80840001,100.0,100.0,13,48,5,8,5,44.0,0.14816999435424805,983.3333333333333
20260213_151714,CE_NAIVE,8084,1,80840001,100.0,100.0,14,52,6,10,4,48.0,0.15109491348266602,1480.0
20260213_151714,CE_NAIVE,8084,1,80840001,100.0,100.0,15,56,6,8,5,50.0,0.1470959186553955,1280.0
20260213_151714,CE_NAIVE,8084,1,80840001,100.0,100.0,16,60,7,6,4,32.0,0.17452692985534668,2150.0
20260213_151714,CE_NAIVE,6811,1,68110001,100.0,100.0,1,0,0,1,1,0.0,0.12999677658081055,0.0
20260213_151714,CE_NAIVE,6811,1,68110001,100.0,100.0,2,4,0,1,1,0.0,0.13003206253051758,0.0
20260213_151714,CE_NAIVE,6811,1,68110001,100.0,100.0,3,8,0,2,2,0.0,0.16062498092651367,0.0
20260213_151714,CE_NAIVE,6811,1,68110001,100.0,100.0,4,12,0,3,3,0.0,0.1342179775238037,0.0
20260213_151714,CE_NAIVE,6811,1,68110001,100.0,100.0,5,16,0,1,1,0.0,0.130079984664917,0.0
20260213_151714,CE_NAIVE,6811,1,68110001,100.0,100.0,6,20,0,7,5,15.0,0.23496603965759277,736.6666666666666
20260213_151714,CE_NAIVE,6811,1,68110001,100.0,100.0,7,24,2,9,5,25.0,0.862170934677124,835.0
20260213_151714,CE_NAIVE,6811,1,68110001,100.0,100.0,8,28,4,5,5,11.0,0.14280915260314941,145.0
20260213_151714,CE_NAIVE,6811,1,68110001,100.0,100.0,9,32,5,2,2,4.0,0.1365818977355957,100.0
20260213_151714,CE_NAIVE,6811,1,68110001,100.0,100.0,10,36,5,5,5,9.0,0.14701199531555176,535.0
20260213_151714,CE_NAIVE,6811,1,68110001,100.0,100.0,11,40,6,6,4,16.0,0.1518080234527588,790.0
20260213_151714,CE_NAIVE,6811,1,68110001,100.0,100.0,12,44,6,5,4,20.0,0.1713249683380127,1220.0
20260213_151714,CE_NAIVE,6811,1,68110001,100.0,100.0,13,48,6,7,5,45.0,0.15361905097961426,1563.3333333333335
20260213_151714,CE_NAIVE,6811,1,68110001,100.0,100.0,14,52,7,9,5,45.0,0.2364501953125,2120.0
20260213_151714,CE_NAIVE,6811,1,68110001,100.0,100.0,15,56,8,6,5,50.0,0.14640212059020996,1450.0
20260213_151714,CE_NAIVE,6811,1,68110001,100.0,100.0,16,60,9,4,4,30.0,0.23887085914611816,900.0
20260213_151714,CE_NAIVE,2732,1,27320001,100.0,100.0,1,0,0,1,1,0.0,0.12989187240600586,0.0
20260213_151714,CE_NAIVE,2732,1,27320001,100.0,100.0,2,4,0,1,1,0.0,0.12979984283447266,0.0
20260213_151714,CE_NAIVE,2732,1,27320001,100.0,100.0,3,8,0,2,2,0.0,0.13419103622436523,0.0
20260213_151714,CE_NAIVE,2732,1,27320001,100.0,100.0,4,12,0,3,3,0.0,0.13413500785827637,0.0
20260213_151714,CE_NAIVE,2732,1,27320001,100.0,100.0,5,16,0,1,1,0.0,0.12993693351745605,0.0
20260213_151714,CE_NAIVE,2732,1,27320001,100.0,100.0,6,20,0,7,5,15.0,0.26701998710632324,736.6666666666666
20260213_151714,CE_NAIVE,2732,1,27320001,100.0,100.0,7,24,2,9,5,25.0,0.8684191703796387,1320.0
20260213_151714,CE_NAIVE,2732,1,27320001,100.0,100.0,8,28,3,5,4,4.0,0.23418402671813965,333.3333333333333
20260213_151714,CE_NAIVE,2732,1,27320001,100.0,100.0,9,32,4,3,3,6.0,0.14165091514587402,100.0
20260213_151714,CE_NAIVE,2732,1,27320001,100.0,100.0,10,36,5,5,5,9.0,0.14829707145690918,535.0
20260213_151714,CE_NAIVE,2732,1,27320001,100.0,100.0,11,40,6,6,4,16.0,0.15060901641845703,790.0
20260213_151714,CE_NAIVE,2732,1,27320001,100.0,100.0,12,44,6,5,3,16.0,0.14636993408203125,1290.0
20260213_151714,CE_NAIVE,2732,1,27320001,100.0,100.0,13,48,5,8,5,44.0,0.27997589111328125,1343.3333333333333
20260213_151714,CE_NAIVE,2732,1,27320001,100.0,100.0,14,52,6,10,5,42.0,0.41236209869384766,1880.0
20260213_151714,CE_NAIVE,2732,1,27320001,100.0,100.0,15,56,7,7,5,51.0,0.28175783157348633,600.0
20260213_151714,CE_NAIVE,2732,1,27320001,100.0,100.0,16,60,8,5,4,36.0,0.14053893089294434,1360.0
20260213_151714,CE_NAIVE,3069,1,30690001,100.0,100.0,1,0,0,1,1,0.0,0.130295991897583,0.0
20260213_151714,CE_NAIVE,3069,1,30690001,100.0,100.0,2,4,0,1,1,0.0,0.12983393669128418,0.0
20260213_151714,CE_NAIVE,3069,1,30690001,100.0,100.0,3,8,0,2,2,0.0,0.13315391540527344,0.0
20260213_151714,CE_NAIVE,3069,1,30690001,100.0,100.0,4,12,0,3,3,0.0,0.1340348720550537,0.0
20260213_151714,CE_NAIVE,3069,1,30690001,100.0,100.0,5,16,0,1,1,0.0,0.12948203086853027,0.0
20260213_151714,CE_NAIVE,3069,1,30690001,100.0,100.0,6,20,0,7,5,15.0,0.236069917678833,736.6666666666666
20260213_151714,CE_NAIVE,3069,1,30690001,100.0,100.0,7,24,2,9,5,25.0,0.8670320510864258,835.0
20260213_151714,CE_NAIVE,3069,1,30690001,100.0,100.0,8,28,4,5,4,4.0,0.14420199394226074,500.0
20260213_151714,CE_NAIVE,3069,1,30690001,100.0,100.0,9,32,4,3,3,6.0,0.16633296012878418,100.0
20260213_151714,CE_NAIVE,3069,1,30690001,100.0,100.0,10,36,5,5,5,9.0,0.1467280387878418,535.0
20260213_151714,CE_NAIVE,3069,1,30690001,100.0,100.0,11,40,6,6,5,26.0,0.15061402320861816,1135.0
20260213_151714,CE_NAIVE,3069,1,30690001,100.0,100.0,12,44,7,4,4,18.0,0.14574408531188965,1500.0
20260213_151714,CE_NAIVE,3069,1,30690001,100.0,100.0,13,48,7,6,3,28.0,0.15138578414916992,880.0
20260213_151714,CE_NAIVE,3069,1,30690001,100.0,100.0,14,52,6,10,4,48.0,0.1520380973815918,1480.0
20260213_151714,CE_NAIVE,3069,1,30690001,100.0,100.0,15,56,6,8,5,50.0,0.14730191230773926,1280.0
20260213_151714,CE_NAIVE,3069,1,30690001,100.0,100.0,16,60,7,6,4,32.0,0.14545702934265137,2150.0
20260213_151714,CE_NAIVE,4457,1,44570001,100.0,100.0,1,0,0,1,1,0.0,0.13035202026367188,0.0
20260213_151714,CE_NAIVE,4457,1,44570001,100.0,100.0,2,4,0,1,1,0.0,0.13012909889221191,0.0
20260213_151714,CE_NAIVE,4457,1,44570001,100.0,100.0,3,8,0,2,2,0.0,0.16408801078796387,0.0
20260213_151714,CE_NAIVE,4457,1,44570001,100.0,100.0,4,12,0,3,3,0.0,0.1436018943786621,0.0
20260213_151714,CE_NAIVE,4457,1,44570001,100.0,100.0,5,16,0,1,1,0.0,0.1291370391845703,0.0
20260213_151714,CE_NAIVE,4457,1,44570001,100.0,100.0,6,20,0,7,5,15.0,0.23575782775878906,736.6666666666666
20260213_151714,CE_NAIVE,4457,1,44570001,100.0,100.0,7,24,2,9,5,25.0,0.8580770492553711,985.0
20260213_151714,CE_NAIVE,4457,1,44570001,100.0,100.0,8,28,4,5,4,4.0,0.14327502250671387,500.0
20260213_151714,CE_NAIVE,4457,1,44570001,100.0,100.0,9,32,4,3,3,6.0,0.14153409004211426,100.0
20260213_151714,CE_NAIVE,4457,1,44570001,100.0,100.0,10,36,5,5,5,9.0,0.1468031406402588,535.0
20260213_151714,CE_NAIVE,4457,1,44570001,100.0,100.0,11,40,6,6,4,16.0,0.15047717094421387,1290.0
20260213_151714,CE_NAIVE,4457,1,44570001,100.0,100.0,12,44,6,5,4,20.0,0.14681601524353027,1220.0
20260213_151714,CE_NAIVE,4457,1,44570001,100.0,100.0,13,48,6,7,4,32.0,0.1425328254699707,880.0
20260213_151714,CE_NAIVE,4457,1,44570001,100.0,100.0,14,52,6,10,4,48.0,0.18335199356079102,1480.0
20260213_151714,CE_NAIVE,4457,1,44570001,100.0,100.0,15,56,6,8,5,50.0,0.1471080780029297,1280.0
20260213_151714,CE_NAIVE,4457,1,44570001,100.0,100.0,16,60,7,6,4,32.0,0.146575927734375,2150.0
20260213_151714,CE_NAIVE,5680,1,56800001,100.0,100.0,1,0,0,1,1,0.0,0.13008499145507812,0.0
20260213_151714,CE_NAIVE,5680,1,56800001,100.0,100.0,2,4,0,1,1,0.0,0.1300508975982666,0.0
20260213_151714,CE_NAIVE,5680,1,56800001,100.0,100.0,3,8,0,2,2,0.0,0.1345081329345703,0.0
20260213_151714,CE_NAIVE,5680,1,56800001,100.0,100.0,4,12,0,3,3,0.0,0.13385701179504395,0.0
20260213_151714,CE_NAIVE,5680,1,56800001,100.0,100.0,5,16,0,1,1,0.0,0.13010501861572266,0.0
20260213_151714,CE_NAIVE,5680,1,56800001,100.0,100.0,6,20,0,7,5,15.0,0.23770785331726074,736.6666666666666
20260213_151714,CE_NAIVE,5680,1,56800001,100.0,100.0,7,24,2,9,5,25.0,0.8671112060546875,895.0
20260213_151714,CE_NAIVE,5680,1,56800001,100.0,100.0,8,28,3,5,4,4.0,0.14532685279846191,360.0
20260213_151714,CE_NAIVE,5680,1,56800001,100.0,100.0,9,32,4,3,3,6.0,0.1664440631866455,240.0
20260213_151714,CE_NAIVE,5680,1,56800001,100.0,100.0,10,36,5,5,5,9.0,0.1464850902557373,535.0
20260213_151714,CE_NAIVE,5680,1,56800001,100.0,100.0,11,40,6,6,4,16.0,0.1507549285888672,790.0
20260213_151714,CE_NAIVE,5680,1,56800001,100.0,100.0,12,44,6,5,4,20.0,0.1465590000152588,1360.0
20260213_151714,CE_NAIVE,5680,1,56800001,100.0,100.0,13,48,6,7,5,45.0,0.15261101722717285,1563.3333333333335
20260213_151714,CE_NAIVE,5680,1,56800001,100.0,100.0,14,52,7,9,4,40.0,0.23602509498596191,2160.0
20260213_151714,CE_NAIVE,5680,1,56800001,100.0,100.0,15,56,7,7,5,45.0,0.2509419918060303,1920.0
20260213_151714,CE_NAIVE,5680,1,56800001,100.0,100.0,16,60,8,5,4,36.0,0.14116907119750977,1360.0
20260213_151714,CE_NAIVE,6485,1,64850001,100.0,100.0,1,0,0,1,1,0.0,0.13033413887023926,0.0
20260213_151714,CE_NAIVE,6485,1,64850001,100.0,100.0,2,4,0,1,1,0.0,0.1613779067993164,0.0
20260213_151714,CE_NAIVE,6485,1,64850001,100.0,100.0,3,8,0,2,2,0.0,0.13378000259399414,0.0
20260213_151714,CE_NAIVE,6485,1,64850001,100.0,100.0,4,12,0,3,3,0.0,0.13422894477844238,0.0
20260213_151714,CE_NAIVE,6485,1,64850001,100.0,100.0,5,16,0,1,1,0.0,0.1311969757080078,0.0
20260213_151714,CE_NAIVE,6485,1,64850001,100.0,100.0,6,20,0,7,5,15.0,0.23730802536010742,736.6666666666666
20260213_151714,CE_NAIVE,6485,1,64850001,100.0,100.0,7,24,2,9,5,25.0,0.8662669658660889,1070.0
20260213_151714,CE_NAIVE,6485,1,64850001,100.0,100.0,8,28,3,5,4,4.0,0.21873903274536133,500.0
20260213_151714,CE_NAIVE,6485,1,64850001,100.0,100.0,9,32,4,3,3,6.0,0.14088797569274902,100.0
20260213_151714,CE_NAIVE,6485,1,64850001,100.0,100.0,10,36,5,5,5,9.0,0.14595794677734375,535.0
20260213_151714,CE_NAIVE,6485,1,64850001,100.0,100.0,11,40,6,6,4,16.0,0.15123796463012695,790.0
20260213_151714,CE_NAIVE,6485,1,64850001,100.0,100.0,12,44,6,5,3,16.0,0.14622211456298828,1290.0
20260213_151714,CE_NAIVE,6485,1,64850001,100.0,100.0,13,48,5,8,5,44.0,0.1819908618927002,1343.3333333333333
20260213_151714,CE_NAIVE,6485,1,64850001,100.0,100.0,14,52,6,10,5,42.0,0.2413930892944336,1880.0
20260213_151714,CE_NAIVE,6485,1,64850001,100.0,100.0,15,56,7,7,5,51.0,0.15329909324645996,600.0
20260213_151714,CE_NAIVE,6485,1,64850001,100.0,100.0,16,60,8,5,4,36.0,0.1421658992767334,1360.0
20260213_151714,CE_NAIVE,3287,1,32870001,100.0,100.0,1,0,0,1,1,0.0,0.13037896156311035,0.0
20260213_151714,CE_NAIVE,3287,1,32870001,100.0,100.0,2,4,0,1,1,0.0,0.12998509407043457,0.0
20260213_151714,CE_NAIVE,3287,1,32870001,100.0,100.0,3,8,0,2,2,0.0,0.13591289520263672,0.0
20260213_151714,CE_NAIVE,3287,1,32870001,100.0,100.0,4,12,0,3,3,0.0,0.13382792472839355,0.0
20260213_151714,CE_NAIVE,3287,1,32870001,100.0,100.0,5,16,0,1,1,0.0,0.1298520565032959,0.0
20260213_151714,CE_NAIVE,3287,1,32870001,100.0,100.0,6,20,0,7,5,15.0,0.23626995086669922,736.6666666666666
20260213_151714,CE_NAIVE,3287,1,32870001,100.0,100.0,7,24,2,9,5,25.0,0.8756871223449707,1020.0
20260213_151714,CE_NAIVE,3287,1,32870001,100.0,100.0,8,28,4,5,4,4.0,0.17259597778320312,360.0
20260213_151714,CE_NAIVE,3287,1,32870001,100.0,100.0,9,32,4,3,3,6.0,0.13681697845458984,170.0
20260213_151714,CE_NAIVE,3287,1,32870001,100.0,100.0,10,36,5,5,5,9.0,0.1481330394744873,535.0
20260213_151714,CE_NAIVE,3287,1,32870001,100.0,100.0,11,40,6,6,5,26.0,0.15066194534301758,1135.0
20260213_151714,CE_NAIVE,3287,1,32870001,100.0,100.0,12,44,7,4,4,18.0,0.14632487297058105,1500.0
20260213_151714,CE_NAIVE,3287,1,32870001,100.0,100.0,13,48,7,6,4,32.0,0.1506359577178955,1460.0
20260213_151714,CE_NAIVE,3287,1,32870001,100.0,100.0,14,52,7,9,5,45.0,0.2385721206665039,2120.0
20260213_151714,CE_NAIVE,3287,1,32870001,100.0,100.0,15,56,8,6,5,50.0,0.14621210098266602,1450.0
20260213_151714,CE_NAIVE,3287,1,32870001,100.0,100.0,16,60,9,4,4,30.0,0.1414198875427246,900.0
20260213_151714,CE_NAIVE,8179,1,81790001,100.0,100.0,1,0,0,1,1,0.0,0.13098812103271484,0.0
20260213_151714,CE_NAIVE,8179,1,81790001,100.0,100.0,2,4,0,1,1,0.0,0.12966489791870117,0.0
20260213_151714,CE_NAIVE,8179,1,81790001,100.0,100.0,3,8,0,2,2,0.0,0.16700291633605957,0.0
20260213_151714,CE_NAIVE,8179,1,81790001,100.0,100.0,4,12,0,3,3,0.0,0.1339719295501709,0.0
20260213_151714,CE_NAIVE,8179,1,81790001,100.0,100.0,5,16,0,1,1,0.0,0.13035297393798828,0.0
20260213_151714,CE_NAIVE,8179,1,81790001,100.0,100.0,6,20,0,7,5,15.0,0.23644590377807617,736.6666666666666
20260213_151714,CE_NAIVE,8179,1,81790001,100.0,100.0,7,24,2,9,5,25.0,0.8630669116973877,720.0
20260213_151714,CE_NAIVE,8179,1,81790001,100.0,100.0,8,28,3,5,4,4.0,0.1454639434814453,500.0
20260213_151714,CE_NAIVE,8179,1,81790001,100.0,100.0,9,32,4,3,3,6.0,0.14215588569641113,100.0
20260213_151714,CE_NAIVE,8179,1,81790001,100.0,100.0,10,36,5,5,4,4.0,0.1465318202972412,720.0
20260213_151714,CE_NAIVE,8179,1,81790001,100.0,100.0,11,40,5,7,4,12.0,0.14545798301696777,573.3333333333334
20260213_151714,CE_NAIVE,8179,1,81790001,100.0,100.0,12,44,5,6,4,18.0,0.14556407928466797,790.0
20260213_151714,CE_NAIVE,8179,1,81790001,100.0,100.0,13,48,5,8,4,40.0,0.14965605735778809,1213.3333333333333
20260213_151714,CE_NAIVE,8179,1,81790001,100.0,100.0,14,52,6,11,4,52.0,0.29050612449645996,1210.0
20260213_151714,CE_NAIVE,8179,1,81790001,100.0,100.0,15,56,6,9,5,55.0,0.24042701721191406,1220.0
20260213_151714,CE_NAIVE,8179,1,81790001,100.0,100.0,16,60,7,7,5,39.0,0.2531318664550781,1480.0
20260213_151714,CE_NAIVE,9249,1,92490001,100.0,100.0,1,0,0,1,1,0.0,0.14054107666015625,0.0
20260213_151714,CE_NAIVE,9249,1,92490001,100.0,100.0,2,4,0,1,1,0.0,0.1300349235534668,0.0
20260213_151714,CE_NAIVE,9249,1,92490001,100.0,100.0,3,8,0,2,2,0.0,0.13433003425598145,0.0
20260213_151714,CE_NAIVE,9249,1,92490001,100.0,100.0,4,12,0,3,3,0.0,0.13358688354492188,0.0
20260213_151714,CE_NAIVE,9249,1,92490001,100.0,100.0,5,16,0,1,1,0.0,0.1294999122619629,0.0
20260213_151714,CE_NAIVE,9249,1,92490001,100.0,100.0,6,20,0,7,5,15.0,0.23698997497558594,736.6666666666666
20260213_151714,CE_NAIVE,9249,1,92490001,100.0,100.0,7,24,2,9,5,25.0,0.8698568344116211,835.0
20260213_151714,CE_NAIVE,9249,1,92490001,100.0,100.0,8,28,3,5,4,4.0,0.17563486099243164,500.0
20260213_151714,CE_NAIVE,9249,1,92490001,100.0,100.0,9,32,4,3,3,6.0,0.14184999465942383,100.0
20260213_151714,CE_NAIVE,9249,1,92490001,100.0,100.0,10,36,5,5,5,9.0,0.14715099334716797,535.0
20260213_151714,CE_NAIVE,9249,1,92490001,100.0,100.0,11,40,6,6,3,12.0,0.15343809127807617,860.0
20260213_151714,CE_NAIVE,9249,1,92490001,100.0,100.0,12,44,5,6,4,18.0,0.14675116539001465,790.0
20260213_151714,CE_NAIVE,9249,1,92490001,100.0,100.0,13,48,5,8,5,44.0,0.14857196807861328,983.3333333333333
20260213_151714,CE_NAIVE,9249,1,92490001,100.0,100.0,14,52,6,10,5,54.0,0.1525561809539795,1590.0
20260213_151714,CE_NAIVE,9249,1,92490001,100.0,100.0,15,56,7,7,5,45.0,0.23936104774475098,1340.0
20260213_151714,CE_NAIVE,9249,1,92490001,100.0,100.0,16,60,8,5,4,36.0,0.14220499992370605,1360.0
20260213_151714,CE_NAIVE,8304,1,83040001,100.0,100.0,1,0,0,1,1,0.0,0.12976598739624023,0.0
20260213_151714,CE_NAIVE,8304,1,83040001,100.0,100.0,2,4,0,1,1,0.0,0.16199612617492676,0.0
20260213_151714,CE_NAIVE,8304,1,83040001,100.0,100.0,3,8,0,2,2,0.0,0.13453006744384766,0.0
20260213_151714,CE_NAIVE,8304,1,83040001,100.0,100.0,4,12,0,3,3,0.0,0.13524818420410156,0.0
20260213_151714,CE_NAIVE,8304,1,83040001,100.0,100.0,5,16,0,1,1,0.0,0.13045597076416016,0.0
20260213_151714,CE_NAIVE,8304,1,83040001,100.0,100.0,6,20,0,7,5,15.0,0.2381579875946045,736.6666666666666
20260213_151714,CE_NAIVE,8304,1,83040001,100.0,100.0,7,24,2,9,5,25.0,0.8679759502410889,1020.0
20260213_151714,CE_NAIVE,8304,1,83040001,100.0,100.0,8,28,4,5,4,4.0,0.2417011260986328,360.0
20260213_151714,CE_NAIVE,8304,1,83040001,100.0,100.0,9,32,4,3,3,6.0,0.1421971321105957,240.0
20260213_151714,CE_NAIVE,8304,1,83040001,100.0,100.0,10,36,5,5,4,4.0,0.14702296257019043,1000.0
20260213_151714,CE_NAIVE,8304,1,83040001,100.0,100.0,11,40,5,7,4,12.0,0.15426182746887207,500.0
20260213_151714,CE_NAIVE,8304,1,83040001,100.0,100.0,12,44,5,6,4,18.0,0.14673709869384766,790.0
20260213_151714,CE_NAIVE,8304,1,83040001,100.0,100.0,13,48,5,8,4,28.0,0.27193379402160645,840.0
20260213_151714,CE_NAIVE,8304,1,83040001,100.0,100.0,14,52,5,11,4,28.0,0.3162119388580322,1040.0
20260213_151714,CE_NAIVE,8304,1,83040001,100.0,100.0,15,56,5,9,6,90.0,0.25295090675354004,1580.0
20260213_151714,CE_NAIVE,8304,1,83040001,100.0,100.0,16,60,7,6,4,32.0,0.24149394035339355,893.3333333333333
20260213_151714,CE_NAIVE,378,1,3780001,100.0,100.0,1,0,0,1,1,0.0,0.12952899932861328,0.0
20260213_151714,CE_NAIVE,378,1,3780001,100.0,100.0,2,4,0,1,1,0.0,0.12971806526184082,0.0
20260213_151714,CE_NAIVE,378,1,3780001,100.0,100.0,3,8,0,2,2,0.0,0.13411498069763184,0.0
20260213_151714,CE_NAIVE,378,1,3780001,100.0,100.0,4,12,0,3,3,0.0,0.1435530185699463,0.0
20260213_151714,CE_NAIVE,378,1,3780001,100.0,100.0,5,16,0,1,1,0.0,0.12968802452087402,0.0
20260213_151714,CE_NAIVE,378,1,3780001,100.0,100.0,6,20,0,7,5,15.0,0.270129919052124,736.6666666666666
20260213_151714,CE_NAIVE,378,1,3780001,100.0,100.0,7,24,2,9,5,25.0,0.8631389141082764,720.0
20260213_151714,CE_NAIVE,378,1,3780001,100.0,100.0,8,28,3,5,4,4.0,0.14546704292297363,500.0
20260213_151714,CE_NAIVE,378,1,3780001,100.0,100.0,9,32,4,3,3,6.0,0.14154887199401855,100.0
20260213_151714,CE_NAIVE,378,1,3780001,100.0,100.0,10,36,5,5,5,9.0,0.14635992050170898,535.0
20260213_151714,CE_NAIVE,378,1,3780001,100.0,100.0,11,40,6,6,3,12.0,0.15070581436157227,860.0
20260213_151714,CE_NAIVE,378,1,3780001,100.0,100.0,12,44,5,6,3,12.0,0.1473221778869629,860.0
20260213_151714,CE_NAIVE,378,1,3780001,100.0,100.0,13,48,4,9,5,39.0,0.14952707290649414,943.3333333333333
20260213_151714,CE_NAIVE,378,1,3780001,100.0,100.0,14,52,5,11,4,42.0,0.15702319145202637,960.0
20260213_151714,CE_NAIVE,378,1,3780001,100.0,100.0,15,56,5,9,5,49.0,0.19114303588867188,2040.0
20260213_151714,CE_NAIVE,378,1,3780001,100.0,100.0,16,60,6,7,5,45.0,0.15314388275146484,2185.0
20260213_151714,CE_NAIVE,5168,1,51680001,100.0,100.0,1,0,0,1,1,0.0,0.12994384765625,0.0
20260213_151714,CE_NAIVE,5168,1,51680001,100.0,100.0,2,4,0,1,1,0.0,0.13021111488342285,0.0
20260213_151714,CE_NAIVE,5168,1,51680001,100.0,100.0,3,8,0,2,2,0.0,0.13443493843078613,0.0
20260213_151714,CE_NAIVE,5168,1,51680001,100.0,100.0,4,12,0,3,3,0.0,0.13469195365905762,0.0
20260213_151714,CE_NAIVE,5168,1,51680001,100.0,100.0,5,16,0,1,1,0.0,0.13013505935668945,0.0
20260213_151714,CE_NAIVE,5168,1,51680001,100.0,100.0,6,20,0,7,5,15.0,0.23660683631896973,736.6666666666666
20260213_151714,CE_NAIVE,5168,1,51680001,100.0,100.0,7,24,2,9,5,25.0,0.8709008693695068,1320.0
20260213_151714,CE_NAIVE,5168,1,51680001,100.0,100.0,8,28,4,5,4,4.0,0.2974870204925537,360.0
20260213_151714,CE_NAIVE,5168,1,51680001,100.0,100.0,9,32,4,3,3,6.0,0.1710820198059082,240.0
20260213_151714,CE_NAIVE,5168,1,51680001,100.0,100.0,10,36,5,5,5,9.0,0.14799189567565918,535.0
20260213_151714,CE_NAIVE,5168,1,51680001,100.0,100.0,11,40,6,6,3,12.0,0.15204215049743652,860.0
20260213_151714,CE_NAIVE,5168,1,51680001,100.0,100.0,12,44,5,6,4,18.0,0.14657282829284668,790.0
20260213_151714,CE_NAIVE,5168,1,51680001,100.0,100.0,13,48,5,8,5,44.0,0.14800810813903809,983.3333333333333
20260213_151714,CE_NAIVE,5168,1,51680001,100.0,100.0,14,52,6,10,4,48.0,0.15331602096557617,1480.0
20260213_151714,CE_NAIVE,5168,1,51680001,100.0,100.0,15,56,6,8,5,50.0,0.1487410068511963,1280.0
20260213_151714,CE_NAIVE,5168,1,51680001,100.0,100.0,16,60,7,6,4,32.0,0.1468219757080078,2150.0
20260213_151714,CE_NAIVE,3845,1,38450001,100.0,100.0,1,0,0,1,1,0.0,0.13115406036376953,0.0
20260213_151714,CE_NAIVE,3845,1,38450001,100.0,100.0,2,4,0,1,1,0.0,0.13045120239257812,0.0
20260213_151714,CE_NAIVE,3845,1,38450001,100.0,100.0,3,8,0,2,2,0.0,0.13501405715942383,0.0
20260213_151714,CE_NAIVE,3845,1,38450001,100.0,100.0,4,12,0,3,3,0.0,0.16895198822021484,0.0
20260213_151714,CE_NAIVE,3845,1,38450001,100.0,100.0,5,16,0,1,1,0.0,0.13193988800048828,0.0
20260213_151714,CE_NAIVE,3845,1,38450001,100.0,100.0,6,20,0,7,5,15.0,0.2368919849395752,736.6666666666666
20260213_151714,CE_NAIVE,3845,1,38450001,100.0,100.0,7,24,2,9,5,25.0,0.8710010051727295,720.0
20260213_151714,CE_NAIVE,3845,1,38450001,100.0,100.0,8,28,3,5,4,4.0,0.14539813995361328,500.0
20260213_151714,CE_NAIVE,3845,1,38450001,100.0,100.0,9,32,4,3,3,6.0,0.14347219467163086,100.0
20260213_151714,CE_NAIVE,3845,1,38450001,100.0,100.0,10,36,5,5,5,9.0,0.14744901657104492,535.0
20260213_151714,CE_NAIVE,3845,1,38450001,100.0,100.0,11,40,6,6,4,16.0,0.1520090103149414,790.0
20260213_151714,CE_NAIVE,3845,1,38450001,100.0,100.0,12,44,6,5,4,20.0,0.14643001556396484,1220.0
20260213_151714,CE_NAIVE,3845,1,38450001,100.0,100.0,13,48,6,7,5,45.0,0.15292906761169434,1563.3333333333335
20260213_151714,CE_NAIVE,3845,1,38450001,100.0,100.0,14,52,7,9,4,40.0,0.2399590015411377,1840.0
20260213_151714,CE_NAIVE,3845,1,38450001,100.0,100.0,15,56,7,7,5,45.0,0.18650197982788086,1920.0
20260213_151714,CE_NAIVE,3845,1,38450001,100.0,100.0,16,60,8,5,4,36.0,0.14192795753479004,1360.0
20260213_151714,CE_NAIVE,794,1,7940001,100.0,100.0,1,0,0,1,1,0.0,0.13029003143310547,0.0
20260213_151714,CE_NAIVE,794,1,7940001,100.0,100.0,2,4,0,1,1,0.0,0.13175082206726074,0.0
20260213_151714,CE_NAIVE,794,1,7940001,100.0,100.0,3,8,0,2,2,0.0,0.13993501663208008,0.0
20260213_151714,CE_NAIVE,794,1,7940001,100.0,100.0,4,12,0,3,3,0.0,0.13970708847045898,0.0
20260213_151714,CE_NAIVE,794,1,7940001,100.0,100.0,5,16,0,1,1,0.0,0.13833999633789062,0.0
20260213_151714,CE_NAIVE,794,1,7940001,100.0,100.0,6,20,0,7,5,15.0,0.25935888290405273,736.6666666666666
20260213_151714,CE_NAIVE,794,1,7940001,100.0,100.0,7,24,2,9,5,25.0,0.9056401252746582,835.0
20260213_151714,CE_NAIVE,794,1,7940001,100.0,100.0,8,28,3,5,4,4.0,0.14365601539611816,360.0
20260213_151714,CE_NAIVE,794,1,7940001,100.0,100.0,9,32,4,3,3,6.0,0.14256906509399414,240.0
20260213_151714,CE_NAIVE,794,1,7940001,100.0,100.0,10,36,5,5,5,9.0,0.1489720344543457,535.0
20260213_151714,CE_NAIVE,794,1,7940001,100.0,100.0,11,40,6,6,3,12.0,0.17943596839904785,860.0
20260213_151714,CE_NAIVE,794,1,7940001,100.0,100.0,12,44,5,6,3,12.0,0.14706182479858398,860.0
20260213_151714,CE_NAIVE,794,1,7940001,100.0,100.0,13,48,4,9,5,53.0,0.2545781135559082,983.3333333333333
20260213_151714,CE_NAIVE,794,1,7940001,100.0,100.0,14,52,6,11,4,52.0,0.21275711059570312,1480.0
20260213_151714,CE_NAIVE,794,1,7940001,100.0,100.0,15,56,6,9,5,55.0,0.2414240837097168,1430.0
20260213_151714,CE_NAIVE,794,1,7940001,100.0,100.0,16,60,7,7,5,39.0,0.14762306213378906,1480.0
20260213_151714,CE_NAIVE,5941,1,59410001,100.0,100.0,1,0,0,1,1,0.0,0.1306769847869873,0.0
20260213_151714,CE_NAIVE,5941,1,59410001,100.0,100.0,2,4,0,1,1,0.0,0.1297590732574463,0.0
20260213_151714,CE_NAIVE,5941,1,59410001,100.0,100.0,3,8,0,2,2,0.0,0.16770315170288086,0.0
20260213_151714,CE_NAIVE,5941,1,59410001,100.0,100.0,4,12,0,3,3,0.0,0.1342179775238037,0.0
20260213_151714,CE_NAIVE,5941,1,59410001,100.0,100.0,5,16,0,1,1,0.0,0.12985587120056152,0.0
20260213_151714,CE_NAIVE,5941,1,59410001,100.0,100.0,6,20,0,7,5,15.0,0.2382068634033203,736.6666666666666
20260213_151714,CE_NAIVE,5941,1,59410001,100.0,100.0,7,24,2,9,5,25.0,0.8689908981323242,1020.0
20260213_151714,CE_NAIVE,5941,1,59410001,100.0,100.0,8,28,3,5,4,4.0,0.14425396919250488,360.0
20260213_151714,CE_NAIVE,5941,1,59410001,100.0,100.0,9,32,4,3,3,6.0,0.13658380508422852,170.0
20260213_151714,CE_NAIVE,5941,1,59410001,100.0,100.0,10,36,5,5,4,4.0,0.1474008560180664,720.0
20260213_151714,CE_NAIVE,5941,1,59410001,100.0,100.0,11,40,5,7,4,12.0,0.14617085456848145,573.3333333333334
20260213_151714,CE_NAIVE,5941,1,59410001,100.0,100.0,12,44,5,6,4,18.0,0.15719294548034668,790.0
20260213_151714,CE_NAIVE,5941,1,59410001,100.0,100.0,13,48,5,8,3,32.0,0.1492769718170166,840.0
20260213_151714,CE_NAIVE,5941,1,59410001,100.0,100.0,14,52,5,12,4,32.0,0.4404909610748291,1040.0
20260213_151714,CE_NAIVE,5941,1,59410001,100.0,100.0,15,56,5,10,6,98.0,0.25905418395996094,1520.0
20260213_151714,CE_NAIVE,5941,1,59410001,100.0,100.0,16,60,7,7,5,39.0,0.14851593971252441,1480.0
20260213_151714,CE_NAIVE,1980,1,19800001,100.0,100.0,1,0,0,1,1,0.0,0.12990498542785645,0.0
20260213_151714,CE_NAIVE,1980,1,19800001,100.0,100.0,2,4,0,1,1,0.0,0.13029694557189941,0.0
20260213_151714,CE_NAIVE,1980,1,19800001,100.0,100.0,3,8,0,2,2,0.0,0.13485407829284668,0.0
20260213_151714,CE_NAIVE,1980,1,19800001,100.0,100.0,4,12,0,3,3,0.0,0.1341099739074707,0.0
20260213_151714,CE_NAIVE,1980,1,19800001,100.0,100.0,5,16,0,1,1,0.0,0.13072609901428223,0.0
20260213_151714,CE_NAIVE,1980,1,19800001,100.0,100.0,6,20,0,7,5,15.0,0.2714979648590088,736.6666666666666
20260213_151714,CE_NAIVE,1980,1,19800001,100.0,100.0,7,24,2,9,5,25.0,0.8362541198730469,1020.0
20260213_151714,CE_NAIVE,1980,1,19800001,100.0,100.0,8,28,3,5,4,4.0,0.17871403694152832,360.0
20260213_151714,CE_NAIVE,1980,1,19800001,100.0,100.0,9,32,4,3,3,6.0,0.137037992477417,170.0
20260213_151714,CE_NAIVE,1980,1,19800001,100.0,100.0,10,36,5,5,5,9.0,0.14737701416015625,535.0
20260213_151714,CE_NAIVE,1980,1,19800001,100.0,100.0,11,40,6,6,5,26.0,0.1524651050567627,1135.0
20260213_151714,CE_NAIVE,1980,1,19800001,100.0,100.0,12,44,7,4,4,18.0,0.14722013473510742,1500.0
20260213_151714,CE_NAIVE,1980,1,19800001,100.0,100.0,13,48,7,6,5,42.0,0.15172290802001953,1383.3333333333335
20260213_151714,CE_NAIVE,1980,1,19800001,100.0,100.0,14,52,8,8,4,40.0,0.2939920425415039,2160.0
20260213_151714,CE_NAIVE,1980,1,19800001,100.0,100.0,15,56,8,6,5,42.0,0.15239191055297852,2520.0
20260213_151714,CE_NAIVE,1980,1,19800001,100.0,100.0,16,60,9,4,4,30.0,0.1429131031036377,900.0
20260213_151714,CE_NAIVE,8841,1,88410001,100.0,100.0,1,0,0,1,1,0.0,0.13117694854736328,0.0
20260213_151714,CE_NAIVE,8841,1,88410001,100.0,100.0,2,4,0,1,1,0.0,0.16702914237976074,0.0
20260213_151714,CE_NAIVE,8841,1,88410001,100.0,100.0,3,8,0,2,2,0.0,0.13437294960021973,0.0
20260213_151714,CE_NAIVE,8841,1,88410001,100.0,100.0,4,12,0,3,3,0.0,0.13532805442810059,0.0
20260213_151714,CE_NAIVE,8841,1,88410001,100.0,100.0,5,16,0,1,1,0.0,0.13076186180114746,0.0
20260213_151714,CE_NAIVE,8841,1,88410001,100.0,100.0,6,20,0,7,5,15.0,0.24604415893554688,736.6666666666666
20260213_151714,CE_NAIVE,8841,1,88410001,100.0,100.0,7,24,2,9,5,25.0,0.8718180656433105,1020.0
20260213_151714,CE_NAIVE,8841,1,88410001,100.0,100.0,8,28,4,5,4,4.0,0.1432819366455078,500.0
20260213_151714,CE_NAIVE,8841,1,88410001,100.0,100.0,9,32,4,3,3,6.0,0.14200592041015625,100.0
20260213_151714,CE_NAIVE,8841,1,88410001,100.0,100.0,10,36,5,5,5,9.0,0.1494450569152832,535.0
20260213_151714,CE_NAIVE,8841,1,88410001,100.0,100.0,11,40,6,6,4,16.0,0.15146899223327637,790.0
20260213_151714,CE_NAIVE,8841,1,88410001,100.0,100.0,12,44,6,5,4,20.0,0.14724302291870117,1220.0
20260213_151714,CE_NAIVE,8841,1,88410001,100.0,100.0,13,48,6,7,5,45.0,0.15352606773376465,1563.3333333333335
20260213_151714,CE_NAIVE,8841,1,88410001,100.0,100.0,14,52,7,9,5,45.0,0.2753720283508301,2120.0
20260213_151714,CE_NAIVE,8841,1,88410001,100.0,100.0,15,56,8,6,5,50.0,0.14767694473266602,1450.0
20260213_151714,CE_NAIVE,8841,1,88410001,100.0,100.0,16,60,9,4,4,30.0,0.14219403266906738,900.0
20260213_151714,CE_NAIVE,2134,1,21340001,100.0,100.0,1,0,0,1,1,0.0,0.13120698928833008,0.0
20260213_151714,CE_NAIVE,2134,1,21340001,100.0,100.0,2,4,0,1,1,0.0,0.1322040557861328,0.0
20260213_151714,CE_NAIVE,2134,1,21340001,100.0,100.0,3,8,0,2,2,0.0,0.1352999210357666,0.0
20260213_151714,CE_NAIVE,2134,1,21340001,100.0,100.0,4,12,0,3,3,0.0,0.13488292694091797,0.0
20260213_151714,CE_NAIVE,2134,1,21340001,100.0,100.0,5,16,0,1,1,0.0,0.13135695457458496,0.0
20260213_151714,CE_NAIVE,2134,1,21340001,100.0,100.0,6,20,0,7,5,15.0,0.23803019523620605,736.6666666666666
20260213_151714,CE_NAIVE,2134,1,21340001,100.0,100.0,7,24,2,9,5,25.0,0.8848998546600342,1070.0
20260213_151714,CE_NAIVE,2134,1,21340001,100.0,100.0,8,28,3,5,4,4.0,0.14214587211608887,500.0
20260213_151714,CE_NAIVE,2134,1,21340001,100.0,100.0,9,32,4,3,3,6.0,0.1444380283355713,100.0
20260213_151714,CE_NAIVE,2134,1,21340001,100.0,100.0,10,36,5,5,5,9.0,0.17796683311462402,535.0
20260213_151714,CE_NAIVE,2134,1,21340001,100.0,100.0,11,40,6,6,4,16.0,0.15316414833068848,790.0
20260213_151714,CE_NAIVE,2134,1,21340001,100.0,100.0,12,44,6,5,4,20.0,0.14756989479064941,1220.0
20260213_151714,CE_NAIVE,2134,1,21340001,100.0,100.0,13,48,6,7,5,45.0,0.16494297981262207,1563.3333333333335
20260213_151714,CE_NAIVE,2134,1,21340001,100.0,100.0,14,52,7,9,5,45.0,0.23970699310302734,2120.0
20260213_151714,CE_NAIVE,2134,1,21340001,100.0,100.0,15,56,8,6,4,38.0,0.14803194999694824,550.0
20260213_151714,CE_NAIVE,2134,1,21340001,100.0,100.0,16,60,8,5,4,36.0,0.14370107650756836,1360.0
20260213_151714,CE_NAIVE,7214,1,72140001,100.0,100.0,1,0,0,1,1,0.0,0.1311020851135254,0.0
20260213_151714,CE_NAIVE,7214,1,72140001,100.0,100.0,2,4,0,1,1,0.0,0.1316390037536621,0.0
20260213_151714,CE_NAIVE,7214,1,72140001,100.0,100.0,3,8,0,2,2,0.0,0.13586711883544922,0.0
20260213_151714,CE_NAIVE,7214,1,72140001,100.0,100.0,4,12,0,3,3,0.0,0.13575506210327148,0.0
20260213_151714,CE_NAIVE,7214,1,72140001,100.0,100.0,5,16,0,1,1,0.0,0.18968415260314941,0.0
20260213_151714,CE_NAIVE,7214,1,72140001,100.0,100.0,6,20,0,7,5,15.0,0.2390279769897461,736.6666666666666
20260213_151714,CE_NAIVE,7214,1,72140001,100.0,100.0,7,24,2,9,5,25.0,1.1007599830627441,835.0
20260213_151714,CE_NAIVE,7214,1,72140001,100.0,100.0,8,28,3,5,4,4.0,0.1447749137878418,360.0
20260213_151714,CE_NAIVE,7214,1,72140001,100.0,100.0,9,32,4,3,3,6.0,0.14232182502746582,240.0
20260213_151714,CE_NAIVE,7214,1,72140001,100.0,100.0,10,36,5,5,4,4.0,0.14830899238586426,720.0
20260213_151714,CE_NAIVE,7214,1,72140001,100.0,100.0,11,40,5,7,4,12.0,0.14669108390808105,573.3333333333334
20260213_151714,CE_NAIVE,7214,1,72140001,100.0,100.0,12,44,5,6,3,12.0,0.14862608909606934,860.0
20260213_151714,CE_NAIVE,7214,1,72140001,100.0,100.0,13,48,4,9,5,39.0,0.15044212341308594,943.3333333333333
20260213_151714,CE_NAIVE,7214,1,72140001,100.0,100.0,14,52,5,11,4,42.0,0.15814590454101562,960.0
20260213_151714,CE_NAIVE,7214,1,72140001,100.0,100.0,15,56,5,9,5,49.0,0.1612088680267334,2040.0
20260213_151714,CE_NAIVE,7214,1,72140001,100.0,100.0,16,60,6,7,5,45.0,0.1552278995513916,2185.0
20260213_151714,CE_NAIVE,5987,1,59870001,100.0,100.0,1,0,0,1,1,0.0,0.13174104690551758,0.0
20260213_151714,CE_NAIVE,5987,1,59870001,100.0,100.0,2,4,0,1,1,0.0,0.1310269832611084,0.0
20260213_151714,CE_NAIVE,5987,1,59870001,100.0,100.0,3,8,0,2,2,0.0,0.1369800567626953,0.0
20260213_151714,CE_NAIVE,5987,1,59870001,100.0,100.0,4,12,0,3,3,0.0,0.13672518730163574,0.0
20260213_151714,CE_NAIVE,5987,1,59870001,100.0,100.0,5,16,0,1,1,0.0,0.1334209442138672,0.0
20260213_151714,CE_NAIVE,5987,1,59870001,100.0,100.0,6,20,0,7,5,15.0,0.28845810890197754,736.6666666666666
20260213_151714,CE_NAIVE,5987,1,59870001,100.0,100.0,7,24,2,9,5,25.0,0.8571810722351074,1020.0
20260213_151714,CE_NAIVE,5987,1,59870001,100.0,100.0,8,28,4,5,4,4.0,0.14571309089660645,500.0
20260213_151714,CE_NAIVE,5987,1,59870001,100.0,100.0,9,32,4,3,3,6.0,0.1446828842163086,100.0
20260213_151714,CE_NAIVE,5987,1,59870001,100.0,100.0,10,36,5,5,5,9.0,0.14865612983703613,535.0
20260213_151714,CE_NAIVE,5987,1,59870001,100.0,100.0,11,40,6,6,5,26.0,0.19239187240600586,1135.0
20260213_151714,CE_NAIVE,5987,1,59870001,100.0,100.0,12,44,7,4,4,18.0,0.14877104759216309,1500.0
20260213_151714,CE_NAIVE,5987,1,59870001,100.0,100.0,13,48,7,6,4,32.0,0.15218877792358398,1460.0
20260213_151714,CE_NAIVE,5987,1,59870001,100.0,100.0,14,52,7,9,4,40.0,0.2397301197052002,1840.0
20260213_151714,CE_NAIVE,5987,1,59870001,100.0,100.0,15,56,7,7,5,45.0,0.15495896339416504,1920.0
20260213_151714,CE_NAIVE,5987,1,59870001,100.0,100.0,16,60,8,5,4,36.0,0.1437971591949463,1360.0
20260213_151714,CE_NAIVE,3807,1,38070001,100.0,100.0,1,0,0,1,1,0.0,0.13088107109069824,0.0
20260213_151714,CE_NAIVE,3807,1,38070001,100.0,100.0,2,4,0,1,1,0.0,0.13083982467651367,0.0
20260213_151714,CE_NAIVE,3807,1,38070001,100.0,100.0,3,8,0,2,2,0.0,0.13549184799194336,0.0
20260213_151714,CE_NAIVE,3807,1,38070001,100.0,100.0,4,12,0,3,3,0.0,0.13551902770996094,0.0
20260213_151714,CE_NAIVE,3807,1,38070001,100.0,100.0,5,16,0,1,1,0.0,0.1309370994567871,0.0
20260213_151714,CE_NAIVE,3807,1,38070001,100.0,100.0,6,20,0,7,5,15.0,0.23890185356140137,736.6666666666666
20260213_151714,CE_NAIVE,3807,1,38070001,100.0,100.0,7,24,2,9,5,25.0,0.8875699043273926,985.0
20260213_151714,CE_NAIVE,3807,1,38070001,100.0,100.0,8,28,3,5,4,4.0,0.1455841064453125,360.0
20260213_151714,CE_NAIVE,3807,1,38070001,100.0,100.0,9,32,4,3,3,6.0,0.1396949291229248,170.0
20260213_151714,CE_NAIVE,3807,1,38070001,100.0,100.0,10,36,5,5,5,9.0,0.14909982681274414,535.0
20260213_151714,CE_NAIVE,3807,1,38070001,100.0,100.0,11,40,6,6,4,16.0,0.19066596031188965,790.0
20260213_151714,CE_NAIVE,3807,1,38070001,100.0,100.0,12,44,6,5,4,20.0,0.14751505851745605,1220.0
20260213_151714,CE_NAIVE,3807,1,38070001,100.0,100.0,13,48,6,7,4,32.0,0.15461015701293945,880.0
20260213_151714,CE_NAIVE,3807,1,38070001,100.0,100.0,14,52,6,10,4,48.0,0.15336298942565918,1480.0
20260213_151714,CE_NAIVE,3807,1,38070001,100.0,100.0,15,56,6,8,5,50.0,0.1506040096282959,1280.0
20260213_151714,CE_NAIVE,3807,1,38070001,100.0,100.0,16,60,7,6,4,32.0,0.1478419303894043,2150.0
20260213_151714,CE_NAIVE,467,1,4670001,100.0,100.0,1,0,0,1,1,0.0,0.13180017471313477,0.0
20260213_151714,CE_NAIVE,467,1,4670001,100.0,100.0,2,4,0,1,1,0.0,0.13130402565002441,0.0
20260213_151714,CE_NAIVE,467,1,4670001,100.0,100.0,3,8,0,2,2,0.0,0.13552308082580566,0.0
20260213_151714,CE_NAIVE,467,1,4670001,100.0,100.0,4,12,0,3,3,0.0,0.13608908653259277,0.0
20260213_151714,CE_NAIVE,467,1,4670001,100.0,100.0,5,16,0,1,1,0.0,0.143280029296875,0.0
20260213_151714,CE_NAIVE,467,1,4670001,100.0,100.0,6,20,0,7,5,15.0,0.23819303512573242,736.6666666666666
20260213_151714,CE_NAIVE,467,1,4670001,100.0,100.0,7,24,2,9,5,25.0,0.8847689628601074,1070.0
20260213_151714,CE_NAIVE,467,1,4670001,100.0,100.0,8,28,3,5,4,4.0,0.14209198951721191,500.0
20260213_151714,CE_NAIVE,467,1,4670001,100.0,100.0,9,32,4,3,3,6.0,0.14421296119689941,100.0
20260213_151714,CE_NAIVE,467,1,4670001,100.0,100.0,10,36,5,5,5,9.0,0.1860358715057373,535.0
20260213_151714,CE_NAIVE,467,1,4670001,100.0,100.0,11,40,6,6,3,12.0,0.1529219150543213,860.0
20260213_151714,CE_NAIVE,467,1,4670001,100.0,100.0,12,44,5,6,4,18.0,0.14821410179138184,790.0
20260213_151714,CE_NAIVE,467,1,4670001,100.0,100.0,13,48,5,8,4,40.0,0.15050196647644043,1213.3333333333333
20260213_151714,CE_NAIVE,467,1,4670001,100.0,100.0,14,52,6,11,4,52.0,0.15815281867980957,1210.0
20260213_151714,CE_NAIVE,467,1,4670001,100.0,100.0,15,56,6,9,5,55.0,0.14697885513305664,1220.0
20260213_151714,CE_NAIVE,467,1,4670001,100.0,100.0,16,60,7,7,5,39.0,0.1489241123199463,1480.0
20260213_151714,CE_NAIVE,6478,1,64780001,100.0,100.0,1,0,0,1,1,0.0,0.13143610954284668,0.0
20260213_151714,CE_NAIVE,6478,1,64780001,100.0,100.0,2,4,0,1,1,0.0,0.13117313385009766,0.0
20260213_151714,CE_NAIVE,6478,1,64780001,100.0,100.0,3,8,0,2,2,0.0,0.13620901107788086,0.0
20260213_151714,CE_NAIVE,6478,1,64780001,100.0,100.0,4,12,0,3,3,0.0,0.13511300086975098,0.0
20260213_151714,CE_NAIVE,6478,1,64780001,100.0,100.0,5,16,0,1,1,0.0,0.1681199073791504,0.0
20260213_151714,CE_NAIVE,6478,1,64780001,100.0,100.0,6,20,0,7,5,15.0,0.23828387260437012,736.6666666666666
20260213_151714,CE_NAIVE,6478,1,64780001,100.0,100.0,7,24,2,9,5,25.0,0.8818671703338623,835.0
20260213_151714,CE_NAIVE,6478,1,64780001,100.0,100.0,8,28,3,5,4,4.0,0.14438199996948242,500.0
20260213_151714,CE_NAIVE,6478,1,64780001,100.0,100.0,9,32,4,3,3,6.0,0.14393305778503418,100.0
20260213_151714,CE_NAIVE,6478,1,64780001,100.0,100.0,10,36,5,5,5,9.0,0.14833307266235352,535.0
20260213_151714,CE_NAIVE,6478,1,64780001,100.0,100.0,11,40,6,6,4,16.0,0.153519868850708,790.0
20260213_151714,CE_NAIVE,6478,1,64780001,100.0,100.0,12,44,6,5,4,20.0,0.15778708457946777,1220.0
20260213_151714,CE_NAIVE,6478,1,64780001,100.0,100.0,13,48,6,7,4,32.0,0.1549360752105713,880.0
20260213_151714,CE_NAIVE,6478,1,64780001,100.0,100.0,14,52,6,10,4,48.0,0.15354585647583008,1480.0
20260213_151714,CE_NAIVE,6478,1,64780001,100.0,100.0,15,56,6,8,5,50.0,0.15030503273010254,1280.0
20260213_151714,CE_NAIVE,6478,1,64780001,100.0,100.0,16,60,7,6,4,32.0,0.14773297309875488,2150.0
20260213_151714,CE_NAIVE,4898,1,48980001,100.0,100.0,1,0,0,1,1,0.0,0.1321718692779541,0.0
20260213_151714,CE_NAIVE,4898,1,48980001,100.0,100.0,2,4,0,1,1,0.0,0.1684741973876953,0.0
20260213_151714,CE_NAIVE,4898,1,48980001,100.0,100.0,3,8,0,2,2,0.0,0.13627195358276367,0.0
20260213_151714,CE_NAIVE,4898,1,48980001,100.0,100.0,4,12,0,3,3,0.0,0.13650989532470703,0.0
20260213_151714,CE_NAIVE,4898,1,48980001,100.0,100.0,5,16,0,1,1,0.0,0.1313319206237793,0.0
20260213_151714,CE_NAIVE,4898,1,48980001,100.0,100.0,6,20,0,7,5,15.0,0.23883605003356934,736.6666666666666
20260213_151714,CE_NAIVE,4898,1,48980001,100.0,100.0,7,24,2,9,5,25.0,0.8834049701690674,985.0
20260213_151714,CE_NAIVE,4898,1,48980001,100.0,100.0,8,28,3,5,4,4.0,0.14507007598876953,360.0
20260213_151714,CE_NAIVE,4898,1,48980001,100.0,100.0,9,32,4,3,2,4.0,0.13757610321044922,500.0
20260213_151714,CE_NAIVE,4898,1,48980001,100.0,100.0,10,36,4,6,5,10.0,0.1590290069580078,380.0
20260213_151714,CE_NAIVE,4898,1,48980001,100.0,100.0,11,40,5,7,4,12.0,0.2519230842590332,860.0
20260213_151714,CE_NAIVE,4898,1,48980001,100.0,100.0,12,44,5,6,4,18.0,0.14798402786254883,790.0
20260213_151714,CE_NAIVE,4898,1,48980001,100.0,100.0,13,48,5,8,5,44.0,0.1486039161682129,983.3333333333333
20260213_151714,CE_NAIVE,4898,1,48980001,100.0,100.0,14,52,6,10,4,48.0,0.15559005737304688,1480.0
20260213_151714,CE_NAIVE,4898,1,48980001,100.0,100.0,15,56,6,8,5,50.0,0.18514800071716309,1280.0
20260213_151714,CE_NAIVE,4898,1,48980001,100.0,100.0,16,60,7,6,4,32.0,0.14848017692565918,2150.0
20260213_151714,CE_NAIVE,7886,1,78860001,100.0,100.0,1,0,0,1,1,0.0,0.13172507286071777,0.0
20260213_151714,CE_NAIVE,7886,1,78860001,100.0,100.0,2,4,0,1,1,0.0,0.13104796409606934,0.0
20260213_151714,CE_NAIVE,7886,1,78860001,100.0,100.0,3,8,0,2,2,0.0,0.13564181327819824,0.0
20260213_151714,CE_NAIVE,7886,1,78860001,100.0,100.0,4,12,0,3,3,0.0,0.1366569995880127,0.0
20260213_151714,CE_NAIVE,7886,1,78860001,100.0,100.0,5,16,0,1,1,0.0,0.13182401657104492,0.0
20260213_151714,CE_NAIVE,7886,1,78860001,100.0,100.0,6,20,0,7,5,15.0,0.23912906646728516,736.6666666666666
20260213_151714,CE_NAIVE,7886,1,78860001,100.0,100.0,7,24,2,9,5,25.0,0.8965070247650146,1020.0
20260213_151714,CE_NAIVE,7886,1,78860001,100.0,100.0,8,28,4,5,4,4.0,0.1438589096069336,360.0
20260213_151714,CE_NAIVE,7886,1,78860001,100.0,100.0,9,32,4,3,3,6.0,0.13759279251098633,170.0
20260213_151714,CE_NAIVE,7886,1,78860001,100.0,100.0,10,36,5,5,5,9.0,0.1495208740234375,535.0
20260213_151714,CE_NAIVE,7886,1,78860001,100.0,100.0,11,40,6,6,4,16.0,0.15460801124572754,790.0
20260213_151714,CE_NAIVE,7886,1,78860001,100.0,100.0,12,44,6,5,3,16.0,0.18101906776428223,1290.0
20260213_151714,CE_NAIVE,7886,1,78860001,100.0,100.0,13,48,5,8,5,44.0,0.15493202209472656,1343.3333333333333
20260213_151714,CE_NAIVE,7886,1,78860001,100.0,100.0,14,52,6,10,5,42.0,0.24428606033325195,1880.0
20260213_151714,CE_NAIVE,7886,1,78860001,100.0,100.0,15,56,7,7,5,51.0,0.15472102165222168,600.0
20260213_151714,CE_NAIVE,7886,1,78860001,100.0,100.0,16,60,8,5,3,32.0,0.14310312271118164,1610.0
20260213_151714,CE_NAIVE,4410,1,44100001,100.0,100.0,1,0,0,1,1,0.0,0.13219213485717773,0.0
20260213_151714,CE_NAIVE,4410,1,44100001,100.0,100.0,2,4,0,1,1,0.0,0.13100504875183105,0.0
20260213_151714,CE_NAIVE,4410,1,44100001,100.0,100.0,3,8,0,2,2,0.0,0.1368389129638672,0.0
20260213_151714,CE_NAIVE,4410,1,44100001,100.0,100.0,4,12,0,3,3,0.0,0.13594889640808105,0.0
20260213_151714,CE_NAIVE,4410,1,44100001,100.0,100.0,5,16,0,1,1,0.0,0.13153290748596191,0.0
20260213_151714,CE_NAIVE,4410,1,44100001,100.0,100.0,6,20,0,7,5,15.0,0.23870587348937988,736.6666666666666
20260213_151714,CE_NAIVE,4410,1,44100001,100.0,100.0,7,24,2,9,5,25.0,0.8890120983123779,1020.0
20260213_151714,CE_NAIVE,4410,1,44100001,100.0,100.0,8,28,4,5,5,11.0,0.14658689498901367,355.0
20260213_151714,CE_NAIVE,4410,1,44100001,100.0,100.0,9,32,5,2,2,4.0,0.13932585716247559,100.0
20260213_151714,CE_NAIVE,4410,1,44100001,100.0,100.0,10,36,5,5,4,4.0,0.18749785423278809,720.0
20260213_151714,CE_NAIVE,4410,1,44100001,100.0,100.0,11,40,5,7,4,12.0,0.1473710536956787,573.3333333333334
20260213_151714,CE_NAIVE,4410,1,44100001,100.0,100.0,12,44,5,6,4,18.0,0.1483900547027588,790.0
20260213_151714,CE_NAIVE,4410,1,44100001,100.0,100.0,13,48,5,8,4,40.0,0.1497340202331543,880.0
20260213_151714,CE_NAIVE,4410,1,44100001,100.0,100.0,14,52,6,11,4,52.0,0.15993690490722656,1480.0
20260213_151714,CE_NAIVE,4410,1,44100001,100.0,100.0,15,56,6,9,5,55.0,0.14585304260253906,1430.0
20260213_151714,CE_NAIVE,4410,1,44100001,100.0,100.0,16,60,7,7,5,39.0,0.1491680145263672,1480.0
20260213_151714,CE_NAIVE,8260,1,82600001,100.0,100.0,1,0,0,1,1,0.0,0.13193988800048828,0.0
20260213_151714,CE_NAIVE,8260,1,82600001,100.0,100.0,2,4,0,1,1,0.0,0.13152122497558594,0.0
20260213_151714,CE_NAIVE,8260,1,82600001,100.0,100.0,3,8,0,2,2,0.0,0.14754295349121094,0.0
20260213_151714,CE_NAIVE,8260,1,82600001,100.0,100.0,4,12,0,3,3,0.0,0.13585901260375977,0.0
20260213_151714,CE_NAIVE,8260,1,82600001,100.0,100.0,5,16,0,1,1,0.0,0.16916394233703613,0.0
20260213_151714,CE_NAIVE,8260,1,82600001,100.0,100.0,6,20,0,7,5,15.0,0.23871397972106934,736.6666666666666
20260213_151714,CE_NAIVE,8260,1,82600001,100.0,100.0,7,24,2,9,5,25.0,0.8859550952911377,1020.0
20260213_151714,CE_NAIVE,8260,1,82600001,100.0,100.0,8,28,4,5,4,4.0,0.1459810733795166,360.0
20260213_151714,CE_NAIVE,8260,1,82600001,100.0,100.0,9,32,4,3,3,6.0,0.13812708854675293,170.0
20260213_151714,CE_NAIVE,8260,1,82600001,100.0,100.0,10,36,5,5,5,9.0,0.14966392517089844,535.0
20260213_151714,CE_NAIVE,8260,1,82600001,100.0,100.0,11,40,6,6,4,16.0,0.15290403366088867,790.0
20260213_151714,CE_NAIVE,8260,1,82600001,100.0,100.0,12,44,6,5,4,20.0,0.14838910102844238,1220.0
20260213_151714,CE_NAIVE,8260,1,82600001,100.0,100.0,13,48,6,7,4,32.0,0.15583086013793945,880.0
20260213_151714,CE_NAIVE,8260,1,82600001,100.0,100.0,14,52,6,10,4,48.0,0.15521812438964844,1480.0
20260213_151714,CE_NAIVE,8260,1,82600001,100.0,100.0,15,56,6,8,5,50.0,0.15060901641845703,1280.0
20260213_151714,CE_NAIVE,8260,1,82600001,100.0,100.0,16,60,7,6,4,32.0,0.1479809284210205,2150.0
20260213_151714,CE_NAIVE,5346,1,53460001,100.0,100.0,1,0,0,1,1,0.0,0.13318085670471191,0.0
20260213_151714,CE_NAIVE,5346,1,53460001,100.0,100.0,2,4,0,1,1,0.0,0.13180899620056152,0.0
20260213_151714,CE_NAIVE,5346,1,53460001,100.0,100.0,3,8,0,2,2,0.0,0.17727303504943848,0.0
20260213_151714,CE_NAIVE,5346,1,53460001,100.0,100.0,4,12,0,3,3,0.0,0.1360771656036377,0.0
20260213_151714,CE_NAIVE,5346,1,53460001,100.0,100.0,5,16,0,1,1,0.0,0.13232207298278809,0.0
20260213_151714,CE_NAIVE,5346,1,53460001,100.0,100.0,6,20,0,7,5,15.0,0.24002408981323242,736.6666666666666
20260213_151714,CE_NAIVE,5346,1,53460001,100.0,100.0,7,24,2,9,5,25.0,0.8879837989807129,895.0
20260213_151714,CE_NAIVE,5346,1,53460001,100.0,100.0,8,28,3,5,5,13.0,0.14477300643920898,430.0
20260213_151714,CE_NAIVE,5346,1,53460001,100.0,100.0,9,32,5,2,2,4.0,0.13892483711242676,100.0
20260213_151714,CE_NAIVE,5346,1,53460001,100.0,100.0,10,36,5,5,5,9.0,0.15016484260559082,535.0
20260213_151714,CE_NAIVE,5346,1,53460001,100.0,100.0,11,40,6,6,4,16.0,0.15294218063354492,790.0
20260213_151714,CE_NAIVE,5346,1,53460001,100.0,100.0,12,44,6,5,4,20.0,0.1490011215209961,1220.0
20260213_151714,CE_NAIVE,5346,1,53460001,100.0,100.0,13,48,6,7,4,32.0,0.15509390830993652,880.0
20260213_151714,CE_NAIVE,5346,1,53460001,100.0,100.0,14,52,6,10,4,48.0,0.15584897994995117,1480.0
20260213_151714,CE_NAIVE,5346,1,53460001,100.0,100.0,15,56,6,8,5,50.0,0.14991998672485352,1280.0
20260213_151714,CE_NAIVE,5346,1,53460001,100.0,100.0,16,60,7,6,5,42.0,0.18739104270935059,2115.0
20260213_151714,CE_NAIVE,1574,1,15740001,100.0,100.0,1,0,0,1,1,0.0,0.13312292098999023,0.0
20260213_151714,CE_NAIVE,1574,1,15740001,100.0,100.0,2,4,0,1,1,0.0,0.13183903694152832,0.0
20260213_151714,CE_NAIVE,1574,1,15740001,100.0,100.0,3,8,0,2,2,0.0,0.13742709159851074,0.0
20260213_151714,CE_NAIVE,1574,1,15740001,100.0,100.0,4,12,0,3,3,0.0,0.13584494590759277,0.0
20260213_151714,CE_NAIVE,1574,1,15740001,100.0,100.0,5,16,0,1,1,0.0,0.13169407844543457,0.0
20260213_151714,CE_NAIVE,1574,1,15740001,100.0,100.0,6,20,0,7,5,15.0,0.2407360076904297,736.6666666666666
20260213_151714,CE_NAIVE,1574,1,15740001,100.0,100.0,7,24,2,9,5,25.0,0.9013371467590332,895.0
20260213_151714,CE_NAIVE,1574,1,15740001,100.0,100.0,8,28,4,5,4,4.0,0.14572405815124512,500.0
20260213_151714,CE_NAIVE,1574,1,15740001,100.0,100.0,9,32,4,3,3,6.0,0.14337682723999023,100.0
20260213_151714,CE_NAIVE,1574,1,15740001,100.0,100.0,10,36,5,5,5,9.0,0.15037107467651367,535.0
20260213_151714,CE_NAIVE,1574,1,15740001,100.0,100.0,11,40,6,6,4,16.0,0.15299701690673828,790.0
20260213_151714,CE_NAIVE,1574,1,15740001,100.0,100.0,12,44,6,5,4,20.0,0.14901280403137207,1220.0
20260213_151714,CE_NAIVE,1574,1,15740001,100.0,100.0,13,48,6,7,5,45.0,0.15624499320983887,1563.3333333333335
20260213_151714,CE_NAIVE,1574,1,15740001,100.0,100.0,14,52,7,9,4,40.0,0.2814970016479492,1840.0
20260213_151714,CE_NAIVE,1574,1,15740001,100.0,100.0,15,56,7,7,5,45.0,0.1555769443511963,1920.0
20260213_151714,CE_NAIVE,1574,1,15740001,100.0,100.0,16,60,8,5,4,36.0,0.1446678638458252,1500.0
20260213_151714,CE_NAIVE,4719,1,47190001,100.0,100.0,1,0,0,1,1,0.0,0.13341212272644043,0.0
20260213_151714,CE_NAIVE,4719,1,47190001,100.0,100.0,2,4,0,1,1,0.0,0.13210296630859375,0.0
20260213_151714,CE_NAIVE,4719,1,47190001,100.0,100.0,3,8,0,2,2,0.0,0.13609099388122559,0.0
20260213_151714,CE_NAIVE,4719,1,47190001,100.0,100.0,4,12,0,3,3,0.0,0.13645005226135254,0.0
20260213_151714,CE_NAIVE,4719,1,47190001,100.0,100.0,5,16,0,1,1,0.0,0.13259100914001465,0.0
20260213_151714,CE_NAIVE,4719,1,47190001,100.0,100.0,6,20,0,7,5,15.0,0.24112319946289062,736.6666666666666
20260213_151714,CE_NAIVE,4719,1,47190001,100.0,100.0,7,24,2,9,5,25.0,0.8950049877166748,1320.0
20260213_151714,CE_NAIVE,4719,1,47190001,100.0,100.0,8,28,3,5,4,4.0,0.14298295974731445,333.3333333333333
20260213_151714,CE_NAIVE,4719,1,47190001,100.0,100.0,9,32,4,3,3,6.0,0.14663982391357422,100.0
20260213_151714,CE_NAIVE,4719,1,47190001,100.0,100.0,10,36,5,5,5,9.0,0.15128493309020996,535.0
20260213_151714,CE_NAIVE,4719,1,47190001,100.0,100.0,11,40,6,6,4,16.0,0.18779897689819336,790.0
20260213_151714,CE_NAIVE,4719,1,47190001,100.0,100.0,12,44,6,5,4,20.0,0.14902591705322266,1220.0
20260213_151714,CE_NAIVE,4719,1,47190001,100.0,100.0,13,48,6,7,5,45.0,0.15645098686218262,1563.3333333333335
20260213_151714,CE_NAIVE,4719,1,47190001,100.0,100.0,14,52,7,9,4,40.0,0.24168181419372559,1840.0
20260213_151714,CE_NAIVE,4719,1,47190001,100.0,100.0,15,56,7,7,5,45.0,0.15613603591918945,1920.0
20260213_151714,CE_NAIVE,4719,1,47190001,100.0,100.0,16,60,8,5,4,36.0,0.14478802680969238,1360.0
20260213_151714,CE_NAIVE,6566,1,65660001,100.0,100.0,1,0,0,1,1,0.0,0.13175106048583984,0.0
20260213_151714,CE_NAIVE,6566,1,65660001,100.0,100.0,2,4,0,1,1,0.0,0.14300990104675293,0.0
20260213_151714,CE_NAIVE,6566,1,65660001,100.0,100.0,3,8,0,2,2,0.0,0.1369187831878662,0.0
20260213_151714,CE_NAIVE,6566,1,65660001,100.0,100.0,4,12,0,3,3,0.0,0.13663697242736816,0.0
20260213_151714,CE_NAIVE,6566,1,65660001,100.0,100.0,5,16,0,1,1,0.0,0.1323690414428711,0.0
20260213_151714,CE_NAIVE,6566,1,65660001,100.0,100.0,6,20,0,7,5,15.0,0.2826039791107178,736.6666666666666
20260213_151714,CE_NAIVE,6566,1,65660001,100.0,100.0,7,24,2,9,5,25.0,0.8562760353088379,895.0
20260213_151714,CE_NAIVE,6566,1,65660001,100.0,100.0,8,28,3,5,4,4.0,0.14633822441101074,360.0
20260213_151714,CE_NAIVE,6566,1,65660001,100.0,100.0,9,32,4,3,3,6.0,0.18531107902526855,240.0
20260213_151714,CE_NAIVE,6566,1,65660001,100.0,100.0,10,36,5,5,5,9.0,0.14957594871520996,535.0
20260213_151714,CE_NAIVE,6566,1,65660001,100.0,100.0,11,40,6,6,4,16.0,0.1550581455230713,790.0
20260213_151714,CE_NAIVE,6566,1,65660001,100.0,100.0,12,44,6,5,4,20.0,0.14842796325683594,1220.0
20260213_151714,CE_NAIVE,6566,1,65660001,100.0,100.0,13,48,6,7,4,32.0,0.15630698204040527,880.0
20260213_151714,CE_NAIVE,6566,1,65660001,100.0,100.0,14,52,6,10,4,48.0,0.1548619270324707,1480.0
20260213_151714,CE_NAIVE,6566,1,65660001,100.0,100.0,15,56,6,8,5,50.0,0.15114307403564453,1280.0
20260213_151714,CE_NAIVE,6566,1,65660001,100.0,100.0,16,60,7,6,4,32.0,0.14960002899169922,2150.0
20260213_151714,CE_NAIVE,9071,1,90710001,100.0,100.0,1,0,0,1,1,0.0,0.13207578659057617,0.0
20260213_151714,CE_NAIVE,9071,1,90710001,100.0,100.0,2,4,0,1,1,0.0,0.1313619613647461,0.0
20260213_151714,CE_NAIVE,9071,1,90710001,100.0,100.0,3,8,0,2,2,0.0,0.13724303245544434,0.0
20260213_151714,CE_NAIVE,9071,1,90710001,100.0,100.0,4,12,0,3,3,0.0,0.1764678955078125,0.0
20260213_151714,CE_NAIVE,9071,1,90710001,100.0,100.0,5,16,0,1,1,0.0,0.13222503662109375,0.0
20260213_151714,CE_NAIVE,9071,1,90710001,100.0,100.0,6,20,0,7,5,15.0,0.24140501022338867,736.6666666666666
20260213_151714,CE_NAIVE,9071,1,90710001,100.0,100.0,7,24,2,9,5,25.0,0.8932900428771973,835.0
20260213_151714,CE_NAIVE,9071,1,90710001,100.0,100.0,8,28,3,5,4,4.0,0.14482784271240234,360.0
20260213_151714,CE_NAIVE,9071,1,90710001,100.0,100.0,9,32,4,3,3,6.0,0.15553808212280273,240.0
20260213_151714,CE_NAIVE,9071,1,90710001,100.0,100.0,10,36,5,5,5,9.0,0.14882707595825195,535.0
20260213_151714,CE_NAIVE,9071,1,90710001,100.0,100.0,11,40,6,6,4,16.0,0.15590906143188477,790.0
20260213_151714,CE_NAIVE,9071,1,90710001,100.0,100.0,12,44,6,5,4,20.0,0.14846301078796387,1220.0
20260213_151714,CE_NAIVE,9071,1,90710001,100.0,100.0,13,48,6,7,4,32.0,0.15607118606567383,880.0
20260213_151714,CE_NAIVE,9071,1,90710001,100.0,100.0,14,52,6,10,4,48.0,0.15404200553894043,1480.0
20260213_151714,CE_NAIVE,9071,1,90710001,100.0,100.0,15,56,6,8,5,50.0,0.15077900886535645,1280.0
20260213_151714,CE_NAIVE,9071,1,90710001,100.0,100.0,16,60,7,6,4,32.0,0.14857006072998047,2150.0
20260213_151714,CE_NAIVE,9416,1,94160001,100.0,100.0,1,0,0,1,1,0.0,0.1331038475036621,0.0
20260213_151714,CE_NAIVE,9416,1,94160001,100.0,100.0,2,4,0,1,1,0.0,0.17245197296142578,0.0
20260213_151714,CE_NAIVE,9416,1,94160001,100.0,100.0,3,8,0,2,2,0.0,0.13681602478027344,0.0
20260213_151714,CE_NAIVE,9416,1,94160001,100.0,100.0,4,12,0,3,3,0.0,0.1359388828277588,0.0
20260213_151714,CE_NAIVE,9416,1,94160001,100.0,100.0,5,16,0,1,1,0.0,0.13333606719970703,0.0
20260213_151714,CE_NAIVE,9416,1,94160001,100.0,100.0,6,20,0,7,5,15.0,0.24122285842895508,736.6666666666666
20260213_151714,CE_NAIVE,9416,1,94160001,100.0,100.0,7,24,2,9,5,25.0,0.8958549499511719,720.0
20260213_151714,CE_NAIVE,9416,1,94160001,100.0,100.0,8,28,3,5,4,4.0,0.14674687385559082,500.0
20260213_151714,CE_NAIVE,9416,1,94160001,100.0,100.0,9,32,4,3,3,6.0,0.144744873046875,100.0
20260213_151714,CE_NAIVE,9416,1,94160001,100.0,100.0,10,36,5,5,5,9.0,0.14934182167053223,535.0
20260213_151714,CE_NAIVE,9416,1,94160001,100.0,100.0,11,40,6,6,4,16.0,0.15464115142822266,790.0
20260213_151714,CE_NAIVE,9416,1,94160001,100.0,100.0,12,44,6,5,4,20.0,0.14917802810668945,1220.0
20260213_151714,CE_NAIVE,9416,1,94160001,100.0,100.0,13,48,6,7,5,45.0,0.1553049087524414,1563.3333333333335
20260213_151714,CE_NAIVE,9416,1,94160001,100.0,100.0,14,52,7,9,4,40.0,0.24280095100402832,1840.0
20260213_151714,CE_NAIVE,9416,1,94160001,100.0,100.0,15,56,7,7,5,45.0,0.19496798515319824,1920.0
20260213_151714,CE_NAIVE,9416,1,94160001,100.0,100.0,16,60,8,5,4,36.0,0.14452409744262695,1360.0
20260213_151714,CE_NAIVE,1942,1,19420001,100.0,100.0,1,0,0,1,1,0.0,0.13270092010498047,0.0
20260213_151714,CE_NAIVE,1942,1,19420001,100.0,100.0,2,4,0,1,1,0.0,0.13222408294677734,0.0
20260213_151714,CE_NAIVE,1942,1,19420001,100.0,100.0,3,8,0,2,2,0.0,0.13802003860473633,0.0
20260213_151714,CE_NAIVE,1942,1,19420001,100.0,100.0,4,12,0,3,3,0.0,0.1375751495361328,0.0
20260213_151714,CE_NAIVE,1942,1,19420001,100.0,100.0,5,16,0,1,1,0.0,0.13251900672912598,0.0
20260213_151714,CE_NAIVE,1942,1,19420001,100.0,100.0,6,20,0,7,5,15.0,0.24303412437438965,736.6666666666666
20260213_151714,CE_NAIVE,1942,1,19420001,100.0,100.0,7,24,2,9,5,25.0,0.897939920425415,1070.0
20260213_151714,CE_NAIVE,1942,1,19420001,100.0,100.0,8,28,3,5,5,13.0,0.14364099502563477,225.0
20260213_151714,CE_NAIVE,1942,1,19420001,100.0,100.0,9,32,5,2,2,4.0,0.13922500610351562,100.0
20260213_151714,CE_NAIVE,1942,1,19420001,100.0,100.0,10,36,5,5,5,9.0,0.15155291557312012,535.0
20260213_151714,CE_NAIVE,1942,1,19420001,100.0,100.0,11,40,6,6,4,16.0,0.15431880950927734,790.0
20260213_151714,CE_NAIVE,1942,1,19420001,100.0,100.0,12,44,6,5,3,16.0,0.15028595924377441,1290.0
20260213_151714,CE_NAIVE,1942,1,19420001,100.0,100.0,13,48,5,8,4,28.0,0.30747079849243164,840.0
20260213_151714,CE_NAIVE,1942,1,19420001,100.0,100.0,14,52,5,11,4,42.0,0.1610870361328125,960.0
20260213_151714,CE_NAIVE,1942,1,19420001,100.0,100.0,15,56,5,9,5,49.0,0.1641550064086914,2040.0
20260213_151714,CE_NAIVE,1942,1,19420001,100.0,100.0,16,60,6,7,5,45.0,0.15633010864257812,2185.0
20260213_151714,CE_NAIVE,1562,1,15620001,100.0,100.0,1,0,0,1,1,0.0,0.13216090202331543,0.0
20260213_151714,CE_NAIVE,1562,1,15620001,100.0,100.0,2,4,0,1,1,0.0,0.1324019432067871,0.0
20260213_151714,CE_NAIVE,1562,1,15620001,100.0,100.0,3,8,0,2,2,0.0,0.13791513442993164,0.0
20260213_151714,CE_NAIVE,1562,1,15620001,100.0,100.0,4,12,0,3,3,0.0,0.137192964553833,0.0
20260213_151714,CE_NAIVE,1562,1,15620001,100.0,100.0,5,16,0,1,1,0.0,0.13269519805908203,0.0
20260213_151714,CE_NAIVE,1562,1,15620001,100.0,100.0,6,20,0,7,5,15.0,0.24009394645690918,736.6666666666666
20260213_151714,CE_NAIVE,1562,1,15620001,100.0,100.0,7,24,2,9,5,25.0,0.8955099582672119,720.0
20260213_151714,CE_NAIVE,1562,1,15620001,100.0,100.0,8,28,3,5,4,4.0,0.14851808547973633,500.0
20260213_151714,CE_NAIVE,1562,1,15620001,100.0,100.0,9,32,4,3,3,6.0,0.1451280117034912,100.0
20260213_151714,CE_NAIVE,1562,1,15620001,100.0,100.0,10,36,5,5,5,9.0,0.19122982025146484,535.0
20260213_151714,CE_NAIVE,1562,1,15620001,100.0,100.0,11,40,6,6,4,16.0,0.15423989295959473,790.0
20260213_151714,CE_NAIVE,1562,1,15620001,100.0,100.0,12,44,6,5,4,20.0,0.14876580238342285,1220.0
20260213_151714,CE_NAIVE,1562,1,15620001,100.0,100.0,13,48,6,7,4,32.0,0.15706706047058105,880.0
20260213_151714,CE_NAIVE,1562,1,15620001,100.0,100.0,14,52,6,10,4,48.0,0.154710054397583,1480.0
20260213_151714,CE_NAIVE,1562,1,15620001,100.0,100.0,15,56,6,8,5,50.0,0.15036582946777344,1280.0
20260213_151714,CE_NAIVE,1562,1,15620001,100.0,100.0,16,60,7,6,5,42.0,0.14918899536132812,2115.0
20260213_151714,CE_NAIVE,2244,1,22440001,100.0,100.0,1,0,0,1,1,0.0,0.13239598274230957,0.0
20260213_151714,CE_NAIVE,2244,1,22440001,100.0,100.0,2,4,0,1,1,0.0,0.13333511352539062,0.0
20260213_151714,CE_NAIVE,2244,1,22440001,100.0,100.0,3,8,0,2,2,0.0,0.1376509666442871,0.0
20260213_151714,CE_NAIVE,2244,1,22440001,100.0,100.0,4,12,0,3,3,0.0,0.1371159553527832,0.0
20260213_151714,CE_NAIVE,2244,1,22440001,100.0,100.0,5,16,0,1,1,0.0,0.13228607177734375,0.0
20260213_151714,CE_NAIVE,2244,1,22440001,100.0,100.0,6,20,0,7,5,15.0,0.28433799743652344,736.6666666666666
20260213_151714,CE_NAIVE,2244,1,22440001,100.0,100.0,7,24,2,9,5,25.0,0.8573799133300781,1070.0
20260213_151714,CE_NAIVE,2244,1,22440001,100.0,100.0,8,28,3,5,4,4.0,0.18347716331481934,500.0
20260213_151714,CE_NAIVE,2244,1,22440001,100.0,100.0,9,32,4,3,3,6.0,0.14384007453918457,100.0
20260213_151714,CE_NAIVE,2244,1,22440001,100.0,100.0,10,36,5,5,5,9.0,0.1511080265045166,535.0
20260213_151714,CE_NAIVE,2244,1,22440001,100.0,100.0,11,40,6,6,4,16.0,0.15415692329406738,790.0
20260213_151714,CE_NAIVE,2244,1,22440001,100.0,100.0,12,44,6,5,4,20.0,0.14927005767822266,1220.0
20260213_151714,CE_NAIVE,2244,1,22440001,100.0,100.0,13,48,6,7,5,45.0,0.15655803680419922,1563.3333333333335
20260213_151714,CE_NAIVE,2244,1,22440001,100.0,100.0,14,52,7,9,4,40.0,0.24260187149047852,1840.0
20260213_151714,CE_NAIVE,2244,1,22440001,100.0,100.0,15,56,7,7,5,45.0,0.1546800136566162,1920.0
20260213_151714,CE_NAIVE,2244,1,22440001,100.0,100.0,16,60,8,5,3,32.0,0.14487910270690918,1610.0
20260213_151714,CE_NAIVE,7298,1,72980001,100.0,100.0,1,0,0,1,1,0.0,0.13414311408996582,0.0
20260213_151714,CE_NAIVE,7298,1,72980001,100.0,100.0,2,4,0,1,1,0.0,0.13236308097839355,0.0
20260213_151714,CE_NAIVE,7298,1,72980001,100.0,100.0,3,8,0,2,2,0.0,0.17931294441223145,0.0
20260213_151714,CE_NAIVE,7298,1,72980001,100.0,100.0,4,12,0,3,3,0.0,0.13643789291381836,0.0
20260213_151714,CE_NAIVE,7298,1,72980001,100.0,100.0,5,16,0,1,1,0.0,0.13204216957092285,0.0
20260213_151714,CE_NAIVE,7298,1,72980001,100.0,100.0,6,20,0,7,5,15.0,0.24168610572814941,736.6666666666666
20260213_151714,CE_NAIVE,7298,1,72980001,100.0,100.0,7,24,2,9,5,25.0,0.8940219879150391,1070.0
20260213_151714,CE_NAIVE,7298,1,72980001,100.0,100.0,8,28,3,5,4,4.0,0.14437294006347656,360.0
20260213_151714,CE_NAIVE,7298,1,72980001,100.0,100.0,9,32,4,3,3,6.0,0.13838601112365723,170.0
20260213_151714,CE_NAIVE,7298,1,72980001,100.0,100.0,10,36,5,5,5,9.0,0.14983201026916504,535.0
20260213_151714,CE_NAIVE,7298,1,72980001,100.0,100.0,11,40,6,6,4,16.0,0.15359807014465332,790.0
20260213_151714,CE_NAIVE,7298,1,72980001,100.0,100.0,12,44,6,5,4,20.0,0.1495058536529541,1220.0
20260213_151714,CE_NAIVE,7298,1,72980001,100.0,100.0,13,48,6,7,5,45.0,0.15686297416687012,1563.3333333333335
20260213_151714,CE_NAIVE,7298,1,72980001,100.0,100.0,14,52,7,9,4,40.0,0.24255895614624023,1840.0
20260213_151714,CE_NAIVE,7298,1,72980001,100.0,100.0,15,56,7,7,5,45.0,0.15695405006408691,1920.0
20260213_151714,CE_NAIVE,7298,1,72980001,100.0,100.0,16,60,8,5,3,32.0,0.18758106231689453,1610.0
20260213_151714,CE_NAIVE,8847,1,88470001,100.0,100.0,1,0,0,1,1,0.0,0.13258886337280273,0.0
20260213_151714,CE_NAIVE,8847,1,88470001,100.0,100.0,2,4,0,1,1,0.0,0.13200688362121582,0.0
20260213_151714,CE_NAIVE,8847,1,88470001,100.0,100.0,3,8,0,2,2,0.0,0.13703083992004395,0.0
20260213_151714,CE_NAIVE,8847,1,88470001,100.0,100.0,4,12,0,3,3,0.0,0.136491060256958,0.0
20260213_151714,CE_NAIVE,8847,1,88470001,100.0,100.0,5,16,0,1,1,0.0,0.13215899467468262,0.0
20260213_151714,CE_NAIVE,8847,1,88470001,100.0,100.0,6,20,0,7,5,15.0,0.24291610717773438,736.6666666666666
20260213_151714,CE_NAIVE,8847,1,88470001,100.0,100.0,7,24,2,9,5,25.0,0.8995561599731445,1320.0
20260213_151714,CE_NAIVE,8847,1,88470001,100.0,100.0,8,28,4,5,4,4.0,0.1513838768005371,333.3333333333333
20260213_151714,CE_NAIVE,8847,1,88470001,100.0,100.0,9,32,4,3,3,6.0,0.14496612548828125,100.0
20260213_151714,CE_NAIVE,8847,1,88470001,100.0,100.0,10,36,5,5,5,9.0,0.14962410926818848,535.0
20260213_151714,CE_NAIVE,8847,1,88470001,100.0,100.0,11,40,6,6,5,26.0,0.1562209129333496,1135.0
20260213_151714,CE_NAIVE,8847,1,88470001,100.0,100.0,12,44,7,4,4,18.0,0.14985203742980957,1500.0
20260213_151714,CE_NAIVE,8847,1,88470001,100.0,100.0,13,48,7,6,4,32.0,0.15525412559509277,1460.0
20260213_151714,CE_NAIVE,8847,1,88470001,100.0,100.0,14,52,7,9,4,40.0,0.28644490242004395,1840.0
20260213_151714,CE_NAIVE,8847,1,88470001,100.0,100.0,15,56,7,7,5,45.0,0.15593814849853516,1920.0
20260213_151714,CE_NAIVE,8847,1,88470001,100.0,100.0,16,60,8,5,3,32.0,0.1446669101715088,1610.0
20260213_151714,CE_NAIVE,6318,1,63180001,100.0,100.0,1,0,0,1,1,0.0,0.13234496116638184,0.0
20260213_151714,CE_NAIVE,6318,1,63180001,100.0,100.0,2,4,0,1,1,0.0,0.13234496116638184,0.0
20260213_151714,CE_NAIVE,6318,1,63180001,100.0,100.0,3,8,0,2,2,0.0,0.14027690887451172,0.0
20260213_151714,CE_NAIVE,6318,1,63180001,100.0,100.0,4,12,0,3,3,0.0,0.13842487335205078,0.0
20260213_151714,CE_NAIVE,6318,1,63180001,100.0,100.0,5,16,0,1,1,0.0,0.1335310935974121,0.0
20260213_151714,CE_NAIVE,6318,1,63180001,100.0,100.0,6,20,0,7,5,15.0,0.24208712577819824,736.6666666666666
20260213_151714,CE_NAIVE,6318,1,63180001,100.0,100.0,7,24,2,9,5,25.0,0.9023339748382568,985.0
20260213_151714,CE_NAIVE,6318,1,63180001,100.0,100.0,8,28,4,5,4,4.0,0.14679908752441406,360.0
20260213_151714,CE_NAIVE,6318,1,63180001,100.0,100.0,9,32,4,3,3,6.0,0.14018511772155762,170.0
20260213_151714,CE_NAIVE,6318,1,63180001,100.0,100.0,10,36,5,5,5,9.0,0.15160393714904785,535.0
20260213_151714,CE_NAIVE,6318,1,63180001,100.0,100.0,11,40,6,6,4,16.0,0.19289183616638184,790.0
20260213_151714,CE_NAIVE,6318,1,63180001,100.0,100.0,12,44,6,5,4,20.0,0.14907503128051758,1220.0
20260213_151714,CE_NAIVE,6318,1,63180001,100.0,100.0,13,48,6,7,5,45.0,0.15573501586914062,1563.3333333333335
20260213_151714,CE_NAIVE,6318,1,63180001,100.0,100.0,14,52,7,9,4,40.0,0.24465203285217285,1840.0
20260213_151714,CE_NAIVE,6318,1,63180001,100.0,100.0,15,56,7,7,5,45.0,0.15549087524414062,1920.0
20260213_151714,CE_NAIVE,6318,1,63180001,100.0,100.0,16,60,8,5,4,36.0,0.1456282138824463,1360.0
20260213_151714,CE_NAIVE,7261,1,72610001,100.0,100.0,1,0,0,1,1,0.0,0.13225078582763672,0.0
20260213_151714,CE_NAIVE,7261,1,72610001,100.0,100.0,2,4,0,1,1,0.0,0.13312983512878418,0.0
20260213_151714,CE_NAIVE,7261,1,72610001,100.0,100.0,3,8,0,2,2,0.0,0.1375739574432373,0.0
20260213_151714,CE_NAIVE,7261,1,72610001,100.0,100.0,4,12,0,3,3,0.0,0.13706088066101074,0.0
20260213_151714,CE_NAIVE,7261,1,72610001,100.0,100.0,5,16,0,1,1,0.0,0.13242006301879883,0.0
20260213_151714,CE_NAIVE,7261,1,72610001,100.0,100.0,6,20,0,7,5,15.0,0.2857019901275635,736.6666666666666
20260213_151714,CE_NAIVE,7261,1,72610001,100.0,100.0,7,24,2,9,5,25.0,0.8603029251098633,1320.0
20260213_151714,CE_NAIVE,7261,1,72610001,100.0,100.0,8,28,3,5,4,4.0,0.14342784881591797,333.3333333333333
20260213_151714,CE_NAIVE,7261,1,72610001,100.0,100.0,9,32,4,3,3,6.0,0.19879698753356934,100.0
20260213_151714,CE_NAIVE,7261,1,72610001,100.0,100.0,10,36,5,5,5,9.0,0.15030407905578613,535.0
20260213_151714,CE_NAIVE,7261,1,72610001,100.0,100.0,11,40,6,6,4,16.0,0.1534740924835205,790.0
20260213_151714,CE_NAIVE,7261,1,72610001,100.0,100.0,12,44,6,5,3,16.0,0.14829397201538086,1290.0
20260213_151714,CE_NAIVE,7261,1,72610001,100.0,100.0,13,48,5,8,5,44.0,0.1574091911315918,1343.3333333333333
20260213_151714,CE_NAIVE,7261,1,72610001,100.0,100.0,14,52,6,10,5,42.0,0.24504995346069336,1880.0
20260213_151714,CE_NAIVE,7261,1,72610001,100.0,100.0,15,56,7,7,5,51.0,0.15679192543029785,600.0
20260213_151714,CE_NAIVE,7261,1,72610001,100.0,100.0,16,60,8,5,4,36.0,0.14450907707214355,1360.0
20260213_151714,CE_NAIVE,3149,1,31490001,100.0,100.0,1,0,0,1,1,0.0,0.13396000862121582,0.0
20260213_151714,CE_NAIVE,3149,1,31490001,100.0,100.0,2,4,0,1,1,0.0,0.1317141056060791,0.0
20260213_151714,CE_NAIVE,3149,1,31490001,100.0,100.0,3,8,0,2,2,0.0,0.13724994659423828,0.0
20260213_151714,CE_NAIVE,3149,1,31490001,100.0,100.0,4,12,0,3,3,0.0,0.1377239227294922,0.0
20260213_151714,CE_NAIVE,3149,1,31490001,100.0,100.0,5,16,0,1,1,0.0,0.17629098892211914,0.0
20260213_151714,CE_NAIVE,3149,1,31490001,100.0,100.0,6,20,0,7,5,15.0,0.24319005012512207,736.6666666666666
20260213_151714,CE_NAIVE,3149,1,31490001,100.0,100.0,7,24,2,9,5,25.0,0.9122540950775146,1070.0
20260213_151714,CE_NAIVE,3149,1,31490001,100.0,100.0,8,28,3,5,4,4.0,0.14562392234802246,500.0
20260213_151714,CE_NAIVE,3149,1,31490001,100.0,100.0,9,32,4,3,3,6.0,0.14431095123291016,100.0
20260213_151714,CE_NAIVE,3149,1,31490001,100.0,100.0,10,36,5,5,5,9.0,0.15050792694091797,535.0
20260213_151714,CE_NAIVE,3149,1,31490001,100.0,100.0,11,40,6,6,3,12.0,0.15485310554504395,860.0
20260213_151714,CE_NAIVE,3149,1,31490001,100.0,100.0,12,44,5,6,3,12.0,0.1509389877319336,860.0
20260213_151714,CE_NAIVE,3149,1,31490001,100.0,100.0,13,48,4,9,5,39.0,0.15380501747131348,943.3333333333333
20260213_151714,CE_NAIVE,3149,1,31490001,100.0,100.0,14,52,5,11,4,42.0,0.17037296295166016,960.0
20260213_151714,CE_NAIVE,3149,1,31490001,100.0,100.0,15,56,5,9,5,49.0,0.16509008407592773,2040.0
20260213_151714,CE_NAIVE,3149,1,31490001,100.0,100.0,16,60,6,7,5,45.0,0.1993088722229004,2185.0
20260213_151714,CE_NAIVE,7427,1,74270001,100.0,100.0,1,0,0,1,1,0.0,0.13261914253234863,0.0
20260213_151714,CE_NAIVE,7427,1,74270001,100.0,100.0,2,4,0,1,1,0.0,0.13277101516723633,0.0
20260213_151714,CE_NAIVE,7427,1,74270001,100.0,100.0,3,8,0,2,2,0.0,0.13770699501037598,0.0
20260213_151714,CE_NAIVE,7427,1,74270001,100.0,100.0,4,12,0,3,3,0.0,0.13721299171447754,0.0
20260213_151714,CE_NAIVE,7427,1,74270001,100.0,100.0,5,16,0,1,1,0.0,0.1371610164642334,0.0
20260213_151714,CE_NAIVE,7427,1,74270001,100.0,100.0,6,20,0,7,5,15.0,0.2437131404876709,736.6666666666666
20260213_151714,CE_NAIVE,7427,1,74270001,100.0,100.0,7,24,2,9,5,25.0,0.9022469520568848,1070.0
20260213_151714,CE_NAIVE,7427,1,74270001,100.0,100.0,8,28,3,5,5,15.0,0.15108513832092285,210.0
20260213_151714,CE_NAIVE,7427,1,74270001,100.0,100.0,9,32,5,2,2,4.0,0.13864612579345703,100.0
20260213_151714,CE_NAIVE,7427,1,74270001,100.0,100.0,10,36,5,5,5,9.0,0.1514739990234375,535.0
20260213_151714,CE_NAIVE,7427,1,74270001,100.0,100.0,11,40,6,6,4,16.0,0.15506196022033691,790.0
20260213_151714,CE_NAIVE,7427,1,74270001,100.0,100.0,12,44,6,5,4,20.0,0.15263080596923828,1220.0
20260213_151714,CE_NAIVE,7427,1,74270001,100.0,100.0,13,48,6,7,5,45.0,0.15848612785339355,1563.3333333333335
20260213_151714,CE_NAIVE,7427,1,74270001,100.0,100.0,14,52,7,9,4,40.0,0.28856611251831055,1840.0
20260213_151714,CE_NAIVE,7427,1,74270001,100.0,100.0,15,56,7,7,5,45.0,0.1585090160369873,1920.0
20260213_151714,CE_NAIVE,7427,1,74270001,100.0,100.0,16,60,8,5,4,36.0,0.1455700397491455,1360.0
20260213_151714,CE_NAIVE,6882,1,68820001,100.0,100.0,1,0,0,1,1,0.0,0.13375091552734375,0.0
20260213_151714,CE_NAIVE,6882,1,68820001,100.0,100.0,2,4,0,1,1,0.0,0.1339728832244873,0.0
20260213_151714,CE_NAIVE,6882,1,68820001,100.0,100.0,3,8,0,2,2,0.0,0.13717007637023926,0.0
20260213_151714,CE_NAIVE,6882,1,68820001,100.0,100.0,4,12,0,3,3,0.0,0.13915610313415527,0.0
20260213_151714,CE_NAIVE,6882,1,68820001,100.0,100.0,5,16,0,1,1,0.0,0.13407087326049805,0.0
20260213_151714,CE_NAIVE,6882,1,68820001,100.0,100.0,6,20,0,7,5,15.0,0.24248790740966797,736.6666666666666
20260213_151714,CE_NAIVE,6882,1,68820001,100.0,100.0,7,24,2,9,5,25.0,0.9134550094604492,1320.0
20260213_151714,CE_NAIVE,6882,1,68820001,100.0,100.0,8,28,3,5,4,4.0,0.14401507377624512,333.3333333333333
20260213_151714,CE_NAIVE,6882,1,68820001,100.0,100.0,9,32,4,3,3,6.0,0.14523983001708984,100.0
20260213_151714,CE_NAIVE,6882,1,68820001,100.0,100.0,10,36,5,5,4,4.0,0.15270781517028809,720.0
20260213_151714,CE_NAIVE,6882,1,68820001,100.0,100.0,11,40,5,7,5,25.0,0.18845200538635254,883.3333333333333
20260213_151714,CE_NAIVE,6882,1,68820001,100.0,100.0,12,44,6,5,4,20.0,0.14940214157104492,1220.0
20260213_151714,CE_NAIVE,6882,1,68820001,100.0,100.0,13,48,6,7,4,32.0,0.14532804489135742,880.0
20260213_151714,CE_NAIVE,6882,1,68820001,100.0,100.0,14,52,6,10,4,48.0,0.15521502494812012,1480.0
20260213_151714,CE_NAIVE,6882,1,68820001,100.0,100.0,15,56,6,8,5,50.0,0.1521768569946289,1280.0
20260213_151714,CE_NAIVE,6882,1,68820001,100.0,100.0,16,60,7,6,4,32.0,0.1495649814605713,2150.0
20260213_151714,CE_NAIVE,9841,1,98410001,100.0,100.0,1,0,0,1,1,0.0,0.13395905494689941,0.0
20260213_151714,CE_NAIVE,9841,1,98410001,100.0,100.0,2,4,0,1,1,0.0,0.13280510902404785,0.0
20260213_151714,CE_NAIVE,9841,1,98410001,100.0,100.0,3,8,0,2,2,0.0,0.1376349925994873,0.0
20260213_151714,CE_NAIVE,9841,1,98410001,100.0,100.0,4,12,0,3,3,0.0,0.13701319694519043,0.0
20260213_151714,CE_NAIVE,9841,1,98410001,100.0,100.0,5,16,0,1,1,0.0,0.13375210762023926,0.0
20260213_151714,CE_NAIVE,9841,1,98410001,100.0,100.0,6,20,0,7,5,15.0,0.24174189567565918,736.6666666666666
20260213_151714,CE_NAIVE,9841,1,98410001,100.0,100.0,7,24,2,9,5,25.0,0.9203400611877441,985.0
20260213_151714,CE_NAIVE,9841,1,98410001,100.0,100.0,8,28,4,5,4,4.0,0.1475541591644287,360.0
20260213_151714,CE_NAIVE,9841,1,98410001,100.0,100.0,9,32,4,3,2,4.0,0.1403639316558838,500.0
20260213_151714,CE_NAIVE,9841,1,98410001,100.0,100.0,10,36,4,6,5,10.0,0.20232605934143066,1070.0
20260213_151714,CE_NAIVE,9841,1,98410001,100.0,100.0,11,40,5,7,4,12.0,0.1595017910003662,500.0
20260213_151714,CE_NAIVE,9841,1,98410001,100.0,100.0,12,44,5,6,4,18.0,0.14992713928222656,790.0
20260213_151714,CE_NAIVE,9841,1,98410001,100.0,100.0,13,48,5,8,4,28.0,0.2479398250579834,1020.0
20260213_151714,CE_NAIVE,9841,1,98410001,100.0,100.0,14,52,5,11,4,28.0,0.29721498489379883,800.0
20260213_151714,CE_NAIVE,9841,1,98410001,100.0,100.0,15,56,5,9,5,53.0,0.2722458839416504,2520.0
20260213_151714,CE_NAIVE,9841,1,98410001,100.0,100.0,16,60,6,7,5,45.0,0.26838016510009766,1380.0
20260213_151714,CE_NAIVE,6351,1,63510001,100.0,100.0,1,0,0,1,1,0.0,0.17475008964538574,0.0
20260213_151714,CE_NAIVE,6351,1,63510001,100.0,100.0,2,4,0,1,1,0.0,0.13223791122436523,0.0
20260213_151714,CE_NAIVE,6351,1,63510001,100.0,100.0,3,8,0,2,2,0.0,0.1374509334564209,0.0
20260213_151714,CE_NAIVE,6351,1,63510001,100.0,100.0,4,12,0,3,3,0.0,0.13677501678466797,0.0
20260213_151714,CE_NAIVE,6351,1,63510001,100.0,100.0,5,16,0,1,1,0.0,0.1327359676361084,0.0
20260213_151714,CE_NAIVE,6351,1,63510001,100.0,100.0,6,20,0,7,5,15.0,0.24362897872924805,736.6666666666666
20260213_151714,CE_NAIVE,6351,1,63510001,100.0,100.0,7,24,2,9,5,25.0,0.9336230754852295,1070.0
20260213_151714,CE_NAIVE,6351,1,63510001,100.0,100.0,8,28,3,5,4,4.0,0.14490509033203125,500.0
20260213_151714,CE_NAIVE,6351,1,63510001,100.0,100.0,9,32,4,3,3,6.0,0.14634108543395996,100.0
20260213_151714,CE_NAIVE,6351,1,63510001,100.0,100.0,10,36,5,5,5,9.0,0.15265607833862305,535.0
20260213_151714,CE_NAIVE,6351,1,63510001,100.0,100.0,11,40,6,6,5,26.0,0.15800786018371582,1135.0
20260213_151714,CE_NAIVE,6351,1,63510001,100.0,100.0,12,44,7,4,4,18.0,0.15145206451416016,1500.0
20260213_151714,CE_NAIVE,6351,1,63510001,100.0,100.0,13,48,7,6,3,28.0,0.15729093551635742,880.0
20260213_151714,CE_NAIVE,6351,1,63510001,100.0,100.0,14,52,6,10,4,48.0,0.1579890251159668,1480.0
20260213_151714,CE_NAIVE,6351,1,63510001,100.0,100.0,15,56,6,8,5,50.0,0.4457550048828125,1280.0
20260213_151714,CE_NAIVE,6351,1,63510001,100.0,100.0,16,60,7,6,4,32.0,0.15099501609802246,2150.0
20260213_151714,CE_NAIVE,9611,1,96110001,100.0,100.0,1,0,0,1,1,0.0,0.1339881420135498,0.0
20260213_151714,CE_NAIVE,9611,1,96110001,100.0,100.0,2,4,0,1,1,0.0,0.1329820156097412,0.0
20260213_151714,CE_NAIVE,9611,1,96110001,100.0,100.0,3,8,0,2,2,0.0,0.1382591724395752,0.0
20260213_151714,CE_NAIVE,9611,1,96110001,100.0,100.0,4,12,0,3,3,0.0,0.13816499710083008,0.0
20260213_151714,CE_NAIVE,9611,1,96110001,100.0,100.0,5,16,0,1,1,0.0,0.1332991123199463,0.0
20260213_151714,CE_NAIVE,9611,1,96110001,100.0,100.0,6,20,0,7,5,15.0,0.24525690078735352,736.6666666666666
20260213_151714,CE_NAIVE,9611,1,96110001,100.0,100.0,7,24,2,9,5,25.0,0.8776750564575195,1070.0
20260213_151714,CE_NAIVE,9611,1,96110001,100.0,100.0,8,28,3,5,4,4.0,0.27317214012145996,360.0
20260213_151714,CE_NAIVE,9611,1,96110001,100.0,100.0,9,32,4,3,3,6.0,0.145050048828125,240.0
20260213_151714,CE_NAIVE,9611,1,96110001,100.0,100.0,10,36,5,5,5,9.0,0.15177607536315918,535.0
20260213_151714,CE_NAIVE,9611,1,96110001,100.0,100.0,11,40,6,6,4,16.0,0.15787005424499512,790.0
20260213_151714,CE_NAIVE,9611,1,96110001,100.0,100.0,12,44,6,5,4,20.0,0.1507420539855957,1220.0
20260213_151714,CE_NAIVE,9611,1,96110001,100.0,100.0,13,48,6,7,5,45.0,0.15677094459533691,1563.3333333333335
20260213_151714,CE_NAIVE,9611,1,96110001,100.0,100.0,14,52,7,9,5,45.0,0.24630498886108398,2120.0
20260213_151714,CE_NAIVE,9611,1,96110001,100.0,100.0,15,56,8,6,5,50.0,0.14997386932373047,1450.0
20260213_151714,CE_NAIVE,9611,1,96110001,100.0,100.0,16,60,9,4,4,30.0,0.14524006843566895,900.0
20260213_151714,CE_NAIVE,5178,1,51780001,100.0,100.0,1,0,0,1,1,0.0,0.13358092308044434,0.0
20260213_151714,CE_NAIVE,5178,1,51780001,100.0,100.0,2,4,0,1,1,0.0,0.13306784629821777,0.0
20260213_151714,CE_NAIVE,5178,1,51780001,100.0,100.0,3,8,0,2,2,0.0,0.13758087158203125,0.0
20260213_151714,CE_NAIVE,5178,1,51780001,100.0,100.0,4,12,0,3,3,0.0,0.13890385627746582,0.0
20260213_151714,CE_NAIVE,5178,1,51780001,100.0,100.0,5,16,0,1,1,0.0,0.13279080390930176,0.0
20260213_151714,CE_NAIVE,5178,1,51780001,100.0,100.0,6,20,0,7,5,15.0,0.24248814582824707,736.6666666666666
20260213_151714,CE_NAIVE,5178,1,51780001,100.0,100.0,7,24,2,9,5,25.0,0.9244861602783203,1020.0
20260213_151714,CE_NAIVE,5178,1,51780001,100.0,100.0,8,28,3,5,4,4.0,0.1482851505279541,360.0
20260213_151714,CE_NAIVE,5178,1,51780001,100.0,100.0,9,32,4,3,3,6.0,0.14150094985961914,170.0
20260213_151714,CE_NAIVE,5178,1,51780001,100.0,100.0,10,36,5,5,5,9.0,0.15305805206298828,535.0
20260213_151714,CE_NAIVE,5178,1,51780001,100.0,100.0,11,40,6,6,4,16.0,0.155487060546875,790.0
20260213_151714,CE_NAIVE,5178,1,51780001,100.0,100.0,12,44,6,5,4,20.0,0.19322490692138672,1220.0
20260213_151714,CE_NAIVE,5178,1,51780001,100.0,100.0,13,48,6,7,4,32.0,0.15671896934509277,880.0
20260213_151714,CE_NAIVE,5178,1,51780001,100.0,100.0,14,52,6,10,4,48.0,0.15727806091308594,1480.0
20260213_151714,CE_NAIVE,5178,1,51780001,100.0,100.0,15,56,6,8,5,50.0,0.15299105644226074,1280.0
20260213_151714,CE_NAIVE,5178,1,51780001,100.0,100.0,16,60,7,6,4,32.0,0.150346040725708,2150.0
20260213_151714,CE_NAIVE,8915,1,89150001,100.0,100.0,1,0,0,1,1,0.0,0.13333988189697266,0.0
20260213_151714,CE_NAIVE,8915,1,89150001,100.0,100.0,2,4,0,1,1,0.0,0.1337730884552002,0.0
20260213_151714,CE_NAIVE,8915,1,89150001,100.0,100.0,3,8,0,2,2,0.0,0.13875603675842285,0.0
20260213_151714,CE_NAIVE,8915,1,89150001,100.0,100.0,4,12,0,3,3,0.0,0.137620210647583,0.0
20260213_151714,CE_NAIVE,8915,1,89150001,100.0,100.0,5,16,0,1,1,0.0,0.1326909065246582,0.0
20260213_151714,CE_NAIVE,8915,1,89150001,100.0,100.0,6,20,0,7,5,15.0,0.242293119430542,736.6666666666666
20260213_151714,CE_NAIVE,8915,1,89150001,100.0,100.0,7,24,2,9,5,25.0,0.9099760055541992,1070.0
20260213_151714,CE_NAIVE,8915,1,89150001,100.0,100.0,8,28,3,5,4,4.0,0.14548897743225098,360.0
20260213_151714,CE_NAIVE,8915,1,89150001,100.0,100.0,9,32,4,3,3,6.0,0.1403651237487793,170.0
20260213_151714,CE_NAIVE,8915,1,89150001,100.0,100.0,10,36,5,5,5,9.0,0.15367603302001953,535.0
20260213_151714,CE_NAIVE,8915,1,89150001,100.0,100.0,11,40,6,6,4,16.0,0.15654397010803223,790.0
20260213_151714,CE_NAIVE,8915,1,89150001,100.0,100.0,12,44,6,5,4,20.0,0.18899321556091309,1220.0
20260213_151714,CE_NAIVE,8915,1,89150001,100.0,100.0,13,48,6,7,5,45.0,0.15694808959960938,1563.3333333333335
20260213_151714,CE_NAIVE,8915,1,89150001,100.0,100.0,14,52,7,9,4,40.0,0.24634003639221191,1840.0
20260213_151714,CE_NAIVE,8915,1,89150001,100.0,100.0,15,56,7,7,5,45.0,0.1571488380432129,1920.0
20260213_151714,CE_NAIVE,8915,1,89150001,100.0,100.0,16,60,8,5,4,36.0,0.1454150676727295,1360.0
20260213_151714,CE_NAIVE,361,1,3610001,100.0,100.0,1,0,0,1,1,0.0,0.13375496864318848,0.0
20260213_151714,CE_NAIVE,361,1,3610001,100.0,100.0,2,4,0,1,1,0.0,0.14570879936218262,0.0
20260213_151714,CE_NAIVE,361,1,3610001,100.0,100.0,3,8,0,2,2,0.0,0.1383359432220459,0.0
20260213_151714,CE_NAIVE,361,1,3610001,100.0,100.0,4,12,0,3,3,0.0,0.1372509002685547,0.0
20260213_151714,CE_NAIVE,361,1,3610001,100.0,100.0,5,16,0,1,1,0.0,0.13380098342895508,0.0
20260213_151714,CE_NAIVE,361,1,3610001,100.0,100.0,6,20,0,7,5,15.0,0.24892497062683105,736.6666666666666
20260213_151714,CE_NAIVE,361,1,3610001,100.0,100.0,7,24,2,9,5,25.0,0.9116101264953613,1020.0
20260213_151714,CE_NAIVE,361,1,3610001,100.0,100.0,8,28,4,5,4,4.0,0.14800190925598145,360.0
20260213_151714,CE_NAIVE,361,1,3610001,100.0,100.0,9,32,4,3,3,6.0,0.14740800857543945,240.0
20260213_151714,CE_NAIVE,361,1,3610001,100.0,100.0,10,36,5,5,5,9.0,0.15217804908752441,535.0
20260213_151714,CE_NAIVE,361,1,3610001,100.0,100.0,11,40,6,6,4,16.0,0.1951580047607422,790.0
20260213_151714,CE_NAIVE,361,1,3610001,100.0,100.0,12,44,6,5,3,16.0,0.14997315406799316,1290.0
20260213_151714,CE_NAIVE,361,1,3610001,100.0,100.0,13,48,5,8,5,44.0,0.15947484970092773,1343.3333333333333
20260213_151714,CE_NAIVE,361,1,3610001,100.0,100.0,14,52,6,10,4,36.0,0.2496352195739746,1560.0
20260213_151714,CE_NAIVE,361,1,3610001,100.0,100.0,15,56,6,8,5,44.0,0.23965787887573242,2520.0
20260213_151714,CE_NAIVE,361,1,3610001,100.0,100.0,16,60,7,6,4,38.0,0.15276503562927246,1610.0
20260213_151714,CE_NAIVE,3803,1,38030001,100.0,100.0,1,0,0,1,1,0.0,0.13327407836914062,0.0
20260213_151714,CE_NAIVE,3803,1,38030001,100.0,100.0,2,4,0,1,1,0.0,0.13321614265441895,0.0
20260213_151714,CE_NAIVE,3803,1,38030001,100.0,100.0,3,8,0,2,2,0.0,0.13767790794372559,0.0
20260213_151714,CE_NAIVE,3803,1,38030001,100.0,100.0,4,12,0,3,3,0.0,0.13821196556091309,0.0
20260213_151714,CE_NAIVE,3803,1,38030001,100.0,100.0,5,16,0,1,1,0.0,0.1334400177001953,0.0
20260213_151714,CE_NAIVE,3803,1,38030001,100.0,100.0,6,20,0,7,5,15.0,0.28804612159729004,736.6666666666666
20260213_151714,CE_NAIVE,3803,1,38030001,100.0,100.0,7,24,2,9,5,25.0,0.8802831172943115,1020.0
20260213_151714,CE_NAIVE,3803,1,38030001,100.0,100.0,8,28,3,5,4,4.0,0.15457892417907715,360.0
20260213_151714,CE_NAIVE,3803,1,38030001,100.0,100.0,9,32,4,3,3,6.0,0.1917099952697754,170.0
20260213_151714,CE_NAIVE,3803,1,38030001,100.0,100.0,10,36,5,5,5,9.0,0.1587820053100586,535.0
20260213_151714,CE_NAIVE,3803,1,38030001,100.0,100.0,11,40,6,6,4,16.0,0.16485190391540527,790.0
20260213_151714,CE_NAIVE,3803,1,38030001,100.0,100.0,12,44,6,5,4,20.0,0.15780305862426758,1220.0
20260213_151714,CE_NAIVE,3803,1,38030001,100.0,100.0,13,48,6,7,4,32.0,0.16332101821899414,880.0
20260213_151714,CE_NAIVE,3803,1,38030001,100.0,100.0,14,52,6,10,5,54.0,0.16486406326293945,1590.0
20260213_151714,CE_NAIVE,3803,1,38030001,100.0,100.0,15,56,7,7,5,45.0,0.1573319435119629,1340.0
20260213_151714,CE_NAIVE,3803,1,38030001,100.0,100.0,16,60,8,5,4,36.0,0.14560914039611816,1360.0
20260213_151714,CE_NAIVE,1030,1,10300001,100.0,100.0,1,0,0,1,1,0.0,0.1336381435394287,0.0
20260213_151714,CE_NAIVE,1030,1,10300001,100.0,100.0,2,4,0,1,1,0.0,0.13361907005310059,0.0
20260213_151714,CE_NAIVE,1030,1,10300001,100.0,100.0,3,8,0,2,2,0.0,0.1374361515045166,0.0
20260213_151714,CE_NAIVE,1030,1,10300001,100.0,100.0,4,12,0,3,3,0.0,0.13702011108398438,0.0
20260213_151714,CE_NAIVE,1030,1,10300001,100.0,100.0,5,16,0,1,1,0.0,0.13306903839111328,0.0
20260213_151714,CE_NAIVE,1030,1,10300001,100.0,100.0,6,20,0,7,5,15.0,0.2866859436035156,736.6666666666666
20260213_151714,CE_NAIVE,1030,1,10300001,100.0,100.0,7,24,2,9,5,25.0,0.8708488941192627,1020.0
20260213_151714,CE_NAIVE,1030,1,10300001,100.0,100.0,8,28,3,5,4,4.0,0.1479480266571045,360.0
20260213_151714,CE_NAIVE,1030,1,10300001,100.0,100.0,9,32,4,3,3,6.0,0.1828629970550537,170.0
20260213_151714,CE_NAIVE,1030,1,10300001,100.0,100.0,10,36,5,5,5,9.0,0.15116286277770996,535.0
20260213_151714,CE_NAIVE,1030,1,10300001,100.0,100.0,11,40,6,6,5,26.0,0.15611791610717773,1135.0
20260213_151714,CE_NAIVE,1030,1,10300001,100.0,100.0,12,44,7,4,4,18.0,0.15024518966674805,1500.0
20260213_151714,CE_NAIVE,1030,1,10300001,100.0,100.0,13,48,7,6,4,32.0,0.15560007095336914,1460.0
20260213_151714,CE_NAIVE,1030,1,10300001,100.0,100.0,14,52,7,9,5,45.0,0.24682402610778809,2120.0
20260213_151714,CE_NAIVE,1030,1,10300001,100.0,100.0,15,56,8,6,4,38.0,0.1512889862060547,550.0
20260213_151714,CE_NAIVE,1030,1,10300001,100.0,100.0,16,60,8,5,4,36.0,0.14888286590576172,1360.0
20260213_151714,CE_NAIVE,6073,1,60730001,100.0,100.0,1,0,0,1,1,0.0,0.1328740119934082,0.0
20260213_151714,CE_NAIVE,6073,1,60730001,100.0,100.0,2,4,0,1,1,0.0,0.14290809631347656,0.0
20260213_151714,CE_NAIVE,6073,1,60730001,100.0,100.0,3,8,0,2,2,0.0,0.13834595680236816,0.0
20260213_151714,CE_NAIVE,6073,1,60730001,100.0,100.0,4,12,0,3,3,0.0,0.13886284828186035,0.0
20260213_151714,CE_NAIVE,6073,1,60730001,100.0,100.0,5,16,0,1,1,0.0,0.17719793319702148,0.0
20260213_151714,CE_NAIVE,6073,1,60730001,100.0,100.0,6,20,0,7,5,15.0,0.24303698539733887,736.6666666666666
20260213_151714,CE_NAIVE,6073,1,60730001,100.0,100.0,7,24,2,9,5,25.0,0.8709239959716797,1070.0
20260213_151714,CE_NAIVE,6073,1,60730001,100.0,100.0,8,28,3,5,5,13.0,0.18871593475341797,355.0
20260213_151714,CE_NAIVE,6073,1,60730001,100.0,100.0,9,32,5,2,2,4.0,0.13983488082885742,100.0
20260213_151714,CE_NAIVE,6073,1,60730001,100.0,100.0,10,36,5,5,5,9.0,0.15154385566711426,535.0
20260213_151714,CE_NAIVE,6073,1,60730001,100.0,100.0,11,40,6,6,4,16.0,0.1569349765777588,790.0
20260213_151714,CE_NAIVE,6073,1,60730001,100.0,100.0,12,44,6,5,4,20.0,0.15117216110229492,1220.0
20260213_151714,CE_NAIVE,6073,1,60730001,100.0,100.0,13,48,6,7,4,32.0,0.15868806838989258,880.0
20260213_151714,CE_NAIVE,6073,1,60730001,100.0,100.0,14,52,6,10,5,54.0,0.1571362018585205,1590.0
20260213_151714,CE_NAIVE,6073,1,60730001,100.0,100.0,15,56,7,7,5,45.0,0.14853692054748535,1340.0
20260213_151714,CE_NAIVE,6073,1,60730001,100.0,100.0,16,60,8,5,4,36.0,0.14635682106018066,1360.0
20260213_151714,CE_NAIVE,532,1,5320001,100.0,100.0,1,0,0,1,1,0.0,0.1344621181488037,0.0
20260213_151714,CE_NAIVE,532,1,5320001,100.0,100.0,2,4,0,1,1,0.0,0.1337718963623047,0.0
20260213_151714,CE_NAIVE,532,1,5320001,100.0,100.0,3,8,0,2,2,0.0,0.13755583763122559,0.0
20260213_151714,CE_NAIVE,532,1,5320001,100.0,100.0,4,12,0,3,3,0.0,0.13741493225097656,0.0
20260213_151714,CE_NAIVE,532,1,5320001,100.0,100.0,5,16,0,1,1,0.0,0.13484883308410645,0.0
20260213_151714,CE_NAIVE,532,1,5320001,100.0,100.0,6,20,0,7,5,15.0,0.2881460189819336,736.6666666666666
20260213_151714,CE_NAIVE,532,1,5320001,100.0,100.0,7,24,2,9,5,25.0,0.8739068508148193,1070.0
20260213_151714,CE_NAIVE,532,1,5320001,100.0,100.0,8,28,3,5,5,13.0,0.1461951732635498,355.0
20260213_151714,CE_NAIVE,532,1,5320001,100.0,100.0,9,32,5,2,2,4.0,0.1934359073638916,100.0
20260213_151714,CE_NAIVE,532,1,5320001,100.0,100.0,10,36,5,5,4,8.0,0.1519927978515625,500.0
20260213_151714,CE_NAIVE,532,1,5320001,100.0,100.0,11,40,5,7,4,12.0,0.15268397331237793,860.0
20260213_151714,CE_NAIVE,532,1,5320001,100.0,100.0,12,44,5,6,4,18.0,0.1506969928741455,790.0
20260213_151714,CE_NAIVE,532,1,5320001,100.0,100.0,13,48,5,8,4,28.0,0.15360307693481445,840.0
20260213_151714,CE_NAIVE,532,1,5320001,100.0,100.0,14,52,5,11,4,28.0,0.17194700241088867,1040.0
20260213_151714,CE_NAIVE,532,1,5320001,100.0,100.0,15,56,5,9,5,67.0,0.26477789878845215,980.0
20260213_151714,CE_NAIVE,532,1,5320001,100.0,100.0,16,60,7,7,5,39.0,0.1515040397644043,1480.0
20260213_151714,CE_NAIVE,9099,1,90990001,100.0,100.0,1,0,0,1,1,0.0,0.13407015800476074,0.0
20260213_151714,CE_NAIVE,9099,1,90990001,100.0,100.0,2,4,0,1,1,0.0,0.134537935256958,0.0
20260213_151714,CE_NAIVE,9099,1,90990001,100.0,100.0,3,8,0,2,2,0.0,0.1377871036529541,0.0
20260213_151714,CE_NAIVE,9099,1,90990001,100.0,100.0,4,12,0,3,3,0.0,0.18106818199157715,0.0
20260213_151714,CE_NAIVE,9099,1,90990001,100.0,100.0,5,16,0,1,1,0.0,0.13283395767211914,0.0
20260213_151714,CE_NAIVE,9099,1,90990001,100.0,100.0,6,20,0,7,5,15.0,0.24367880821228027,736.6666666666666
20260213_151714,CE_NAIVE,9099,1,90990001,100.0,100.0,7,24,2,9,5,25.0,0.9149761199951172,835.0
20260213_151714,CE_NAIVE,9099,1,90990001,100.0,100.0,8,28,3,5,4,4.0,0.1473829746246338,360.0
20260213_151714,CE_NAIVE,9099,1,90990001,100.0,100.0,9,32,4,3,3,6.0,0.1459670066833496,240.0
20260213_151714,CE_NAIVE,9099,1,90990001,100.0,100.0,10,36,5,5,3,8.0,0.15233802795410156,1000.0
20260213_151714,CE_NAIVE,9099,1,90990001,100.0,100.0,11,40,4,8,5,20.0,0.2628481388092041,696.6666666666666
20260213_151714,CE_NAIVE,9099,1,90990001,100.0,100.0,12,44,5,6,4,18.0,0.15224099159240723,790.0
20260213_151714,CE_NAIVE,9099,1,90990001,100.0,100.0,13,48,5,8,4,28.0,0.25689101219177246,1020.0
20260213_151714,CE_NAIVE,9099,1,90990001,100.0,100.0,14,52,5,11,4,28.0,0.17371296882629395,800.0
20260213_151714,CE_NAIVE,9099,1,90990001,100.0,100.0,15,56,5,9,5,53.0,0.20226502418518066,2520.0
20260213_151714,CE_NAIVE,9099,1,90990001,100.0,100.0,16,60,6,7,5,45.0,0.15350008010864258,1380.0
20260213_151714,CE_NAIVE,3999,1,39990001,100.0,100.0,1,0,0,1,1,0.0,0.13376402854919434,0.0
20260213_151714,CE_NAIVE,3999,1,39990001,100.0,100.0,2,4,0,1,1,0.0,0.14435291290283203,0.0
20260213_151714,CE_NAIVE,3999,1,39990001,100.0,100.0,3,8,0,2,2,0.0,0.13821196556091309,0.0
20260213_151714,CE_NAIVE,3999,1,39990001,100.0,100.0,4,12,0,3,3,0.0,0.13827300071716309,0.0
20260213_151714,CE_NAIVE,3999,1,39990001,100.0,100.0,5,16,0,1,1,0.0,0.13381481170654297,0.0
20260213_151714,CE_NAIVE,3999,1,39990001,100.0,100.0,6,20,0,7,5,15.0,0.24687409400939941,736.6666666666666
20260213_151714,CE_NAIVE,3999,1,39990001,100.0,100.0,7,24,2,9,5,25.0,0.9154388904571533,1320.0
20260213_151714,CE_NAIVE,3999,1,39990001,100.0,100.0,8,28,4,5,4,4.0,0.1428821086883545,400.0
20260213_151714,CE_NAIVE,3999,1,39990001,100.0,100.0,9,32,4,3,3,6.0,0.14955997467041016,100.0
20260213_151714,CE_NAIVE,3999,1,39990001,100.0,100.0,10,36,5,5,5,9.0,0.15654802322387695,535.0
20260213_151714,CE_NAIVE,3999,1,39990001,100.0,100.0,11,40,6,6,4,16.0,0.1574420928955078,790.0
20260213_151714,CE_NAIVE,3999,1,39990001,100.0,100.0,12,44,6,5,4,20.0,0.1534419059753418,1360.0
20260213_151714,CE_NAIVE,3999,1,39990001,100.0,100.0,13,48,6,7,4,32.0,0.16004705429077148,880.0
20260213_151714,CE_NAIVE,3999,1,39990001,100.0,100.0,14,52,6,10,5,54.0,0.19966483116149902,1590.0
20260213_151714,CE_NAIVE,3999,1,39990001,100.0,100.0,15,56,7,7,5,45.0,0.14652299880981445,1340.0
20260213_151714,CE_NAIVE,3999,1,39990001,100.0,100.0,16,60,8,5,4,36.0,0.14824295043945312,1360.0
20260213_151714,CE_NAIVE,9370,1,93700001,100.0,100.0,1,0,0,1,1,0.0,0.13331007957458496,0.0
20260213_151714,CE_NAIVE,9370,1,93700001,100.0,100.0,2,4,0,1,1,0.0,0.13347291946411133,0.0
20260213_151714,CE_NAIVE,9370,1,93700001,100.0,100.0,3,8,0,2,2,0.0,0.13891196250915527,0.0
20260213_151714,CE_NAIVE,9370,1,93700001,100.0,100.0,4,12,0,3,3,0.0,0.13811898231506348,0.0
20260213_151714,CE_NAIVE,9370,1,93700001,100.0,100.0,5,16,0,1,1,0.0,0.1335430145263672,0.0
20260213_151714,CE_NAIVE,9370,1,93700001,100.0,100.0,6,20,0,7,5,15.0,0.2472538948059082,736.6666666666666
20260213_151714,CE_NAIVE,9370,1,93700001,100.0,100.0,7,24,2,9,5,25.0,0.9141621589660645,835.0
20260213_151714,CE_NAIVE,9370,1,93700001,100.0,100.0,8,28,4,5,4,4.0,0.14786195755004883,360.0
20260213_151714,CE_NAIVE,9370,1,93700001,100.0,100.0,9,32,4,3,3,6.0,0.14595389366149902,240.0
20260213_151714,CE_NAIVE,9370,1,93700001,100.0,100.0,10,36,5,5,5,9.0,0.15269112586975098,535.0
20260213_151714,CE_NAIVE,9370,1,93700001,100.0,100.0,11,40,6,6,4,16.0,0.15601897239685059,790.0
20260213_151714,CE_NAIVE,9370,1,93700001,100.0,100.0,12,44,6,5,4,20.0,0.15285110473632812,1220.0
20260213_151714,CE_NAIVE,9370,1,93700001,100.0,100.0,13,48,6,7,5,45.0,0.19881415367126465,1563.3333333333335
20260213_151714,CE_NAIVE,9370,1,93700001,100.0,100.0,14,52,7,9,3,34.0,0.24661898612976074,1560.0
20260213_151714,CE_NAIVE,9370,1,93700001,100.0,100.0,15,56,6,8,5,44.0,0.2441999912261963,2520.0
20260213_151714,CE_NAIVE,9370,1,93700001,100.0,100.0,16,60,7,6,4,38.0,0.15455913543701172,1610.0
20260213_151714,CE_NAIVE,5010,1,50100001,100.0,100.0,1,0,0,1,1,0.0,0.13438105583190918,0.0
20260213_151714,CE_NAIVE,5010,1,50100001,100.0,100.0,2,4,0,1,1,0.0,0.13435888290405273,0.0
20260213_151714,CE_NAIVE,5010,1,50100001,100.0,100.0,3,8,0,2,2,0.0,0.13991093635559082,0.0
20260213_151714,CE_NAIVE,5010,1,50100001,100.0,100.0,4,12,0,3,3,0.0,0.13817191123962402,0.0
20260213_151714,CE_NAIVE,5010,1,50100001,100.0,100.0,5,16,0,1,1,0.0,0.13367295265197754,0.0
20260213_151714,CE_NAIVE,5010,1,50100001,100.0,100.0,6,20,0,7,5,15.0,0.24446606636047363,736.6666666666666
20260213_151714,CE_NAIVE,5010,1,50100001,100.0,100.0,7,24,2,9,5,25.0,0.9193148612976074,835.0
20260213_151714,CE_NAIVE,5010,1,50100001,100.0,100.0,8,28,4,5,4,4.0,0.14935803413391113,360.0
20260213_151714,CE_NAIVE,5010,1,50100001,100.0,100.0,9,32,4,3,3,6.0,0.14679908752441406,240.0
20260213_151714,CE_NAIVE,5010,1,50100001,100.0,100.0,10,36,5,5,5,9.0,0.1547870635986328,535.0
20260213_151714,CE_NAIVE,5010,1,50100001,100.0,100.0,11,40,6,6,3,12.0,0.1987919807434082,860.0
20260213_151714,CE_NAIVE,5010,1,50100001,100.0,100.0,12,44,5,6,4,18.0,0.15050506591796875,790.0
20260213_151714,CE_NAIVE,5010,1,50100001,100.0,100.0,13,48,5,8,4,40.0,0.15249991416931152,1213.3333333333333
20260213_151714,CE_NAIVE,5010,1,50100001,100.0,100.0,14,52,6,11,4,52.0,0.16265010833740234,1210.0
20260213_151714,CE_NAIVE,5010,1,50100001,100.0,100.0,15,56,6,9,5,55.0,0.14926409721374512,1220.0
20260213_151714,CE_NAIVE,5010,1,50100001,100.0,100.0,16,60,7,7,5,39.0,0.15250921249389648,1480.0
20260213_151714,CE_NAIVE,7048,1,70480001,100.0,100.0,1,0,0,1,1,0.0,0.13479304313659668,0.0
20260213_151714,CE_NAIVE,7048,1,70480001,100.0,100.0,2,4,0,1,1,0.0,0.13405179977416992,0.0
20260213_151714,CE_NAIVE,7048,1,70480001,100.0,100.0,3,8,0,2,2,0.0,0.13980484008789062,0.0
20260213_151714,CE_NAIVE,7048,1,70480001,100.0,100.0,4,12,0,3,3,0.0,0.1388258934020996,0.0
20260213_151714,CE_NAIVE,7048,1,70480001,100.0,100.0,5,16,0,1,1,0.0,0.13409996032714844,0.0
20260213_151714,CE_NAIVE,7048,1,70480001,100.0,100.0,6,20,0,7,5,15.0,0.2885439395904541,736.6666666666666
20260213_151714,CE_NAIVE,7048,1,70480001,100.0,100.0,7,24,2,9,5,25.0,0.8904769420623779,1070.0
20260213_151714,CE_NAIVE,7048,1,70480001,100.0,100.0,8,28,3,5,5,13.0,0.14547991752624512,225.0
20260213_151714,CE_NAIVE,7048,1,70480001,100.0,100.0,9,32,5,2,2,4.0,0.14093613624572754,100.0
20260213_151714,CE_NAIVE,7048,1,70480001,100.0,100.0,10,36,5,5,5,9.0,0.19952011108398438,535.0
20260213_151714,CE_NAIVE,7048,1,70480001,100.0,100.0,11,40,6,6,4,16.0,0.15587401390075684,790.0
20260213_151714,CE_NAIVE,7048,1,70480001,100.0,100.0,12,44,6,5,3,16.0,0.15109491348266602,1290.0
20260213_151714,CE_NAIVE,7048,1,70480001,100.0,100.0,13,48,5,8,4,28.0,0.15802907943725586,840.0
20260213_151714,CE_NAIVE,7048,1,70480001,100.0,100.0,14,52,5,11,4,42.0,0.16417288780212402,960.0
20260213_151714,CE_NAIVE,7048,1,70480001,100.0,100.0,15,56,5,9,5,49.0,0.16651010513305664,2040.0
20260213_151714,CE_NAIVE,7048,1,70480001,100.0,100.0,16,60,6,7,5,45.0,0.15946006774902344,2185.0
20260213_151714,CE_NAIVE,4111,1,41110001,100.0,100.0,1,0,0,1,1,0.0,0.13421392440795898,0.0
20260213_151714,CE_NAIVE,4111,1,41110001,100.0,100.0,2,4,0,1,1,0.0,0.13319015502929688,0.0
20260213_151714,CE_NAIVE,4111,1,41110001,100.0,100.0,3,8,0,2,2,0.0,0.13946199417114258,0.0
20260213_151714,CE_NAIVE,4111,1,41110001,100.0,100.0,4,12,0,3,3,0.0,0.13785600662231445,0.0
20260213_151714,CE_NAIVE,4111,1,41110001,100.0,100.0,5,16,0,1,1,0.0,0.13402700424194336,0.0
20260213_151714,CE_NAIVE,4111,1,41110001,100.0,100.0,6,20,0,7,5,15.0,0.29003000259399414,736.6666666666666
20260213_151714,CE_NAIVE,4111,1,41110001,100.0,100.0,7,24,2,9,5,25.0,0.8812329769134521,1320.0
20260213_151714,CE_NAIVE,4111,1,41110001,100.0,100.0,8,28,3,5,4,4.0,0.14171099662780762,333.3333333333333
20260213_151714,CE_NAIVE,4111,1,41110001,100.0,100.0,9,32,4,3,3,6.0,0.19208192825317383,100.0
20260213_151714,CE_NAIVE,4111,1,41110001,100.0,100.0,10,36,5,5,5,9.0,0.15308308601379395,535.0
20260213_151714,CE_NAIVE,4111,1,41110001,100.0,100.0,11,40,6,6,4,16.0,0.15665197372436523,790.0
20260213_151714,CE_NAIVE,4111,1,41110001,100.0,100.0,12,44,6,5,4,20.0,0.15129709243774414,1220.0
20260213_151714,CE_NAIVE,4111,1,41110001,100.0,100.0,13,48,6,7,5,45.0,0.15907907485961914,1563.3333333333335
20260213_151714,CE_NAIVE,4111,1,41110001,100.0,100.0,14,52,7,9,4,30.0,0.24807500839233398,1800.0
20260213_151714,CE_NAIVE,4111,1,41110001,100.0,100.0,15,56,7,7,5,51.0,0.15833306312561035,600.0
20260213_151714,CE_NAIVE,4111,1,41110001,100.0,100.0,16,60,8,5,3,32.0,0.14624595642089844,1610.0
20260213_151714,CE_NAIVE,2921,1,29210001,100.0,100.0,1,0,0,1,1,0.0,0.1367650032043457,0.0
20260213_151714,CE_NAIVE,2921,1,29210001,100.0,100.0,2,4,0,1,1,0.0,0.13353991508483887,0.0
20260213_151714,CE_NAIVE,2921,1,29210001,100.0,100.0,3,8,0,2,2,0.0,0.13918399810791016,0.0
20260213_151714,CE_NAIVE,2921,1,29210001,100.0,100.0,4,12,0,3,3,0.0,0.13902688026428223,0.0
20260213_151714,CE_NAIVE,2921,1,29210001,100.0,100.0,5,16,0,1,1,0.0,0.13334918022155762,0.0
20260213_151714,CE_NAIVE,2921,1,29210001,100.0,100.0,6,20,0,7,5,15.0,0.292985200881958,736.6666666666666
20260213_151714,CE_NAIVE,2921,1,29210001,100.0,100.0,7,24,2,9,5,25.0,0.8794820308685303,1070.0
20260213_151714,CE_NAIVE,2921,1,29210001,100.0,100.0,8,28,3,5,5,15.0,0.19991087913513184,210.0
20260213_151714,CE_NAIVE,2921,1,29210001,100.0,100.0,9,32,5,2,2,4.0,0.14054584503173828,100.0
20260213_151714,CE_NAIVE,2921,1,29210001,100.0,100.0,10,36,5,5,5,9.0,0.15231990814208984,535.0
20260213_151714,CE_NAIVE,2921,1,29210001,100.0,100.0,11,40,6,6,4,16.0,0.156843900680542,790.0
20260213_151714,CE_NAIVE,2921,1,29210001,100.0,100.0,12,44,6,5,4,20.0,0.15226507186889648,1220.0
20260213_151714,CE_NAIVE,2921,1,29210001,100.0,100.0,13,48,6,7,5,45.0,0.15973806381225586,1563.3333333333335
20260213_151714,CE_NAIVE,2921,1,29210001,100.0,100.0,14,52,7,9,4,40.0,0.24767708778381348,1840.0
20260213_151714,CE_NAIVE,2921,1,29210001,100.0,100.0,15,56,7,7,5,45.0,0.15979480743408203,1920.0
20260213_151714,CE_NAIVE,2921,1,29210001,100.0,100.0,16,60,8,5,4,36.0,0.14702486991882324,1360.0
20260213_151714,CE_NAIVE,8503,1,85030001,100.0,100.0,1,0,0,1,1,0.0,0.14446496963500977,0.0
20260213_151714,CE_NAIVE,8503,1,85030001,100.0,100.0,2,4,0,1,1,0.0,0.13352584838867188,0.0
20260213_151714,CE_NAIVE,8503,1,85030001,100.0,100.0,3,8,0,2,2,0.0,0.13901495933532715,0.0
20260213_151714,CE_NAIVE,8503,1,85030001,100.0,100.0,4,12,0,3,3,0.0,0.1398169994354248,0.0
20260213_151714,CE_NAIVE,8503,1,85030001,100.0,100.0,5,16,0,1,1,0.0,0.18032002449035645,0.0
20260213_151714,CE_NAIVE,8503,1,85030001,100.0,100.0,6,20,0,7,5,15.0,0.24717307090759277,736.6666666666666
20260213_151714,CE_NAIVE,8503,1,85030001,100.0,100.0,7,24,2,9,5,25.0,0.8793559074401855,1070.0
20260213_151714,CE_NAIVE,8503,1,85030001,100.0,100.0,8,28,3,5,5,13.0,0.19019103050231934,225.0
20260213_151714,CE_NAIVE,8503,1,85030001,100.0,100.0,9,32,5,2,2,4.0,0.14114809036254883,100.0
20260213_151714,CE_NAIVE,8503,1,85030001,100.0,100.0,10,36,5,5,5,9.0,0.1521131992340088,535.0
20260213_151714,CE_NAIVE,8503,1,85030001,100.0,100.0,11,40,6,6,4,16.0,0.15686297416687012,790.0
20260213_151714,CE_NAIVE,8503,1,85030001,100.0,100.0,12,44,6,5,4,20.0,0.26967382431030273,1220.0
20260213_151714,CE_NAIVE,8503,1,85030001,100.0,100.0,13,48,6,7,4,32.0,0.15884995460510254,880.0
20260213_151714,CE_NAIVE,8503,1,85030001,100.0,100.0,14,52,6,10,4,48.0,0.15796399116516113,1480.0
20260213_151714,CE_NAIVE,8503,1,85030001,100.0,100.0,15,56,6,8,5,50.0,0.15458011627197266,1280.0
20260213_151714,CE_NAIVE,8503,1,85030001,100.0,100.0,16,60,7,6,4,32.0,0.15152907371520996,2150.0
20260213_151714,CE_NAIVE,4576,1,45760001,100.0,100.0,1,0,0,1,1,0.0,0.1338670253753662,0.0
20260213_151714,CE_NAIVE,4576,1,45760001,100.0,100.0,2,4,0,1,1,0.0,0.1327531337738037,0.0
20260213_151714,CE_NAIVE,4576,1,45760001,100.0,100.0,3,8,0,2,2,0.0,0.13858294486999512,0.0
20260213_151714,CE_NAIVE,4576,1,45760001,100.0,100.0,4,12,0,3,3,0.0,0.1387338638305664,0.0
20260213_151714,CE_NAIVE,4576,1,45760001,100.0,100.0,5,16,0,1,1,0.0,0.17969489097595215,0.0
20260213_151714,CE_NAIVE,4576,1,45760001,100.0,100.0,6,20,0,7,5,15.0,0.246445894241333,736.6666666666666
20260213_151714,CE_NAIVE,4576,1,45760001,100.0,100.0,7,24,2,9,5,25.0,0.8933870792388916,720.0
20260213_151714,CE_NAIVE,4576,1,45760001,100.0,100.0,8,28,3,5,4,4.0,0.1953449249267578,500.0
20260213_151714,CE_NAIVE,4576,1,45760001,100.0,100.0,9,32,4,3,3,6.0,0.14678096771240234,100.0
20260213_151714,CE_NAIVE,4576,1,45760001,100.0,100.0,10,36,5,5,5,9.0,0.15269994735717773,535.0
20260213_151714,CE_NAIVE,4576,1,45760001,100.0,100.0,11,40,6,6,3,12.0,0.15774106979370117,860.0
20260213_151714,CE_NAIVE,4576,1,45760001,100.0,100.0,12,44,5,6,4,18.0,0.15201401710510254,930.0
20260213_151714,CE_NAIVE,4576,1,45760001,100.0,100.0,13,48,5,8,5,44.0,0.15445613861083984,983.3333333333333
20260213_151714,CE_NAIVE,4576,1,45760001,100.0,100.0,14,52,6,10,5,54.0,0.15922093391418457,1590.0
20260213_151714,CE_NAIVE,4576,1,45760001,100.0,100.0,15,56,7,7,5,45.0,0.15493488311767578,1340.0
20260213_151714,CE_NAIVE,4576,1,45760001,100.0,100.0,16,60,8,5,3,32.0,0.14768600463867188,1610.0
20260213_151714,CE_NAIVE,4863,1,48630001,100.0,100.0,1,0,0,1,1,0.0,0.1340498924255371,0.0
20260213_151714,CE_NAIVE,4863,1,48630001,100.0,100.0,2,4,0,1,1,0.0,0.134613037109375,0.0
20260213_151714,CE_NAIVE,4863,1,48630001,100.0,100.0,3,8,0,2,2,0.0,0.1398029327392578,0.0
20260213_151714,CE_NAIVE,4863,1,48630001,100.0,100.0,4,12,0,3,3,0.0,0.13920903205871582,0.0
20260213_151714,CE_NAIVE,4863,1,48630001,100.0,100.0,5,16,0,1,1,0.0,0.134443998336792,0.0
20260213_151714,CE_NAIVE,4863,1,48630001,100.0,100.0,6,20,0,7,5,15.0,0.29422712326049805,736.6666666666666
20260213_151714,CE_NAIVE,4863,1,48630001,100.0,100.0,7,24,2,9,5,25.0,0.8774049282073975,1020.0
20260213_151714,CE_NAIVE,4863,1,48630001,100.0,100.0,8,28,4,5,4,4.0,0.19467496871948242,360.0
20260213_151714,CE_NAIVE,4863,1,48630001,100.0,100.0,9,32,4,3,2,4.0,0.14017987251281738,500.0
20260213_151714,CE_NAIVE,4863,1,48630001,100.0,100.0,10,36,4,6,5,10.0,0.16324305534362793,380.0
20260213_151714,CE_NAIVE,4863,1,48630001,100.0,100.0,11,40,5,7,4,12.0,0.1528940200805664,860.0
20260213_151714,CE_NAIVE,4863,1,48630001,100.0,100.0,12,44,5,6,3,12.0,0.15159296989440918,860.0
20260213_151714,CE_NAIVE,4863,1,48630001,100.0,100.0,13,48,4,9,4,34.0,0.15525484085083008,840.0
20260213_151714,CE_NAIVE,4863,1,48630001,100.0,100.0,14,52,5,12,4,32.0,0.2649049758911133,1040.0
20260213_151714,CE_NAIVE,4863,1,48630001,100.0,100.0,15,56,5,10,6,98.0,0.15816307067871094,1520.0
20260213_151714,CE_NAIVE,4863,1,48630001,100.0,100.0,16,60,7,7,5,39.0,0.19439387321472168,1480.0
20260213_151714,CE_NAIVE,1157,1,11570001,100.0,100.0,1,0,0,1,1,0.0,0.1334090232849121,0.0
20260213_151714,CE_NAIVE,1157,1,11570001,100.0,100.0,2,4,0,1,1,0.0,0.13362407684326172,0.0
20260213_151714,CE_NAIVE,1157,1,11570001,100.0,100.0,3,8,0,2,2,0.0,0.13887310028076172,0.0
20260213_151714,CE_NAIVE,1157,1,11570001,100.0,100.0,4,12,0,3,3,0.0,0.14054393768310547,0.0
20260213_151714,CE_NAIVE,1157,1,11570001,100.0,100.0,5,16,0,1,1,0.0,0.13430309295654297,0.0
20260213_151714,CE_NAIVE,1157,1,11570001,100.0,100.0,6,20,0,7,5,15.0,0.24820709228515625,736.6666666666666
20260213_151714,CE_NAIVE,1157,1,11570001,100.0,100.0,7,24,2,9,5,25.0,0.9280350208282471,1070.0
20260213_151714,CE_NAIVE,1157,1,11570001,100.0,100.0,8,28,3,5,4,4.0,0.14571499824523926,500.0
20260213_151714,CE_NAIVE,1157,1,11570001,100.0,100.0,9,32,4,3,3,6.0,0.14656805992126465,100.0
20260213_151714,CE_NAIVE,1157,1,11570001,100.0,100.0,10,36,5,5,5,9.0,0.1537928581237793,535.0
20260213_151714,CE_NAIVE,1157,1,11570001,100.0,100.0,11,40,6,6,4,16.0,0.15990614891052246,790.0
20260213_151714,CE_NAIVE,1157,1,11570001,100.0,100.0,12,44,6,5,4,20.0,0.1537342071533203,1220.0
20260213_151714,CE_NAIVE,1157,1,11570001,100.0,100.0,13,48,6,7,5,45.0,0.16159796714782715,1563.3333333333335
20260213_151714,CE_NAIVE,1157,1,11570001,100.0,100.0,14,52,7,9,4,40.0,0.25184011459350586,1840.0
20260213_151714,CE_NAIVE,1157,1,11570001,100.0,100.0,15,56,7,7,5,45.0,0.20543813705444336,1920.0
20260213_151714,CE_NAIVE,1157,1,11570001,100.0,100.0,16,60,8,5,4,36.0,0.14737892150878906,1360.0
20260213_151714,CE_NAIVE,7445,1,74450001,100.0,100.0,1,0,0,1,1,0.0,0.1345510482788086,0.0
20260213_151714,CE_NAIVE,7445,1,74450001,100.0,100.0,2,4,0,1,1,0.0,0.13347697257995605,0.0
20260213_151714,CE_NAIVE,7445,1,74450001,100.0,100.0,3,8,0,2,2,0.0,0.14056897163391113,0.0
20260213_151714,CE_NAIVE,7445,1,74450001,100.0,100.0,4,12,0,3,3,0.0,0.13860082626342773,0.0
20260213_151714,CE_NAIVE,7445,1,74450001,100.0,100.0,5,16,0,1,1,0.0,0.13408517837524414,0.0
20260213_151714,CE_NAIVE,7445,1,74450001,100.0,100.0,6,20,0,7,5,15.0,0.24802899360656738,736.6666666666666
20260213_151714,CE_NAIVE,7445,1,74450001,100.0,100.0,7,24,2,9,5,25.0,0.9399681091308594,1020.0
20260213_151714,CE_NAIVE,7445,1,74450001,100.0,100.0,8,28,3,5,4,4.0,0.15113306045532227,360.0
20260213_151714,CE_NAIVE,7445,1,74450001,100.0,100.0,9,32,4,3,3,6.0,0.14115095138549805,170.0
20260213_151714,CE_NAIVE,7445,1,74450001,100.0,100.0,10,36,5,5,5,9.0,0.15453195571899414,535.0
20260213_151714,CE_NAIVE,7445,1,74450001,100.0,100.0,11,40,6,6,4,16.0,0.15745306015014648,790.0
20260213_151714,CE_NAIVE,7445,1,74450001,100.0,100.0,12,44,6,5,4,20.0,0.1526789665222168,1220.0
20260213_151714,CE_NAIVE,7445,1,74450001,100.0,100.0,13,48,6,7,4,32.0,0.16279911994934082,880.0
20260213_151714,CE_NAIVE,7445,1,74450001,100.0,100.0,14,52,6,10,4,48.0,0.20138001441955566,1480.0
20260213_151714,CE_NAIVE,7445,1,74450001,100.0,100.0,15,56,6,8,5,50.0,0.15376710891723633,1280.0
20260213_151714,CE_NAIVE,7445,1,74450001,100.0,100.0,16,60,7,6,4,32.0,0.1519148349761963,2150.0
20260213_151714,CE_NAIVE,7919,1,79190001,100.0,100.0,1,0,0,1,1,0.0,0.1350841522216797,0.0
20260213_151714,CE_NAIVE,7919,1,79190001,100.0,100.0,2,4,0,1,1,0.0,0.13463687896728516,0.0
20260213_151714,CE_NAIVE,7919,1,79190001,100.0,100.0,3,8,0,2,2,0.0,0.14144420623779297,0.0
20260213_151714,CE_NAIVE,7919,1,79190001,100.0,100.0,4,12,0,3,3,0.0,0.13954591751098633,0.0
20260213_151714,CE_NAIVE,7919,1,79190001,100.0,100.0,5,16,0,1,1,0.0,0.1347818374633789,0.0
20260213_151714,CE_NAIVE,7919,1,79190001,100.0,100.0,6,20,0,7,5,15.0,0.24855399131774902,736.6666666666666
20260213_151714,CE_NAIVE,7919,1,79190001,100.0,100.0,7,24,2,9,5,25.0,0.9288911819458008,895.0
20260213_151714,CE_NAIVE,7919,1,79190001,100.0,100.0,8,28,3,5,4,4.0,0.14948701858520508,360.0
20260213_151714,CE_NAIVE,7919,1,79190001,100.0,100.0,9,32,4,3,3,6.0,0.1472170352935791,240.0
20260213_151714,CE_NAIVE,7919,1,79190001,100.0,100.0,10,36,5,5,5,9.0,0.15524697303771973,535.0
20260213_151714,CE_NAIVE,7919,1,79190001,100.0,100.0,11,40,6,6,4,16.0,0.15929603576660156,790.0
20260213_151714,CE_NAIVE,7919,1,79190001,100.0,100.0,12,44,6,5,3,16.0,0.1928861141204834,1290.0
20260213_151714,CE_NAIVE,7919,1,79190001,100.0,100.0,13,48,5,8,4,28.0,0.16073203086853027,840.0
20260213_151714,CE_NAIVE,7919,1,79190001,100.0,100.0,14,52,5,11,4,42.0,0.16339111328125,960.0
20260213_151714,CE_NAIVE,7919,1,79190001,100.0,100.0,15,56,5,9,5,49.0,0.167449951171875,2040.0
20260213_151714,CE_NAIVE,7919,1,79190001,100.0,100.0,16,60,6,7,5,45.0,0.15990591049194336,2185.0
20260213_151714,CE_NAIVE,9026,1,90260001,100.0,100.0,1,0,0,1,1,0.0,0.1362769603729248,0.0
20260213_151714,CE_NAIVE,9026,1,90260001,100.0,100.0,2,4,0,1,1,0.0,0.14491796493530273,0.0
20260213_151714,CE_NAIVE,9026,1,90260001,100.0,100.0,3,8,0,2,2,0.0,0.13944292068481445,0.0
20260213_151714,CE_NAIVE,9026,1,90260001,100.0,100.0,4,12,0,3,3,0.0,0.13956093788146973,0.0
20260213_151714,CE_NAIVE,9026,1,90260001,100.0,100.0,5,16,0,1,1,0.0,0.13353180885314941,0.0
20260213_151714,CE_NAIVE,9026,1,90260001,100.0,100.0,6,20,0,7,5,15.0,0.24772214889526367,736.6666666666666
20260213_151714,CE_NAIVE,9026,1,90260001,100.0,100.0,7,24,2,9,5,25.0,0.9351720809936523,835.0
20260213_151714,CE_NAIVE,9026,1,90260001,100.0,100.0,8,28,4,5,4,4.0,0.14937710762023926,500.0
20260213_151714,CE_NAIVE,9026,1,90260001,100.0,100.0,9,32,4,3,3,6.0,0.14961791038513184,100.0
20260213_151714,CE_NAIVE,9026,1,90260001,100.0,100.0,10,36,5,5,5,9.0,0.15389513969421387,535.0
20260213_151714,CE_NAIVE,9026,1,90260001,100.0,100.0,11,40,6,6,4,16.0,0.2044820785522461,790.0
20260213_151714,CE_NAIVE,9026,1,90260001,100.0,100.0,12,44,6,5,4,20.0,0.15289998054504395,1220.0
20260213_151714,CE_NAIVE,9026,1,90260001,100.0,100.0,13,48,6,7,4,32.0,0.160599946975708,880.0
20260213_151714,CE_NAIVE,9026,1,90260001,100.0,100.0,14,52,6,10,4,48.0,0.15877294540405273,1480.0
20260213_151714,CE_NAIVE,9026,1,90260001,100.0,100.0,15,56,6,8,5,50.0,0.15508413314819336,1280.0
20260213_151714,CE_NAIVE,9026,1,90260001,100.0,100.0,16,60,7,6,4,32.0,0.1531069278717041,2150.0
20260213_151714,CE_NAIVE,8825,1,88250001,100.0,100.0,1,0,0,1,1,0.0,0.13592290878295898,0.0
20260213_151714,CE_NAIVE,8825,1,88250001,100.0,100.0,2,4,0,1,1,0.0,0.13475584983825684,0.0
20260213_151714,CE_NAIVE,8825,1,88250001,100.0,100.0,3,8,0,2,2,0.0,0.13950014114379883,0.0
20260213_151714,CE_NAIVE,8825,1,88250001,100.0,100.0,4,12,0,3,3,0.0,0.13941621780395508,0.0
20260213_151714,CE_NAIVE,8825,1,88250001,100.0,100.0,5,16,0,1,1,0.0,0.13452887535095215,0.0
20260213_151714,CE_NAIVE,8825,1,88250001,100.0,100.0,6,20,0,7,5,15.0,0.24924683570861816,736.6666666666666
20260213_151714,CE_NAIVE,8825,1,88250001,100.0,100.0,7,24,2,9,5,25.0,0.9362199306488037,720.0
20260213_151714,CE_NAIVE,8825,1,88250001,100.0,100.0,8,28,3,5,4,4.0,0.16451716423034668,500.0
20260213_151714,CE_NAIVE,8825,1,88250001,100.0,100.0,9,32,4,3,3,6.0,0.151231050491333,100.0
20260213_151714,CE_NAIVE,8825,1,88250001,100.0,100.0,10,36,5,5,4,4.0,0.15378308296203613,1000.0
20260213_151714,CE_NAIVE,8825,1,88250001,100.0,100.0,11,40,5,7,5,25.0,0.20749115943908691,480.0
20260213_151714,CE_NAIVE,8825,1,88250001,100.0,100.0,12,44,6,5,4,20.0,0.15372085571289062,1220.0
20260213_151714,CE_NAIVE,8825,1,88250001,100.0,100.0,13,48,6,7,4,32.0,0.1596839427947998,880.0
20260213_151714,CE_NAIVE,8825,1,88250001,100.0,100.0,14,52,6,10,5,54.0,0.15815186500549316,1590.0
20260213_151714,CE_NAIVE,8825,1,88250001,100.0,100.0,15,56,7,7,5,45.0,0.14880108833312988,1340.0
20260213_151714,CE_NAIVE,8825,1,88250001,100.0,100.0,16,60,8,5,4,36.0,0.14998888969421387,1360.0
20260213_151714,CE_NAIVE,7801,1,78010001,100.0,100.0,1,0,0,1,1,0.0,0.13406896591186523,0.0
20260213_151714,CE_NAIVE,7801,1,78010001,100.0,100.0,2,4,0,1,1,0.0,0.13428711891174316,0.0
20260213_151714,CE_NAIVE,7801,1,78010001,100.0,100.0,3,8,0,2,2,0.0,0.13925909996032715,0.0
20260213_151714,CE_NAIVE,7801,1,78010001,100.0,100.0,4,12,0,3,3,0.0,0.13909697532653809,0.0
20260213_151714,CE_NAIVE,7801,1,78010001,100.0,100.0,5,16,0,1,1,0.0,0.13436102867126465,0.0
20260213_151714,CE_NAIVE,7801,1,78010001,100.0,100.0,6,20,0,7,5,15.0,0.24868297576904297,736.6666666666666
20260213_151714,CE_NAIVE,7801,1,78010001,100.0,100.0,7,24,2,9,5,25.0,0.9372589588165283,895.0
20260213_151714,CE_NAIVE,7801,1,78010001,100.0,100.0,8,28,3,5,5,13.0,0.15380096435546875,355.0
20260213_151714,CE_NAIVE,7801,1,78010001,100.0,100.0,9,32,5,2,2,4.0,0.1421971321105957,100.0
20260213_151714,CE_NAIVE,7801,1,78010001,100.0,100.0,10,36,5,5,5,9.0,0.15465283393859863,535.0
20260213_151714,CE_NAIVE,7801,1,78010001,100.0,100.0,11,40,6,6,4,16.0,0.20458006858825684,790.0
20260213_151714,CE_NAIVE,7801,1,78010001,100.0,100.0,12,44,6,5,4,20.0,0.15375709533691406,1220.0
20260213_151714,CE_NAIVE,7801,1,78010001,100.0,100.0,13,48,6,7,5,45.0,0.15986919403076172,1563.3333333333335
20260213_151714,CE_NAIVE,7801,1,78010001,100.0,100.0,14,52,7,9,4,40.0,0.2483680248260498,2160.0
20260213_151714,CE_NAIVE,7801,1,78010001,100.0,100.0,15,56,7,7,5,45.0,0.1563858985900879,1920.0
20260213_151714,CE_NAIVE,7801,1,78010001,100.0,100.0,16,60,8,5,4,36.0,0.14824390411376953,1360.0
20260213_151714,CE_NAIVE,3576,1,35760001,100.0,100.0,1,0,0,1,1,0.0,0.13490986824035645,0.0
20260213_151714,CE_NAIVE,3576,1,35760001,100.0,100.0,2,4,0,1,1,0.0,0.13429999351501465,0.0
20260213_151714,CE_NAIVE,3576,1,35760001,100.0,100.0,3,8,0,2,2,0.0,0.14074301719665527,0.0
20260213_151714,CE_NAIVE,3576,1,35760001,100.0,100.0,4,12,0,3,3,0.0,0.13936400413513184,0.0
20260213_151714,CE_NAIVE,3576,1,35760001,100.0,100.0,5,16,0,1,1,0.0,0.13569998741149902,0.0
20260213_151714,CE_NAIVE,3576,1,35760001,100.0,100.0,6,20,0,7,5,15.0,0.2479419708251953,736.6666666666666
20260213_151714,CE_NAIVE,3576,1,35760001,100.0,100.0,7,24,2,9,5,25.0,0.9388408660888672,1070.0
20260213_151714,CE_NAIVE,3576,1,35760001,100.0,100.0,8,28,3,5,4,4.0,0.1465160846710205,360.0
20260213_151714,CE_NAIVE,3576,1,35760001,100.0,100.0,9,32,4,3,3,6.0,0.1477978229522705,240.0
20260213_151714,CE_NAIVE,3576,1,35760001,100.0,100.0,10,36,5,5,5,9.0,0.15542221069335938,535.0
20260213_151714,CE_NAIVE,3576,1,35760001,100.0,100.0,11,40,6,6,4,16.0,0.209244966506958,790.0
20260213_151714,CE_NAIVE,3576,1,35760001,100.0,100.0,12,44,6,5,4,20.0,0.15311408042907715,1220.0
20260213_151714,CE_NAIVE,3576,1,35760001,100.0,100.0,13,48,6,7,4,32.0,0.15999794006347656,880.0
20260213_151714,CE_NAIVE,3576,1,35760001,100.0,100.0,14,52,6,10,5,54.0,0.1587669849395752,1590.0
20260213_151714,CE_NAIVE,3576,1,35760001,100.0,100.0,15,56,7,7,5,45.0,0.15037989616394043,1340.0
20260213_151714,CE_NAIVE,3576,1,35760001,100.0,100.0,16,60,8,5,4,36.0,0.14802002906799316,1360.0
20260213_151714,CE_NAIVE,5108,1,51080001,100.0,100.0,1,0,0,1,1,0.0,0.13597393035888672,0.0
20260213_151714,CE_NAIVE,5108,1,51080001,100.0,100.0,2,4,0,1,1,0.0,0.13495588302612305,0.0
20260213_151714,CE_NAIVE,5108,1,51080001,100.0,100.0,3,8,0,2,2,0.0,0.13935112953186035,0.0
20260213_151714,CE_NAIVE,5108,1,51080001,100.0,100.0,4,12,0,3,3,0.0,0.13991308212280273,0.0
20260213_151714,CE_NAIVE,5108,1,51080001,100.0,100.0,5,16,0,1,1,0.0,0.13451409339904785,0.0
20260213_151714,CE_NAIVE,5108,1,51080001,100.0,100.0,6,20,0,7,5,15.0,0.24955415725708008,736.6666666666666
20260213_151714,CE_NAIVE,5108,1,51080001,100.0,100.0,7,24,2,9,5,25.0,0.9442501068115234,895.0
20260213_151714,CE_NAIVE,5108,1,51080001,100.0,100.0,8,28,4,5,5,11.0,0.15040087699890137,145.0
20260213_151714,CE_NAIVE,5108,1,51080001,100.0,100.0,9,32,5,2,2,4.0,0.15347599983215332,100.0
20260213_151714,CE_NAIVE,5108,1,51080001,100.0,100.0,10,36,5,5,4,8.0,0.15457797050476074,500.0
20260213_151714,CE_NAIVE,5108,1,51080001,100.0,100.0,11,40,5,7,4,20.0,0.15331697463989258,1290.0
20260213_151714,CE_NAIVE,5108,1,51080001,100.0,100.0,12,44,5,6,4,16.0,0.30859804153442383,1290.0
20260213_151714,CE_NAIVE,5108,1,51080001,100.0,100.0,13,48,5,8,5,44.0,0.24991703033447266,983.3333333333333
20260213_151714,CE_NAIVE,5108,1,51080001,100.0,100.0,14,52,6,10,5,54.0,0.15943098068237305,1590.0
20260213_151714,CE_NAIVE,5108,1,51080001,100.0,100.0,15,56,7,7,5,45.0,0.15722203254699707,1340.0
20260213_151714,CE_NAIVE,5108,1,51080001,100.0,100.0,16,60,8,5,4,36.0,0.14808011054992676,1360.0
20260213_151714,CE_NAIVE,7346,1,73460001,100.0,100.0,1,0,0,1,1,0.0,0.1350569725036621,0.0
20260213_151714,CE_NAIVE,7346,1,73460001,100.0,100.0,2,4,0,1,1,0.0,0.1344449520111084,0.0
20260213_151714,CE_NAIVE,7346,1,73460001,100.0,100.0,3,8,0,2,2,0.0,0.1402580738067627,0.0
20260213_151714,CE_NAIVE,7346,1,73460001,100.0,100.0,4,12,0,3,3,0.0,0.14069104194641113,0.0
20260213_151714,CE_NAIVE,7346,1,73460001,100.0,100.0,5,16,0,1,1,0.0,0.13622307777404785,0.0
20260213_151714,CE_NAIVE,7346,1,73460001,100.0,100.0,6,20,0,7,5,15.0,0.24731206893920898,736.6666666666666
20260213_151714,CE_NAIVE,7346,1,73460001,100.0,100.0,7,24,2,9,5,25.0,0.9427080154418945,1020.0
20260213_151714,CE_NAIVE,7346,1,73460001,100.0,100.0,8,28,4,5,4,4.0,0.15095996856689453,360.0
20260213_151714,CE_NAIVE,7346,1,73460001,100.0,100.0,9,32,4,3,3,6.0,0.1430659294128418,170.0
20260213_151714,CE_NAIVE,7346,1,73460001,100.0,100.0,10,36,5,5,5,9.0,0.15395808219909668,535.0
20260213_151714,CE_NAIVE,7346,1,73460001,100.0,100.0,11,40,6,6,4,16.0,0.20868611335754395,790.0
20260213_151714,CE_NAIVE,7346,1,73460001,100.0,100.0,12,44,6,5,4,20.0,0.1527540683746338,1220.0
20260213_151714,CE_NAIVE,7346,1,73460001,100.0,100.0,13,48,6,7,5,45.0,0.15977716445922852,1563.3333333333335
20260213_151714,CE_NAIVE,7346,1,73460001,100.0,100.0,14,52,7,9,5,45.0,0.25055909156799316,2120.0
20260213_151714,CE_NAIVE,7346,1,73460001,100.0,100.0,15,56,8,6,5,50.0,0.1536540985107422,1450.0
20260213_151714,CE_NAIVE,7346,1,73460001,100.0,100.0,16,60,9,4,4,30.0,0.14844894409179688,900.0
20260213_151714,CE_NAIVE,2659,1,26590001,100.0,100.0,1,0,0,1,1,0.0,0.13462281227111816,0.0
20260213_151714,CE_NAIVE,2659,1,26590001,100.0,100.0,2,4,0,1,1,0.0,0.13464879989624023,0.0
20260213_151714,CE_NAIVE,2659,1,26590001,100.0,100.0,3,8,0,2,2,0.0,0.13988089561462402,0.0
20260213_151714,CE_NAIVE,2659,1,26590001,100.0,100.0,4,12,0,3,3,0.0,0.14084506034851074,0.0
20260213_151714,CE_NAIVE,2659,1,26590001,100.0,100.0,5,16,0,1,1,0.0,0.13521099090576172,0.0
20260213_151714,CE_NAIVE,2659,1,26590001,100.0,100.0,6,20,0,7,5,15.0,0.24722719192504883,736.6666666666666
20260213_151714,CE_NAIVE,2659,1,26590001,100.0,100.0,7,24,2,9,5,25.0,0.9422290325164795,720.0
20260213_151714,CE_NAIVE,2659,1,26590001,100.0,100.0,8,28,3,5,4,4.0,0.15224599838256836,500.0
20260213_151714,CE_NAIVE,2659,1,26590001,100.0,100.0,9,32,4,3,3,6.0,0.14901494979858398,100.0
20260213_151714,CE_NAIVE,2659,1,26590001,100.0,100.0,10,36,5,5,4,4.0,0.15714287757873535,720.0
20260213_151714,CE_NAIVE,2659,1,26590001,100.0,100.0,11,40,5,7,4,12.0,0.20206189155578613,573.3333333333334
20260213_151714,CE_NAIVE,2659,1,26590001,100.0,100.0,12,44,5,6,4,18.0,0.1529860496520996,790.0
20260213_151714,CE_NAIVE,2659,1,26590001,100.0,100.0,13,48,5,8,5,44.0,0.15488004684448242,983.3333333333333
20260213_151714,CE_NAIVE,2659,1,26590001,100.0,100.0,14,52,6,10,4,48.0,0.16101813316345215,1480.0
20260213_151714,CE_NAIVE,2659,1,26590001,100.0,100.0,15,56,6,8,5,50.0,0.15507006645202637,1280.0
20260213_151714,CE_NAIVE,2659,1,26590001,100.0,100.0,16,60,7,6,4,32.0,0.15392303466796875,2150.0
20260213_151714,CE_NAIVE,1301,1,13010001,100.0,100.0,1,0,0,1,1,0.0,0.1353759765625,0.0
20260213_151714,CE_NAIVE,1301,1,13010001,100.0,100.0,2,4,0,1,1,0.0,0.1347060203552246,0.0
20260213_151714,CE_NAIVE,1301,1,13010001,100.0,100.0,3,8,0,2,2,0.0,0.1405789852142334,0.0
20260213_151714,CE_NAIVE,1301,1,13010001,100.0,100.0,4,12,0,3,3,0.0,0.1415560245513916,0.0
20260213_151714,CE_NAIVE,1301,1,13010001,100.0,100.0,5,16,0,1,1,0.0,0.13447904586791992,0.0
20260213_151714,CE_NAIVE,1301,1,13010001,100.0,100.0,6,20,0,7,5,15.0,0.2475109100341797,736.6666666666666
20260213_151714,CE_NAIVE,1301,1,13010001,100.0,100.0,7,24,2,9,6,48.0,0.9454209804534912,1080.0
20260213_151714,CE_NAIVE,1301,1,13010001,100.0,100.0,8,28,4,4,3,4.0,0.23515987396240234,500.0
20260213_151714,CE_NAIVE,1301,1,13010001,100.0,100.0,9,32,4,3,3,6.0,0.147705078125,100.0
20260213_151714,CE_NAIVE,1301,1,13010001,100.0,100.0,10,36,5,5,5,9.0,0.15629291534423828,535.0
20260213_151714,CE_NAIVE,1301,1,13010001,100.0,100.0,11,40,6,6,4,16.0,0.20685601234436035,790.0
20260213_151714,CE_NAIVE,1301,1,13010001,100.0,100.0,12,44,6,5,4,20.0,0.15358304977416992,1220.0
20260213_151714,CE_NAIVE,1301,1,13010001,100.0,100.0,13,48,6,7,5,45.0,0.1614668369293213,1563.3333333333335
20260213_151714,CE_NAIVE,1301,1,13010001,100.0,100.0,14,52,7,9,5,45.0,0.25240302085876465,2120.0
20260213_151714,CE_NAIVE,1301,1,13010001,100.0,100.0,15,56,8,6,4,38.0,0.1545720100402832,550.0
20260213_151714,CE_NAIVE,1301,1,13010001,100.0,100.0,16,60,8,5,4,36.0,0.14906787872314453,1360.0
20260213_151714,CE_NAIVE,5519,1,55190001,100.0,100.0,1,0,0,1,1,0.0,0.13608694076538086,0.0
20260213_151714,CE_NAIVE,5519,1,55190001,100.0,100.0,2,4,0,1,1,0.0,0.13706398010253906,0.0
20260213_151714,CE_NAIVE,5519,1,55190001,100.0,100.0,3,8,0,2,2,0.0,0.14120793342590332,0.0
20260213_151714,CE_NAIVE,5519,1,55190001,100.0,100.0,4,12,0,3,3,0.0,0.14049220085144043,0.0
20260213_151714,CE_NAIVE,5519,1,55190001,100.0,100.0,5,16,0,1,1,0.0,0.13547301292419434,0.0
20260213_151714,CE_NAIVE,5519,1,55190001,100.0,100.0,6,20,0,7,5,15.0,0.24870800971984863,736.6666666666666
20260213_151714,CE_NAIVE,5519,1,55190001,100.0,100.0,7,24,2,9,5,25.0,0.9456689357757568,895.0
20260213_151714,CE_NAIVE,5519,1,55190001,100.0,100.0,8,28,4,5,4,4.0,0.1505279541015625,500.0
20260213_151714,CE_NAIVE,5519,1,55190001,100.0,100.0,9,32,4,3,3,6.0,0.15006709098815918,100.0
20260213_151714,CE_NAIVE,5519,1,55190001,100.0,100.0,10,36,5,5,5,9.0,0.15552806854248047,535.0
20260213_151714,CE_NAIVE,5519,1,55190001,100.0,100.0,11,40,6,6,3,12.0,0.2312459945678711,860.0
20260213_151714,CE_NAIVE,5519,1,55190001,100.0,100.0,12,44,5,6,3,12.0,0.15305113792419434,860.0
20260213_151714,CE_NAIVE,5519,1,55190001,100.0,100.0,13,48,4,9,5,39.0,0.15802907943725586,943.3333333333333
20260213_151714,CE_NAIVE,5519,1,55190001,100.0,100.0,14,52,5,11,4,42.0,0.1649608612060547,960.0
20260213_151714,CE_NAIVE,5519,1,55190001,100.0,100.0,15,56,5,9,5,49.0,0.1699049472808838,2040.0
20260213_151714,CE_NAIVE,5519,1,55190001,100.0,100.0,16,60,6,7,5,45.0,0.16117405891418457,2185.0
20260213_151714,CE_NAIVE,1736,1,17360001,100.0,100.0,1,0,0,1,1,0.0,0.1365671157836914,0.0
20260213_151714,CE_NAIVE,1736,1,17360001,100.0,100.0,2,4,0,1,1,0.0,0.1347038745880127,0.0
20260213_151714,CE_NAIVE,1736,1,17360001,100.0,100.0,3,8,0,2,2,0.0,0.13924598693847656,0.0
20260213_151714,CE_NAIVE,1736,1,17360001,100.0,100.0,4,12,0,3,3,0.0,0.13942909240722656,0.0
20260213_151714,CE_NAIVE,1736,1,17360001,100.0,100.0,5,16,0,1,1,0.0,0.13481497764587402,0.0
20260213_151714,CE_NAIVE,1736,1,17360001,100.0,100.0,6,20,0,7,5,15.0,0.6002020835876465,736.6666666666666
20260213_151714,CE_NAIVE,1736,1,17360001,100.0,100.0,7,24,2,9,5,25.0,0.9073998928070068,895.0
20260213_151714,CE_NAIVE,1736,1,17360001,100.0,100.0,8,28,3,5,4,4.0,0.15071892738342285,500.0
20260213_151714,CE_NAIVE,1736,1,17360001,100.0,100.0,9,32,4,3,3,6.0,0.1507260799407959,100.0
20260213_151714,CE_NAIVE,1736,1,17360001,100.0,100.0,10,36,5,5,5,9.0,0.15442681312561035,535.0
20260213_151714,CE_NAIVE,1736,1,17360001,100.0,100.0,11,40,6,6,5,26.0,0.16042113304138184,1135.0
20260213_151714,CE_NAIVE,1736,1,17360001,100.0,100.0,12,44,7,4,4,18.0,0.1570429801940918,1500.0
20260213_151714,CE_NAIVE,1736,1,17360001,100.0,100.0,13,48,7,6,4,32.0,0.1647658348083496,700.0
20260213_151714,CE_NAIVE,1736,1,17360001,100.0,100.0,14,52,7,9,4,50.0,0.1628251075744629,1590.0
20260213_151714,CE_NAIVE,1736,1,17360001,100.0,100.0,15,56,7,7,5,39.0,0.15897107124328613,1500.0
20260213_151714,CE_NAIVE,1736,1,17360001,100.0,100.0,16,60,8,5,4,36.0,0.2027440071105957,1360.0
20260213_151714,CE_NAIVE,618,1,6180001,100.0,100.0,1,0,0,1,1,0.0,0.1376960277557373,0.0
20260213_151714,CE_NAIVE,618,1,6180001,100.0,100.0,2,4,0,1,1,0.0,0.1350419521331787,0.0
20260213_151714,CE_NAIVE,618,1,6180001,100.0,100.0,3,8,0,2,2,0.0,0.14128589630126953,0.0
20260213_151714,CE_NAIVE,618,1,6180001,100.0,100.0,4,12,0,3,3,0.0,0.14110589027404785,0.0
20260213_151714,CE_NAIVE,618,1,6180001,100.0,100.0,5,16,0,1,1,0.0,0.13596296310424805,0.0
20260213_151714,CE_NAIVE,618,1,6180001,100.0,100.0,6,20,0,7,5,15.0,0.25379300117492676,736.6666666666666
20260213_151714,CE_NAIVE,618,1,6180001,100.0,100.0,7,24,2,9,5,25.0,0.8962860107421875,1070.0
20260213_151714,CE_NAIVE,618,1,6180001,100.0,100.0,8,28,3,5,4,4.0,0.1984848976135254,500.0
20260213_151714,CE_NAIVE,618,1,6180001,100.0,100.0,9,32,4,3,3,6.0,0.15009593963623047,100.0
20260213_151714,CE_NAIVE,618,1,6180001,100.0,100.0,10,36,5,5,5,9.0,0.15433287620544434,535.0
20260213_151714,CE_NAIVE,618,1,6180001,100.0,100.0,11,40,6,6,3,12.0,0.15919995307922363,860.0
20260213_151714,CE_NAIVE,618,1,6180001,100.0,100.0,12,44,5,6,4,18.0,0.16435503959655762,790.0
20260213_151714,CE_NAIVE,618,1,6180001,100.0,100.0,13,48,5,8,5,44.0,0.15769100189208984,983.3333333333333
20260213_151714,CE_NAIVE,618,1,6180001,100.0,100.0,14,52,6,10,4,48.0,0.16128301620483398,1480.0
20260213_151714,CE_NAIVE,618,1,6180001,100.0,100.0,15,56,6,8,5,50.0,0.15589308738708496,1280.0
20260213_151714,CE_NAIVE,618,1,6180001,100.0,100.0,16,60,7,6,4,32.0,0.1544170379638672,2150.0
20260213_151714,CE_NAIVE,8254,1,82540001,100.0,100.0,1,0,0,1,1,0.0,0.13739299774169922,0.0
20260213_151714,CE_NAIVE,8254,1,82540001,100.0,100.0,2,4,0,1,1,0.0,0.13581109046936035,0.0
20260213_151714,CE_NAIVE,8254,1,82540001,100.0,100.0,3,8,0,2,2,0.0,0.14101004600524902,0.0
20260213_151714,CE_NAIVE,8254,1,82540001,100.0,100.0,4,12,0,3,3,0.0,0.13949894905090332,0.0
20260213_151714,CE_NAIVE,8254,1,82540001,100.0,100.0,5,16,0,1,1,0.0,0.13550090789794922,0.0
20260213_151714,CE_NAIVE,8254,1,82540001,100.0,100.0,6,20,0,7,5,15.0,0.25280094146728516,736.6666666666666
20260213_151714,CE_NAIVE,8254,1,82540001,100.0,100.0,7,24,2,9,5,25.0,0.9490580558776855,1320.0
20260213_151714,CE_NAIVE,8254,1,82540001,100.0,100.0,8,28,3,5,4,4.0,0.1491250991821289,333.3333333333333
20260213_151714,CE_NAIVE,8254,1,82540001,100.0,100.0,9,32,4,3,3,6.0,0.14963579177856445,100.0
20260213_151714,CE_NAIVE,8254,1,82540001,100.0,100.0,10,36,5,5,5,9.0,0.15512394905090332,535.0
20260213_151714,CE_NAIVE,8254,1,82540001,100.0,100.0,11,40,6,6,3,12.0,0.1589648723602295,860.0
20260213_151714,CE_NAIVE,8254,1,82540001,100.0,100.0,12,44,5,6,4,18.0,0.20292901992797852,790.0
20260213_151714,CE_NAIVE,8254,1,82540001,100.0,100.0,13,48,5,8,5,44.0,0.15828990936279297,983.3333333333333
20260213_151714,CE_NAIVE,8254,1,82540001,100.0,100.0,14,52,6,10,4,48.0,0.159682035446167,1480.0
20260213_151714,CE_NAIVE,8254,1,82540001,100.0,100.0,15,56,6,8,5,50.0,0.1543560028076172,1280.0
20260213_151714,CE_NAIVE,8254,1,82540001,100.0,100.0,16,60,7,6,4,32.0,0.1548018455505371,2150.0
20260213_151714,CE_NAIVE,7340,1,73400001,100.0,100.0,1,0,0,1,1,0.0,0.13729619979858398,0.0
20260213_151714,CE_NAIVE,7340,1,73400001,100.0,100.0,2,4,0,1,1,0.0,0.13609790802001953,0.0
20260213_151714,CE_NAIVE,7340,1,73400001,100.0,100.0,3,8,0,2,2,0.0,0.1407170295715332,0.0
20260213_151714,CE_NAIVE,7340,1,73400001,100.0,100.0,4,12,0,3,3,0.0,0.14046883583068848,0.0
20260213_151714,CE_NAIVE,7340,1,73400001,100.0,100.0,5,16,0,1,1,0.0,0.1360459327697754,0.0
20260213_151714,CE_NAIVE,7340,1,73400001,100.0,100.0,6,20,0,7,5,15.0,0.25125789642333984,736.6666666666666
20260213_151714,CE_NAIVE,7340,1,73400001,100.0,100.0,7,24,2,9,5,25.0,0.9456510543823242,720.0
20260213_151714,CE_NAIVE,7340,1,73400001,100.0,100.0,8,28,3,5,4,4.0,0.15481090545654297,500.0
20260213_151714,CE_NAIVE,7340,1,73400001,100.0,100.0,9,32,4,3,3,6.0,0.15007901191711426,100.0
20260213_151714,CE_NAIVE,7340,1,73400001,100.0,100.0,10,36,5,5,5,9.0,0.15464401245117188,535.0
20260213_151714,CE_NAIVE,7340,1,73400001,100.0,100.0,11,40,6,6,4,16.0,0.1602461338043213,790.0
20260213_151714,CE_NAIVE,7340,1,73400001,100.0,100.0,12,44,6,5,4,20.0,0.15624403953552246,1220.0
20260213_151714,CE_NAIVE,7340,1,73400001,100.0,100.0,13,48,6,7,4,32.0,0.20608091354370117,880.0
20260213_151714,CE_NAIVE,7340,1,73400001,100.0,100.0,14,52,6,10,4,48.0,0.16016411781311035,1480.0
20260213_151714,CE_NAIVE,7340,1,73400001,100.0,100.0,15,56,6,8,5,50.0,0.15519499778747559,1280.0
20260213_151714,CE_NAIVE,7340,1,73400001,100.0,100.0,16,60,7,6,4,32.0,0.15596604347229004,2150.0
20260213_151714,CE_FULL,6910,1,69100001,100.0,100.0,1,0,0,1,1,0.0,0.5027308464050293,0.0
20260213_151714,CE_FULL,6910,1,69100001,100.0,100.0,2,4,0,1,1,0.0,0.1416611671447754,0.0
20260213_151714,CE_FULL,6910,1,69100001,100.0,100.0,3,8,0,2,2,0.0,0.37204408645629883,0.0
20260213_151714,CE_FULL,6910,1,69100001,100.0,100.0,4,12,0,3,3,0.0,0.5829241275787354,0.0
20260213_151714,CE_FULL,6910,1,69100001,100.0,100.0,5,16,0,1,1,0.0,0.14133095741271973,0.0
20260213_151714,CE_FULL,6910,1,69100001,100.0,100.0,6,20,0,7,4,12.0,19.308130979537964,720.0
20260213_151714,CE_FULL,6910,1,69100001,100.0,100.0,7,24,2,10,4,24.0,0.006864070892333984,1000.0
20260213_151714,CE_FULL,6910,1,69100001,100.0,100.0,8,28,2,7,5,15.0,16.01044487953186,1020.0
20260213_151714,CE_FULL,6910,1,69100001,100.0,100.0,9,32,4,4,4,6.0,1.5093910694122314,313.3333333333333
20260213_151714,CE_FULL,6910,1,69100001,100.0,100.0,10,36,5,5,4,4.0,2.1616549491882324,720.0
20260213_151714,CE_FULL,6910,1,69100001,100.0,100.0,11,40,5,7,5,25.0,21.428189992904663,883.3333333333333
20260213_151714,CE_FULL,6910,1,69100001,100.0,100.0,12,44,6,5,4,20.0,2.1868090629577637,1220.0
20260213_151714,CE_FULL,6910,1,69100001,100.0,100.0,13,48,6,7,4,32.0,27.138894081115723,880.0
20260213_151714,CE_FULL,6910,1,69100001,100.0,100.0,14,52,6,10,4,48.0,0.002901792526245117,2040.0
20260213_151714,CE_FULL,6910,1,69100001,100.0,100.0,15,56,6,8,4,46.0,0.0007631778717041016,1800.0
20260213_151714,CE_FULL,6910,1,69100001,100.0,100.0,16,60,7,7,5,39.0,21.485944032669067,1410.0
20260213_151714,CE_FULL,4953,1,49530001,100.0,100.0,1,0,0,1,1,0.0,0.14624595642089844,0.0
20260213_151714,CE_FULL,4953,1,49530001,100.0,100.0,2,4,0,1,1,0.0,0.14501714706420898,0.0
20260213_151714,CE_FULL,4953,1,49530001,100.0,100.0,3,8,0,2,2,0.0,0.16832590103149414,0.0
20260213_151714,CE_FULL,4953,1,49530001,100.0,100.0,4,12,0,3,3,0.0,0.337785005569458,0.0
20260213_151714,CE_FULL,4953,1,49530001,100.0,100.0,5,16,0,1,1,0.0,0.1470940113067627,0.0
20260213_151714,CE_FULL,4953,1,49530001,100.0,100.0,6,20,0,7,5,15.0,6.206351041793823,1070.0
20260213_151714,CE_FULL,4953,1,49530001,100.0,100.0,7,24,2,9,4,20.0,0.0016469955444335938,973.3333333333334
20260213_151714,CE_FULL,4953,1,49530001,100.0,100.0,8,28,2,6,5,10.0,7.809666872024536,268.3333333333333
20260213_151714,CE_FULL,4953,1,49530001,100.0,100.0,9,32,4,3,3,6.0,0.5979080200195312,170.0
20260213_151714,CE_FULL,4953,1,49530001,100.0,100.0,10,36,5,5,5,9.0,1.0634729862213135,535.0
20260213_151714,CE_FULL,4953,1,49530001,100.0,100.0,11,40,6,6,4,16.0,6.5233869552612305,1290.0
20260213_151714,CE_FULL,4953,1,49530001,100.0,100.0,12,44,6,5,4,20.0,1.1409211158752441,1220.0
20260213_151714,CE_FULL,4953,1,49530001,100.0,100.0,13,48,6,7,4,32.0,9.95579195022583,880.0
20260213_151714,CE_FULL,4953,1,49530001,100.0,100.0,14,52,6,10,4,48.0,0.002964019775390625,2040.0
20260213_151714,CE_FULL,4953,1,49530001,100.0,100.0,15,56,6,8,4,46.0,0.0007588863372802734,1800.0
20260213_151714,CE_FULL,4953,1,49530001,100.0,100.0,16,60,7,7,5,39.0,6.138806104660034,1410.0
20260213_151714,CE_FULL,8042,1,80420001,100.0,100.0,1,0,0,1,1,0.0,0.15665292739868164,0.0
20260213_151714,CE_FULL,8042,1,80420001,100.0,100.0,2,4,0,1,1,0.0,0.14550304412841797,0.0
20260213_151714,CE_FULL,8042,1,80420001,100.0,100.0,3,8,0,2,2,0.0,0.16798901557922363,0.0
20260213_151714,CE_FULL,8042,1,80420001,100.0,100.0,4,12,0,3,3,0.0,0.29555797576904297,0.0
20260213_151714,CE_FULL,8042,1,80420001,100.0,100.0,5,16,0,1,1,0.0,0.14443612098693848,0.0
20260213_151714,CE_FULL,8042,1,80420001,100.0,100.0,6,20,0,7,5,15.0,5.958126068115234,736.6666666666666
20260213_151714,CE_FULL,8042,1,80420001,100.0,100.0,7,24,2,9,4,20.0,0.0016450881958007812,1000.0
20260213_151714,CE_FULL,8042,1,80420001,100.0,100.0,8,28,2,6,5,10.0,6.377624034881592,1070.0
20260213_151714,CE_FULL,8042,1,80420001,100.0,100.0,9,32,4,3,3,6.0,0.543569803237915,100.0
20260213_151714,CE_FULL,8042,1,80420001,100.0,100.0,10,36,5,5,5,9.0,1.1277408599853516,535.0
20260213_151714,CE_FULL,8042,1,80420001,100.0,100.0,11,40,6,6,4,16.0,3.147660970687866,1290.0
20260213_151714,CE_FULL,8042,1,80420001,100.0,100.0,12,44,6,5,3,16.0,1.152104139328003,1290.0
20260213_151714,CE_FULL,8042,1,80420001,100.0,100.0,13,48,5,8,4,52.0,0.0008041858673095703,838.3333333333333
20260213_151714,CE_FULL,8042,1,80420001,100.0,100.0,14,52,7,11,4,48.0,0.005934000015258789,1740.0
20260213_151714,CE_FULL,8042,1,80420001,100.0,100.0,15,56,7,9,4,40.0,0.0016660690307617188,1700.0
20260213_151714,CE_FULL,8042,1,80420001,100.0,100.0,16,60,7,8,4,36.0,0.0007770061492919922,1120.0
20260213_151714,CE_FULL,180,1,1800001,100.0,100.0,1,0,0,1,1,0.0,0.14400315284729004,0.0
20260213_151714,CE_FULL,180,1,1800001,100.0,100.0,2,4,0,1,1,0.0,0.14348101615905762,0.0
20260213_151714,CE_FULL,180,1,1800001,100.0,100.0,3,8,0,2,2,0.0,0.16704988479614258,0.0
20260213_151714,CE_FULL,180,1,1800001,100.0,100.0,4,12,0,3,3,0.0,0.2934989929199219,0.0
20260213_151714,CE_FULL,180,1,1800001,100.0,100.0,5,16,0,1,1,0.0,0.14273905754089355,0.0
20260213_151714,CE_FULL,180,1,1800001,100.0,100.0,6,20,0,7,5,15.0,5.870835065841675,1320.0
20260213_151714,CE_FULL,180,1,1800001,100.0,100.0,7,24,2,9,4,20.0,0.0016582012176513672,973.3333333333334
20260213_151714,CE_FULL,180,1,1800001,100.0,100.0,8,28,2,6,5,10.0,7.456768035888672,303.3333333333333
20260213_151714,CE_FULL,180,1,1800001,100.0,100.0,9,32,4,3,3,6.0,0.30164384841918945,170.0
20260213_151714,CE_FULL,180,1,1800001,100.0,100.0,10,36,5,5,4,8.0,1.1416702270507812,500.0
20260213_151714,CE_FULL,180,1,1800001,100.0,100.0,11,40,5,7,4,12.0,21.421658039093018,860.0
20260213_151714,CE_FULL,180,1,1800001,100.0,100.0,12,44,5,6,3,12.0,6.548545837402344,860.0
20260213_151714,CE_FULL,180,1,1800001,100.0,100.0,13,48,4,9,4,48.0,0.0014979839324951172,813.3333333333333
20260213_151714,CE_FULL,180,1,1800001,100.0,100.0,14,52,6,12,4,56.0,0.012033939361572266,1392.0
20260213_151714,CE_FULL,180,1,1800001,100.0,100.0,15,56,6,10,4,44.0,0.003156900405883789,1340.0
20260213_151714,CE_FULL,180,1,1800001,100.0,100.0,16,60,6,9,4,40.0,0.0016169548034667969,1480.0
20260213_151714,CE_FULL,6646,1,66460001,100.0,100.0,1,0,0,1,1,0.0,0.14663004875183105,0.0
20260213_151714,CE_FULL,6646,1,66460001,100.0,100.0,2,4,0,1,1,0.0,0.1442890167236328,0.0
20260213_151714,CE_FULL,6646,1,66460001,100.0,100.0,3,8,0,2,2,0.0,0.16830086708068848,0.0
20260213_151714,CE_FULL,6646,1,66460001,100.0,100.0,4,12,0,3,3,0.0,0.2966790199279785,0.0
20260213_151714,CE_FULL,6646,1,66460001,100.0,100.0,5,16,0,1,1,0.0,0.14604806900024414,0.0
20260213_151714,CE_FULL,6646,1,66460001,100.0,100.0,6,20,0,7,5,15.0,5.952371835708618,1320.0
20260213_151714,CE_FULL,6646,1,66460001,100.0,100.0,7,24,2,9,4,20.0,0.0016720294952392578,973.3333333333334
20260213_151714,CE_FULL,6646,1,66460001,100.0,100.0,8,28,2,6,5,10.0,7.293506860733032,303.3333333333333
20260213_151714,CE_FULL,6646,1,66460001,100.0,100.0,9,32,4,3,3,6.0,0.3026459217071533,170.0
20260213_151714,CE_FULL,6646,1,66460001,100.0,100.0,10,36,5,5,5,9.0,1.1522538661956787,535.0
20260213_151714,CE_FULL,6646,1,66460001,100.0,100.0,11,40,6,6,4,16.0,3.2685630321502686,1290.0
20260213_151714,CE_FULL,6646,1,66460001,100.0,100.0,12,44,6,5,4,20.0,1.1149799823760986,1220.0
20260213_151714,CE_FULL,6646,1,66460001,100.0,100.0,13,48,6,7,4,32.0,10.1060209274292,880.0
20260213_151714,CE_FULL,6646,1,66460001,100.0,100.0,14,52,6,10,4,48.0,0.0030210018157958984,2040.0
20260213_151714,CE_FULL,6646,1,66460001,100.0,100.0,15,56,6,8,4,46.0,0.0007638931274414062,1800.0
20260213_151714,CE_FULL,6646,1,66460001,100.0,100.0,16,60,7,7,4,28.0,6.221981048583984,1440.0
20260213_151714,CE_FULL,1744,1,17440001,100.0,100.0,1,0,0,1,1,0.0,0.14626717567443848,0.0
20260213_151714,CE_FULL,1744,1,17440001,100.0,100.0,2,4,0,1,1,0.0,0.1454000473022461,0.0
20260213_151714,CE_FULL,1744,1,17440001,100.0,100.0,3,8,0,2,2,0.0,0.16916298866271973,0.0
20260213_151714,CE_FULL,1744,1,17440001,100.0,100.0,4,12,0,3,3,0.0,0.3004148006439209,0.0
20260213_151714,CE_FULL,1744,1,17440001,100.0,100.0,5,16,0,1,1,0.0,0.1455550193786621,0.0
20260213_151714,CE_FULL,1744,1,17440001,100.0,100.0,6,20,0,7,7,63.0,6.2049400806427,1080.0
20260213_151714,CE_FULL,1744,1,17440001,100.0,100.0,7,24,4,7,5,15.0,17.18961000442505,720.0
20260213_151714,CE_FULL,1744,1,17440001,100.0,100.0,8,28,5,3,3,6.0,0.6074140071868896,190.0
20260213_151714,CE_FULL,1744,1,17440001,100.0,100.0,9,32,5,2,2,4.0,0.35190796852111816,100.0
20260213_151714,CE_FULL,1744,1,17440001,100.0,100.0,10,36,5,5,5,9.0,1.095438003540039,535.0
20260213_151714,CE_FULL,1744,1,17440001,100.0,100.0,11,40,6,6,4,16.0,3.3329360485076904,1290.0
20260213_151714,CE_FULL,1744,1,17440001,100.0,100.0,12,44,6,5,4,20.0,1.1913518905639648,1220.0
20260213_151714,CE_FULL,1744,1,17440001,100.0,100.0,13,48,6,7,4,32.0,9.601810932159424,880.0
20260213_151714,CE_FULL,1744,1,17440001,100.0,100.0,14,52,6,10,4,48.0,0.0031180381774902344,2040.0
20260213_151714,CE_FULL,1744,1,17440001,100.0,100.0,15,56,6,8,4,46.0,0.0008299350738525391,1800.0
20260213_151714,CE_FULL,1744,1,17440001,100.0,100.0,16,60,7,7,5,39.0,6.239486932754517,1410.0
20260213_151714,CE_FULL,9250,1,92500001,100.0,100.0,1,0,0,1,1,0.0,0.14580917358398438,0.0
20260213_151714,CE_FULL,9250,1,92500001,100.0,100.0,2,4,0,1,1,0.0,0.1451740264892578,0.0
20260213_151714,CE_FULL,9250,1,92500001,100.0,100.0,3,8,0,2,2,0.0,0.16954708099365234,0.0
20260213_151714,CE_FULL,9250,1,92500001,100.0,100.0,4,12,0,3,3,0.0,0.3006770610809326,0.0
20260213_151714,CE_FULL,9250,1,92500001,100.0,100.0,5,16,0,1,1,0.0,0.14542603492736816,0.0
20260213_151714,CE_FULL,9250,1,92500001,100.0,100.0,6,20,0,7,6,32.0,6.105799913406372,440.0
20260213_151714,CE_FULL,9250,1,92500001,100.0,100.0,7,24,4,8,4,16.0,0.0007581710815429688,960.0
20260213_151714,CE_FULL,9250,1,92500001,100.0,100.0,8,28,4,5,5,13.0,2.176996946334839,330.0
20260213_151714,CE_FULL,9250,1,92500001,100.0,100.0,9,32,5,2,2,4.0,0.17351698875427246,100.0
20260213_151714,CE_FULL,9250,1,92500001,100.0,100.0,10,36,5,5,5,9.0,1.1770849227905273,535.0
20260213_151714,CE_FULL,9250,1,92500001,100.0,100.0,11,40,6,6,4,16.0,3.416457176208496,1290.0
20260213_151714,CE_FULL,9250,1,92500001,100.0,100.0,12,44,6,5,4,20.0,1.126443862915039,1220.0
20260213_151714,CE_FULL,9250,1,92500001,100.0,100.0,13,48,6,7,4,32.0,10.266604900360107,880.0
20260213_151714,CE_FULL,9250,1,92500001,100.0,100.0,14,52,6,10,4,48.0,0.0031468868255615234,2040.0
20260213_151714,CE_FULL,9250,1,92500001,100.0,100.0,15,56,6,8,4,46.0,0.0008358955383300781,1800.0
20260213_151714,CE_FULL,9250,1,92500001,100.0,100.0,16,60,7,7,5,39.0,6.385130882263184,1410.0
20260213_151714,CE_FULL,7566,1,75660001,100.0,100.0,1,0,0,1,1,0.0,0.15101003646850586,0.0
20260213_151714,CE_FULL,7566,1,75660001,100.0,100.0,2,4,0,1,1,0.0,0.14788818359375,0.0
20260213_151714,CE_FULL,7566,1,75660001,100.0,100.0,3,8,0,2,2,0.0,0.17345905303955078,0.0
20260213_151714,CE_FULL,7566,1,75660001,100.0,100.0,4,12,0,3,3,0.0,0.30751991271972656,0.0
20260213_151714,CE_FULL,7566,1,75660001,100.0,100.0,5,16,0,1,1,0.0,0.14559316635131836,0.0
20260213_151714,CE_FULL,7566,1,75660001,100.0,100.0,6,20,0,7,6,32.0,6.258111953735352,1680.0
20260213_151714,CE_FULL,7566,1,75660001,100.0,100.0,7,24,3,8,4,16.0,0.0007870197296142578,960.0
20260213_151714,CE_FULL,7566,1,75660001,100.0,100.0,8,28,3,5,5,13.0,1.2202608585357666,330.0
20260213_151714,CE_FULL,7566,1,75660001,100.0,100.0,9,32,5,2,2,4.0,0.1741619110107422,100.0
20260213_151714,CE_FULL,7566,1,75660001,100.0,100.0,10,36,5,5,5,9.0,1.184269905090332,535.0
20260213_151714,CE_FULL,7566,1,75660001,100.0,100.0,11,40,6,6,4,16.0,3.334713935852051,1290.0
20260213_151714,CE_FULL,7566,1,75660001,100.0,100.0,12,44,6,5,4,20.0,1.227694034576416,1220.0
20260213_151714,CE_FULL,7566,1,75660001,100.0,100.0,13,48,6,7,4,32.0,9.850566148757935,880.0
20260213_151714,CE_FULL,7566,1,75660001,100.0,100.0,14,52,6,10,4,48.0,0.0030679702758789062,2040.0
20260213_151714,CE_FULL,7566,1,75660001,100.0,100.0,15,56,6,8,4,46.0,0.00078582763671875,1800.0
20260213_151714,CE_FULL,7566,1,75660001,100.0,100.0,16,60,7,7,5,39.0,6.373744010925293,1410.0
20260213_151714,CE_FULL,8740,1,87400001,100.0,100.0,1,0,0,1,1,0.0,0.14755797386169434,0.0
20260213_151714,CE_FULL,8740,1,87400001,100.0,100.0,2,4,0,1,1,0.0,0.14687705039978027,0.0
20260213_151714,CE_FULL,8740,1,87400001,100.0,100.0,3,8,0,2,2,0.0,0.22708392143249512,0.0
20260213_151714,CE_FULL,8740,1,87400001,100.0,100.0,4,12,0,3,3,0.0,0.3061678409576416,0.0
20260213_151714,CE_FULL,8740,1,87400001,100.0,100.0,5,16,0,1,1,0.0,0.14721012115478516,0.0
20260213_151714,CE_FULL,8740,1,87400001,100.0,100.0,6,20,0,7,5,15.0,6.2858569622039795,1320.0
20260213_151714,CE_FULL,8740,1,87400001,100.0,100.0,7,24,2,9,4,20.0,0.001692056655883789,973.3333333333334
20260213_151714,CE_FULL,8740,1,87400001,100.0,100.0,8,28,2,6,5,10.0,3.722278118133545,303.3333333333333
20260213_151714,CE_FULL,8740,1,87400001,100.0,100.0,9,32,4,3,3,6.0,0.31174302101135254,170.0
20260213_151714,CE_FULL,8740,1,87400001,100.0,100.0,10,36,5,5,5,9.0,1.1490051746368408,535.0
20260213_151714,CE_FULL,8740,1,87400001,100.0,100.0,11,40,6,6,4,16.0,3.4436450004577637,1290.0
20260213_151714,CE_FULL,8740,1,87400001,100.0,100.0,12,44,6,5,4,20.0,1.1614739894866943,1220.0
20260213_151714,CE_FULL,8740,1,87400001,100.0,100.0,13,48,6,7,4,32.0,10.030567169189453,880.0
20260213_151714,CE_FULL,8740,1,87400001,100.0,100.0,14,52,6,10,4,48.0,0.003180980682373047,2040.0
20260213_151714,CE_FULL,8740,1,87400001,100.0,100.0,15,56,6,8,4,46.0,0.0008399486541748047,1800.0
20260213_151714,CE_FULL,8740,1,87400001,100.0,100.0,16,60,7,7,5,39.0,6.451755046844482,1410.0
20260213_151714,CE_FULL,7526,1,75260001,100.0,100.0,1,0,0,1,1,0.0,0.14895415306091309,0.0
20260213_151714,CE_FULL,7526,1,75260001,100.0,100.0,2,4,0,1,1,0.0,0.15790891647338867,0.0
20260213_151714,CE_FULL,7526,1,75260001,100.0,100.0,3,8,0,2,2,0.0,0.17400383949279785,0.0
20260213_151714,CE_FULL,7526,1,75260001,100.0,100.0,4,12,0,3,3,0.0,0.31174612045288086,0.0
20260213_151714,CE_FULL,7526,1,75260001,100.0,100.0,5,16,0,1,1,0.0,0.21309399604797363,0.0
20260213_151714,CE_FULL,7526,1,75260001,100.0,100.0,6,20,0,7,6,32.0,6.365025043487549,1680.0
20260213_151714,CE_FULL,7526,1,75260001,100.0,100.0,7,24,3,8,4,16.0,0.0007700920104980469,960.0
20260213_151714,CE_FULL,7526,1,75260001,100.0,100.0,8,28,3,5,5,13.0,1.1634809970855713,330.0
20260213_151714,CE_FULL,7526,1,75260001,100.0,100.0,9,32,5,2,2,4.0,0.17702102661132812,100.0
20260213_151714,CE_FULL,7526,1,75260001,100.0,100.0,10,36,5,5,5,9.0,1.2404799461364746,535.0
20260213_151714,CE_FULL,7526,1,75260001,100.0,100.0,11,40,6,6,4,16.0,3.390223979949951,1290.0
20260213_151714,CE_FULL,7526,1,75260001,100.0,100.0,12,44,6,5,4,20.0,1.259652853012085,1220.0
20260213_151714,CE_FULL,7526,1,75260001,100.0,100.0,13,48,6,7,4,32.0,10.57774806022644,880.0
20260213_151714,CE_FULL,7526,1,75260001,100.0,100.0,14,52,6,10,4,48.0,0.0030639171600341797,2040.0
20260213_151714,CE_FULL,7526,1,75260001,100.0,100.0,15,56,6,8,4,46.0,0.0007979869842529297,1800.0
20260213_151714,CE_FULL,7526,1,75260001,100.0,100.0,16,60,7,7,5,39.0,6.6651451587677,1410.0
20260213_151714,CE_FULL,6150,1,61500001,100.0,100.0,1,0,0,1,1,0.0,0.14909601211547852,0.0
20260213_151714,CE_FULL,6150,1,61500001,100.0,100.0,2,4,0,1,1,0.0,0.14923810958862305,0.0
20260213_151714,CE_FULL,6150,1,61500001,100.0,100.0,3,8,0,2,2,0.0,0.17447113990783691,0.0
20260213_151714,CE_FULL,6150,1,61500001,100.0,100.0,4,12,0,3,3,0.0,0.378619909286499,0.0
20260213_151714,CE_FULL,6150,1,61500001,100.0,100.0,5,16,0,1,1,0.0,0.14852285385131836,0.0
20260213_151714,CE_FULL,6150,1,61500001,100.0,100.0,6,20,0,7,5,15.0,6.536884069442749,1320.0
20260213_151714,CE_FULL,6150,1,61500001,100.0,100.0,7,24,2,9,4,20.0,0.0016968250274658203,973.3333333333334
20260213_151714,CE_FULL,6150,1,61500001,100.0,100.0,8,28,2,6,5,10.0,3.6952099800109863,303.3333333333333
20260213_151714,CE_FULL,6150,1,61500001,100.0,100.0,9,32,4,3,3,6.0,0.32246899604797363,170.0
20260213_151714,CE_FULL,6150,1,61500001,100.0,100.0,10,36,5,5,4,4.0,1.2619068622589111,720.0
20260213_151714,CE_FULL,6150,1,61500001,100.0,100.0,11,40,5,7,5,25.0,7.033026933670044,883.3333333333333
20260213_151714,CE_FULL,6150,1,61500001,100.0,100.0,12,44,6,5,4,20.0,1.1914269924163818,1220.0
20260213_151714,CE_FULL,6150,1,61500001,100.0,100.0,13,48,6,7,4,32.0,10.208521842956543,880.0
20260213_151714,CE_FULL,6150,1,61500001,100.0,100.0,14,52,6,10,4,48.0,0.003036975860595703,2040.0
20260213_151714,CE_FULL,6150,1,61500001,100.0,100.0,15,56,6,8,4,46.0,0.0007708072662353516,1800.0
20260213_151714,CE_FULL,6150,1,61500001,100.0,100.0,16,60,7,7,5,39.0,6.6599249839782715,1410.0
20260213_151714,CE_FULL,5660,1,56600001,100.0,100.0,1,0,0,1,1,0.0,0.14929819107055664,0.0
20260213_151714,CE_FULL,5660,1,56600001,100.0,100.0,2,4,0,1,1,0.0,0.20676493644714355,0.0
20260213_151714,CE_FULL,5660,1,56600001,100.0,100.0,3,8,0,2,2,0.0,0.17520880699157715,0.0
20260213_151714,CE_FULL,5660,1,56600001,100.0,100.0,4,12,0,3,3,0.0,0.31485700607299805,0.0
20260213_151714,CE_FULL,5660,1,56600001,100.0,100.0,5,16,0,1,1,0.0,0.14815092086791992,0.0
20260213_151714,CE_FULL,5660,1,56600001,100.0,100.0,6,20,0,7,5,15.0,6.837023019790649,1070.0
20260213_151714,CE_FULL,5660,1,56600001,100.0,100.0,7,24,2,9,4,20.0,0.0017931461334228516,973.3333333333334
20260213_151714,CE_FULL,5660,1,56600001,100.0,100.0,8,28,2,6,5,10.0,4.004447937011719,268.3333333333333
20260213_151714,CE_FULL,5660,1,56600001,100.0,100.0,9,32,4,3,3,6.0,0.32643604278564453,170.0
20260213_151714,CE_FULL,5660,1,56600001,100.0,100.0,10,36,5,5,5,9.0,1.2763571739196777,535.0
20260213_151714,CE_FULL,5660,1,56600001,100.0,100.0,11,40,6,6,4,16.0,3.491389036178589,1290.0
20260213_151714,CE_FULL,5660,1,56600001,100.0,100.0,12,44,6,5,4,20.0,1.2980549335479736,1220.0
20260213_151714,CE_FULL,5660,1,56600001,100.0,100.0,13,48,6,7,4,32.0,10.580290079116821,880.0
20260213_151714,CE_FULL,5660,1,56600001,100.0,100.0,14,52,6,10,4,48.0,0.003039836883544922,2040.0
20260213_151714,CE_FULL,5660,1,56600001,100.0,100.0,15,56,6,8,4,46.0,0.0007958412170410156,1800.0
20260213_151714,CE_FULL,5660,1,56600001,100.0,100.0,16,60,7,7,5,39.0,6.784850835800171,1410.0
20260213_151714,CE_FULL,1036,1,10360001,100.0,100.0,1,0,0,1,1,0.0,0.15047717094421387,0.0
20260213_151714,CE_FULL,1036,1,10360001,100.0,100.0,2,4,0,1,1,0.0,0.1499040126800537,0.0
20260213_151714,CE_FULL,1036,1,10360001,100.0,100.0,3,8,0,2,2,0.0,0.17690777778625488,0.0
20260213_151714,CE_FULL,1036,1,10360001,100.0,100.0,4,12,0,3,3,0.0,0.3177008628845215,0.0
20260213_151714,CE_FULL,1036,1,10360001,100.0,100.0,5,16,0,1,1,0.0,0.14913201332092285,0.0
20260213_151714,CE_FULL,1036,1,10360001,100.0,100.0,6,20,0,7,5,15.0,6.639406204223633,1250.0
20260213_151714,CE_FULL,1036,1,10360001,100.0,100.0,7,24,3,9,4,20.0,0.0015540122985839844,960.0
20260213_151714,CE_FULL,1036,1,10360001,100.0,100.0,8,28,3,6,5,10.0,6.868727922439575,395.0
20260213_151714,CE_FULL,1036,1,10360001,100.0,100.0,9,32,4,3,3,6.0,0.6518290042877197,240.0
20260213_151714,CE_FULL,1036,1,10360001,100.0,100.0,10,36,5,5,5,9.0,1.214534044265747,535.0
20260213_151714,CE_FULL,1036,1,10360001,100.0,100.0,11,40,6,6,4,16.0,3.615041971206665,1290.0
20260213_151714,CE_FULL,1036,1,10360001,100.0,100.0,12,44,6,5,4,20.0,1.2203001976013184,1220.0
20260213_151714,CE_FULL,1036,1,10360001,100.0,100.0,13,48,6,7,4,32.0,11.04390001296997,880.0
20260213_151714,CE_FULL,1036,1,10360001,100.0,100.0,14,52,6,10,4,48.0,0.0033609867095947266,2040.0
20260213_151714,CE_FULL,1036,1,10360001,100.0,100.0,15,56,6,8,4,46.0,0.0008819103240966797,1800.0
20260213_151714,CE_FULL,1036,1,10360001,100.0,100.0,16,60,7,7,5,39.0,6.889214992523193,1410.0
20260213_151714,CE_FULL,7209,1,72090001,100.0,100.0,1,0,0,1,1,0.0,0.15162205696105957,0.0
20260213_151714,CE_FULL,7209,1,72090001,100.0,100.0,2,4,0,1,1,0.0,0.1504671573638916,0.0
20260213_151714,CE_FULL,7209,1,72090001,100.0,100.0,3,8,0,2,2,0.0,0.17938995361328125,0.0
20260213_151714,CE_FULL,7209,1,72090001,100.0,100.0,4,12,0,3,3,0.0,0.32272887229919434,0.0
20260213_151714,CE_FULL,7209,1,72090001,100.0,100.0,5,16,0,1,1,0.0,0.1513512134552002,0.0
20260213_151714,CE_FULL,7209,1,72090001,100.0,100.0,6,20,0,7,5,15.0,6.788312196731567,1250.0
20260213_151714,CE_FULL,7209,1,72090001,100.0,100.0,7,24,3,9,4,20.0,0.001474142074584961,960.0
20260213_151714,CE_FULL,7209,1,72090001,100.0,100.0,8,28,3,6,4,8.0,3.518923044204712,360.0
20260213_151714,CE_FULL,7209,1,72090001,100.0,100.0,9,32,3,4,4,8.0,1.0383648872375488,240.0
20260213_151714,CE_FULL,7209,1,72090001,100.0,100.0,10,36,5,5,5,9.0,1.2075910568237305,535.0
20260213_151714,CE_FULL,7209,1,72090001,100.0,100.0,11,40,6,6,4,16.0,3.605712890625,1290.0
20260213_151714,CE_FULL,7209,1,72090001,100.0,100.0,12,44,6,5,4,20.0,1.2278311252593994,1220.0
20260213_151714,CE_FULL,7209,1,72090001,100.0,100.0,13,48,6,7,4,32.0,10.516777038574219,880.0
20260213_151714,CE_FULL,7209,1,72090001,100.0,100.0,14,52,6,10,4,48.0,0.002994060516357422,2040.0
20260213_151714,CE_FULL,7209,1,72090001,100.0,100.0,15,56,6,8,4,46.0,0.0007729530334472656,1800.0
20260213_151714,CE_FULL,7209,1,72090001,100.0,100.0,16,60,7,7,5,39.0,6.874565124511719,1410.0
20260213_151714,CE_FULL,3106,1,31060001,100.0,100.0,1,0,0,1,1,0.0,0.15120220184326172,0.0
20260213_151714,CE_FULL,3106,1,31060001,100.0,100.0,2,4,0,1,1,0.0,0.150238037109375,0.0
20260213_151714,CE_FULL,3106,1,31060001,100.0,100.0,3,8,0,2,2,0.0,0.17848706245422363,0.0
20260213_151714,CE_FULL,3106,1,31060001,100.0,100.0,4,12,0,3,3,0.0,0.32419800758361816,0.0
20260213_151714,CE_FULL,3106,1,31060001,100.0,100.0,5,16,0,1,1,0.0,0.14976882934570312,0.0
20260213_151714,CE_FULL,3106,1,31060001,100.0,100.0,6,20,0,7,4,12.0,6.72209095954895,720.0
20260213_151714,CE_FULL,3106,1,31060001,100.0,100.0,7,24,2,10,4,24.0,0.0034232139587402344,1000.0
20260213_151714,CE_FULL,3106,1,31060001,100.0,100.0,8,28,2,7,5,15.0,6.146899938583374,1020.0
20260213_151714,CE_FULL,3106,1,31060001,100.0,100.0,9,32,4,4,4,6.0,0.9829070568084717,313.3333333333333
20260213_151714,CE_FULL,3106,1,31060001,100.0,100.0,10,36,5,5,4,4.0,1.3214921951293945,720.0
20260213_151714,CE_FULL,3106,1,31060001,100.0,100.0,11,40,5,7,4,12.0,7.24542498588562,573.3333333333334
20260213_151714,CE_FULL,3106,1,31060001,100.0,100.0,12,44,5,6,3,12.0,3.624577045440674,860.0
20260213_151714,CE_FULL,3106,1,31060001,100.0,100.0,13,48,4,9,4,48.0,0.0015988349914550781,813.3333333333333
20260213_151714,CE_FULL,3106,1,31060001,100.0,100.0,14,52,6,12,4,56.0,0.013009071350097656,1392.0
20260213_151714,CE_FULL,3106,1,31060001,100.0,100.0,15,56,6,10,4,44.0,0.0033130645751953125,1340.0
20260213_151714,CE_FULL,3106,1,31060001,100.0,100.0,16,60,6,9,4,40.0,0.0018520355224609375,1480.0
20260213_151714,CE_FULL,5042,1,50420001,100.0,100.0,1,0,0,1,1,0.0,0.1533198356628418,0.0
20260213_151714,CE_FULL,5042,1,50420001,100.0,100.0,2,4,0,1,1,0.0,0.15213894844055176,0.0
20260213_151714,CE_FULL,5042,1,50420001,100.0,100.0,3,8,0,2,2,0.0,0.18098115921020508,0.0
20260213_151714,CE_FULL,5042,1,50420001,100.0,100.0,4,12,0,3,3,0.0,0.3292510509490967,0.0
20260213_151714,CE_FULL,5042,1,50420001,100.0,100.0,5,16,0,1,1,0.0,0.15110015869140625,0.0
20260213_151714,CE_FULL,5042,1,50420001,100.0,100.0,6,20,0,7,5,15.0,6.893367767333984,1320.0
20260213_151714,CE_FULL,5042,1,50420001,100.0,100.0,7,24,2,9,4,20.0,0.001569986343383789,960.0
20260213_151714,CE_FULL,5042,1,50420001,100.0,100.0,8,28,2,6,4,8.0,6.965687036514282,1000.0
20260213_151714,CE_FULL,5042,1,50420001,100.0,100.0,9,32,3,4,3,4.0,0.9495079517364502,500.0
20260213_151714,CE_FULL,5042,1,50420001,100.0,100.0,10,36,4,6,5,10.0,8.157610893249512,1070.0
20260213_151714,CE_FULL,5042,1,50420001,100.0,100.0,11,40,5,7,4,12.0,19.1668541431427,860.0
20260213_151714,CE_FULL,5042,1,50420001,100.0,100.0,12,44,5,6,4,18.0,3.7111330032348633,790.0
20260213_151714,CE_FULL,5042,1,50420001,100.0,100.0,13,48,5,8,4,52.0,0.0008409023284912109,973.3333333333333
20260213_151714,CE_FULL,5042,1,50420001,100.0,100.0,14,52,7,11,4,48.0,0.005830049514770508,1740.0
20260213_151714,CE_FULL,5042,1,50420001,100.0,100.0,15,56,7,9,4,40.0,0.001573801040649414,1700.0
20260213_151714,CE_FULL,5042,1,50420001,100.0,100.0,16,60,7,8,4,36.0,0.0008411407470703125,1120.0
20260213_151714,CE_FULL,7779,1,77790001,100.0,100.0,1,0,0,1,1,0.0,0.15181493759155273,0.0
20260213_151714,CE_FULL,7779,1,77790001,100.0,100.0,2,4,0,1,1,0.0,0.15169119834899902,0.0
20260213_151714,CE_FULL,7779,1,77790001,100.0,100.0,3,8,0,2,2,0.0,0.1810290813446045,0.0
20260213_151714,CE_FULL,7779,1,77790001,100.0,100.0,4,12,0,3,3,0.0,0.32565999031066895,0.0
20260213_151714,CE_FULL,7779,1,77790001,100.0,100.0,5,16,0,1,1,0.0,0.15051698684692383,0.0
20260213_151714,CE_FULL,7779,1,77790001,100.0,100.0,6,20,0,7,3,16.0,7.560527801513672,1000.0
20260213_151714,CE_FULL,7779,1,77790001,100.0,100.0,7,24,1,11,4,28.0,0.007194042205810547,1000.0
20260213_151714,CE_FULL,7779,1,77790001,100.0,100.0,8,28,1,8,4,16.0,0.0009369850158691406,1000.0
20260213_151714,CE_FULL,7779,1,77790001,100.0,100.0,9,32,2,6,5,10.0,8.21297001838684,1320.0
20260213_151714,CE_FULL,7779,1,77790001,100.0,100.0,10,36,4,6,5,10.0,6.780001878738403,1070.0
20260213_151714,CE_FULL,7779,1,77790001,100.0,100.0,11,40,5,7,4,12.0,6.354099988937378,860.0
20260213_151714,CE_FULL,7779,1,77790001,100.0,100.0,12,44,5,6,4,18.0,3.645226001739502,790.0
20260213_151714,CE_FULL,7779,1,77790001,100.0,100.0,13,48,5,8,4,52.0,0.0007781982421875,973.3333333333333
20260213_151714,CE_FULL,7779,1,77790001,100.0,100.0,14,52,7,11,4,48.0,0.0063550472259521484,1740.0
20260213_151714,CE_FULL,7779,1,77790001,100.0,100.0,15,56,7,9,4,40.0,0.0016720294952392578,1700.0
20260213_151714,CE_FULL,7779,1,77790001,100.0,100.0,16,60,7,8,4,36.0,0.0007760524749755859,1120.0
20260213_151714,CE_FULL,2047,1,20470001,100.0,100.0,1,0,0,1,1,0.0,0.15362310409545898,0.0
20260213_151714,CE_FULL,2047,1,20470001,100.0,100.0,2,4,0,1,1,0.0,0.15165209770202637,0.0
20260213_151714,CE_FULL,2047,1,20470001,100.0,100.0,3,8,0,2,2,0.0,0.18193793296813965,0.0
20260213_151714,CE_FULL,2047,1,20470001,100.0,100.0,4,12,0,3,3,0.0,0.33010101318359375,0.0
20260213_151714,CE_FULL,2047,1,20470001,100.0,100.0,5,16,0,1,1,0.0,0.24022507667541504,0.0
20260213_151714,CE_FULL,2047,1,20470001,100.0,100.0,6,20,0,7,5,15.0,6.8534111976623535,736.6666666666666
20260213_151714,CE_FULL,2047,1,20470001,100.0,100.0,7,24,2,9,4,20.0,0.0017948150634765625,1000.0
20260213_151714,CE_FULL,2047,1,20470001,100.0,100.0,8,28,2,6,5,10.0,3.7084310054779053,1070.0
20260213_151714,CE_FULL,2047,1,20470001,100.0,100.0,9,32,4,3,3,6.0,0.326937198638916,100.0
20260213_151714,CE_FULL,2047,1,20470001,100.0,100.0,10,36,5,5,5,9.0,1.2646989822387695,535.0
20260213_151714,CE_FULL,2047,1,20470001,100.0,100.0,11,40,6,6,4,16.0,3.766956090927124,1290.0
20260213_151714,CE_FULL,2047,1,20470001,100.0,100.0,12,44,6,5,4,20.0,1.2753159999847412,1220.0
20260213_151714,CE_FULL,2047,1,20470001,100.0,100.0,13,48,6,7,4,32.0,11.127400875091553,880.0
20260213_151714,CE_FULL,2047,1,20470001,100.0,100.0,14,52,6,10,4,48.0,0.0030717849731445312,2040.0
20260213_151714,CE_FULL,2047,1,20470001,100.0,100.0,15,56,6,8,4,46.0,0.0008168220520019531,1800.0
20260213_151714,CE_FULL,2047,1,20470001,100.0,100.0,16,60,7,7,5,39.0,7.241221904754639,1410.0
20260213_151714,CE_FULL,4489,1,44890001,100.0,100.0,1,0,0,1,1,0.0,0.15229296684265137,0.0
20260213_151714,CE_FULL,4489,1,44890001,100.0,100.0,2,4,0,1,1,0.0,0.15138888359069824,0.0
20260213_151714,CE_FULL,4489,1,44890001,100.0,100.0,3,8,0,2,2,0.0,0.18165993690490723,0.0
20260213_151714,CE_FULL,4489,1,44890001,100.0,100.0,4,12,0,3,3,0.0,0.3318941593170166,0.0
20260213_151714,CE_FULL,4489,1,44890001,100.0,100.0,5,16,0,1,1,0.0,0.1510629653930664,0.0
20260213_151714,CE_FULL,4489,1,44890001,100.0,100.0,6,20,0,7,5,15.0,7.055415153503418,1320.0
20260213_151714,CE_FULL,4489,1,44890001,100.0,100.0,7,24,2,9,4,20.0,0.0016720294952392578,973.3333333333334
20260213_151714,CE_FULL,4489,1,44890001,100.0,100.0,8,28,2,6,5,10.0,4.011296987533569,303.3333333333333
20260213_151714,CE_FULL,4489,1,44890001,100.0,100.0,9,32,4,3,3,6.0,0.33542299270629883,170.0
20260213_151714,CE_FULL,4489,1,44890001,100.0,100.0,10,36,5,5,5,9.0,1.2721710205078125,535.0
20260213_151714,CE_FULL,4489,1,44890001,100.0,100.0,11,40,6,6,4,16.0,3.8094289302825928,1290.0
20260213_151714,CE_FULL,4489,1,44890001,100.0,100.0,12,44,6,5,4,20.0,1.3077340126037598,1220.0
20260213_151714,CE_FULL,4489,1,44890001,100.0,100.0,13,48,6,7,4,32.0,11.222513914108276,880.0
20260213_151714,CE_FULL,4489,1,44890001,100.0,100.0,14,52,6,10,4,48.0,0.00296783447265625,2040.0
20260213_151714,CE_FULL,4489,1,44890001,100.0,100.0,15,56,6,8,4,46.0,0.0007851123809814453,1800.0
20260213_151714,CE_FULL,4489,1,44890001,100.0,100.0,16,60,7,7,5,39.0,7.305591106414795,1410.0
20260213_151714,CE_FULL,4902,1,49020001,100.0,100.0,1,0,0,1,1,0.0,0.15315699577331543,0.0
20260213_151714,CE_FULL,4902,1,49020001,100.0,100.0,2,4,0,1,1,0.0,0.1514720916748047,0.0
20260213_151714,CE_FULL,4902,1,49020001,100.0,100.0,3,8,0,2,2,0.0,0.1831800937652588,0.0
20260213_151714,CE_FULL,4902,1,49020001,100.0,100.0,4,12,0,3,3,0.0,0.33434295654296875,0.0
20260213_151714,CE_FULL,4902,1,49020001,100.0,100.0,5,16,0,1,1,0.0,0.15189719200134277,0.0
20260213_151714,CE_FULL,4902,1,49020001,100.0,100.0,6,20,0,7,5,15.0,7.264311075210571,1320.0
20260213_151714,CE_FULL,4902,1,49020001,100.0,100.0,7,24,2,9,4,20.0,0.0017261505126953125,973.3333333333334
20260213_151714,CE_FULL,4902,1,49020001,100.0,100.0,8,28,2,6,5,10.0,4.05652117729187,303.3333333333333
20260213_151714,CE_FULL,4902,1,49020001,100.0,100.0,9,32,4,3,3,6.0,0.34366321563720703,170.0
20260213_151714,CE_FULL,4902,1,49020001,100.0,100.0,10,36,5,5,5,9.0,1.2984509468078613,535.0
20260213_151714,CE_FULL,4902,1,49020001,100.0,100.0,11,40,6,6,4,16.0,3.8880529403686523,1290.0
20260213_151714,CE_FULL,4902,1,49020001,100.0,100.0,12,44,6,5,3,16.0,1.3330950736999512,1290.0
20260213_151714,CE_FULL,4902,1,49020001,100.0,100.0,13,48,5,8,4,52.0,0.0008668899536132812,838.3333333333333
20260213_151714,CE_FULL,4902,1,49020001,100.0,100.0,14,52,7,11,4,48.0,0.006611824035644531,1740.0
20260213_151714,CE_FULL,4902,1,49020001,100.0,100.0,15,56,7,9,4,40.0,0.0016961097717285156,1700.0
20260213_151714,CE_FULL,4902,1,49020001,100.0,100.0,16,60,7,8,4,36.0,0.0007908344268798828,1120.0
20260213_151714,CE_FULL,8084,1,80840001,100.0,100.0,1,0,0,1,1,0.0,0.15447402000427246,0.0
20260213_151714,CE_FULL,8084,1,80840001,100.0,100.0,2,4,0,1,1,0.0,0.15276503562927246,0.0
20260213_151714,CE_FULL,8084,1,80840001,100.0,100.0,3,8,0,2,2,0.0,0.18491911888122559,0.0
20260213_151714,CE_FULL,8084,1,80840001,100.0,100.0,4,12,0,3,3,0.0,0.3378720283508301,0.0
20260213_151714,CE_FULL,8084,1,80840001,100.0,100.0,5,16,0,1,1,0.0,0.15186715126037598,0.0
20260213_151714,CE_FULL,8084,1,80840001,100.0,100.0,6,20,0,7,5,15.0,7.277951955795288,736.6666666666666
20260213_151714,CE_FULL,8084,1,80840001,100.0,100.0,7,24,2,9,4,20.0,0.001672983169555664,1000.0
20260213_151714,CE_FULL,8084,1,80840001,100.0,100.0,8,28,2,6,5,10.0,7.6876537799835205,1070.0
20260213_151714,CE_FULL,8084,1,80840001,100.0,100.0,9,32,4,3,3,6.0,0.34139513969421387,100.0
20260213_151714,CE_FULL,8084,1,80840001,100.0,100.0,10,36,5,5,5,9.0,1.305103063583374,535.0
20260213_151714,CE_FULL,8084,1,80840001,100.0,100.0,11,40,6,6,4,16.0,3.8199079036712646,1290.0
20260213_151714,CE_FULL,8084,1,80840001,100.0,100.0,12,44,6,5,4,20.0,1.446340799331665,1220.0
20260213_151714,CE_FULL,8084,1,80840001,100.0,100.0,13,48,6,7,4,32.0,11.286425113677979,880.0
20260213_151714,CE_FULL,8084,1,80840001,100.0,100.0,14,52,6,10,4,48.0,0.049922943115234375,2040.0
20260213_151714,CE_FULL,8084,1,80840001,100.0,100.0,15,56,6,8,4,46.0,0.0007359981536865234,1800.0
20260213_151714,CE_FULL,8084,1,80840001,100.0,100.0,16,60,7,7,5,39.0,7.424216032028198,1410.0
20260213_151714,CE_FULL,6811,1,68110001,100.0,100.0,1,0,0,1,1,0.0,0.15417098999023438,0.0
20260213_151714,CE_FULL,6811,1,68110001,100.0,100.0,2,4,0,1,1,0.0,0.1539161205291748,0.0
20260213_151714,CE_FULL,6811,1,68110001,100.0,100.0,3,8,0,2,2,0.0,0.18602681159973145,0.0
20260213_151714,CE_FULL,6811,1,68110001,100.0,100.0,4,12,0,3,3,0.0,0.41501307487487793,0.0
20260213_151714,CE_FULL,6811,1,68110001,100.0,100.0,5,16,0,1,1,0.0,0.1528031826019287,0.0
20260213_151714,CE_FULL,6811,1,68110001,100.0,100.0,6,20,0,7,5,15.0,7.508011102676392,1320.0
20260213_151714,CE_FULL,6811,1,68110001,100.0,100.0,7,24,2,9,4,20.0,0.0017518997192382812,973.3333333333334
20260213_151714,CE_FULL,6811,1,68110001,100.0,100.0,8,28,2,6,5,10.0,4.120476007461548,303.3333333333333
20260213_151714,CE_FULL,6811,1,68110001,100.0,100.0,9,32,4,3,3,6.0,0.34232401847839355,170.0
20260213_151714,CE_FULL,6811,1,68110001,100.0,100.0,10,36,5,5,5,9.0,1.3036179542541504,535.0
20260213_151714,CE_FULL,6811,1,68110001,100.0,100.0,11,40,6,6,4,16.0,3.9358949661254883,1290.0
20260213_151714,CE_FULL,6811,1,68110001,100.0,100.0,12,44,6,5,4,20.0,1.3411798477172852,1220.0
20260213_151714,CE_FULL,6811,1,68110001,100.0,100.0,13,48,6,7,4,32.0,11.474336862564087,880.0
20260213_151714,CE_FULL,6811,1,68110001,100.0,100.0,14,52,6,10,4,48.0,0.0031828880310058594,2040.0
20260213_151714,CE_FULL,6811,1,68110001,100.0,100.0,15,56,6,8,4,46.0,0.0008490085601806641,1800.0
20260213_151714,CE_FULL,6811,1,68110001,100.0,100.0,16,60,7,7,4,28.0,7.495328187942505,1440.0
20260213_151714,CE_FULL,2732,1,27320001,100.0,100.0,1,0,0,1,1,0.0,0.15621089935302734,0.0
20260213_151714,CE_FULL,2732,1,27320001,100.0,100.0,2,4,0,1,1,0.0,0.15491294860839844,0.0
20260213_151714,CE_FULL,2732,1,27320001,100.0,100.0,3,8,0,2,2,0.0,0.1892070770263672,0.0
20260213_151714,CE_FULL,2732,1,27320001,100.0,100.0,4,12,0,3,3,0.0,0.34709882736206055,0.0
20260213_151714,CE_FULL,2732,1,27320001,100.0,100.0,5,16,0,1,1,0.0,0.15500688552856445,0.0
20260213_151714,CE_FULL,2732,1,27320001,100.0,100.0,6,20,0,7,5,15.0,7.442574977874756,1000.0
20260213_151714,CE_FULL,2732,1,27320001,100.0,100.0,7,24,3,9,4,20.0,0.0016679763793945312,960.0
20260213_151714,CE_FULL,2732,1,27320001,100.0,100.0,8,28,3,6,4,8.0,3.8414149284362793,1000.0
20260213_151714,CE_FULL,2732,1,27320001,100.0,100.0,9,32,3,4,4,8.0,0.5102779865264893,170.0
20260213_151714,CE_FULL,2732,1,27320001,100.0,100.0,10,36,5,5,5,9.0,1.4960789680480957,535.0
20260213_151714,CE_FULL,2732,1,27320001,100.0,100.0,11,40,6,6,4,16.0,3.84049391746521,1290.0
20260213_151714,CE_FULL,2732,1,27320001,100.0,100.0,12,44,6,5,4,20.0,1.4701018333435059,1220.0
20260213_151714,CE_FULL,2732,1,27320001,100.0,100.0,13,48,6,7,4,32.0,11.442765951156616,880.0
20260213_151714,CE_FULL,2732,1,27320001,100.0,100.0,14,52,6,10,4,48.0,0.0032160282135009766,2040.0
20260213_151714,CE_FULL,2732,1,27320001,100.0,100.0,15,56,6,8,4,46.0,0.0008699893951416016,1800.0
20260213_151714,CE_FULL,2732,1,27320001,100.0,100.0,16,60,7,7,5,39.0,7.637577056884766,1410.0
20260213_151714,CE_FULL,3069,1,30690001,100.0,100.0,1,0,0,1,1,0.0,0.15365290641784668,0.0
20260213_151714,CE_FULL,3069,1,30690001,100.0,100.0,2,4,0,1,1,0.0,0.15382599830627441,0.0
20260213_151714,CE_FULL,3069,1,30690001,100.0,100.0,3,8,0,2,2,0.0,0.18726205825805664,0.0
20260213_151714,CE_FULL,3069,1,30690001,100.0,100.0,4,12,0,3,3,0.0,0.34439778327941895,0.0
20260213_151714,CE_FULL,3069,1,30690001,100.0,100.0,5,16,0,1,1,0.0,0.1529998779296875,0.0
20260213_151714,CE_FULL,3069,1,30690001,100.0,100.0,6,20,0,7,5,15.0,7.534217119216919,1320.0
20260213_151714,CE_FULL,3069,1,30690001,100.0,100.0,7,24,2,9,4,20.0,0.0015630722045898438,960.0
20260213_151714,CE_FULL,3069,1,30690001,100.0,100.0,8,28,2,6,5,10.0,3.8605971336364746,1070.0
20260213_151714,CE_FULL,3069,1,30690001,100.0,100.0,9,32,4,3,3,6.0,0.43796396255493164,100.0
20260213_151714,CE_FULL,3069,1,30690001,100.0,100.0,10,36,5,5,5,9.0,1.3413100242614746,535.0
20260213_151714,CE_FULL,3069,1,30690001,100.0,100.0,11,40,6,6,5,26.0,3.9080629348754883,1135.0
20260213_151714,CE_FULL,3069,1,30690001,100.0,100.0,12,44,7,4,4,18.0,1.519822120666504,1500.0
20260213_151714,CE_FULL,3069,1,30690001,100.0,100.0,13,48,7,6,4,32.0,8.711615085601807,1460.0
20260213_151714,CE_FULL,3069,1,30690001,100.0,100.0,14,52,7,9,4,40.0,0.001497030258178711,2400.0
20260213_151714,CE_FULL,3069,1,30690001,100.0,100.0,15,56,7,7,5,45.0,23.927024126052856,1850.0
20260213_151714,CE_FULL,3069,1,30690001,100.0,100.0,16,60,8,5,4,36.0,2.802927017211914,1360.0
20260213_151714,CE_FULL,4457,1,44570001,100.0,100.0,1,0,0,1,1,0.0,0.1570899486541748,0.0
20260213_151714,CE_FULL,4457,1,44570001,100.0,100.0,2,4,0,1,1,0.0,0.15620708465576172,0.0
20260213_151714,CE_FULL,4457,1,44570001,100.0,100.0,3,8,0,2,2,0.0,0.19022417068481445,0.0
20260213_151714,CE_FULL,4457,1,44570001,100.0,100.0,4,12,0,3,3,0.0,0.35074615478515625,0.0
20260213_151714,CE_FULL,4457,1,44570001,100.0,100.0,5,16,0,1,1,0.0,0.15425395965576172,0.0
20260213_151714,CE_FULL,4457,1,44570001,100.0,100.0,6,20,0,7,5,15.0,7.639115810394287,736.6666666666666
20260213_151714,CE_FULL,4457,1,44570001,100.0,100.0,7,24,2,9,4,20.0,0.001695871353149414,1000.0
20260213_151714,CE_FULL,4457,1,44570001,100.0,100.0,8,28,2,6,5,10.0,3.9359397888183594,1070.0
20260213_151714,CE_FULL,4457,1,44570001,100.0,100.0,9,32,4,3,3,6.0,0.35228419303894043,100.0
20260213_151714,CE_FULL,4457,1,44570001,100.0,100.0,10,36,5,5,5,9.0,1.4914319515228271,535.0
20260213_151714,CE_FULL,4457,1,44570001,100.0,100.0,11,40,6,6,4,16.0,3.9601218700408936,1290.0
20260213_151714,CE_FULL,4457,1,44570001,100.0,100.0,12,44,6,5,4,20.0,1.5166280269622803,1220.0
20260213_151714,CE_FULL,4457,1,44570001,100.0,100.0,13,48,6,7,4,32.0,12.61434006690979,880.0
20260213_151714,CE_FULL,4457,1,44570001,100.0,100.0,14,52,6,10,4,48.0,0.003094196319580078,2040.0
20260213_151714,CE_FULL,4457,1,44570001,100.0,100.0,15,56,6,8,4,46.0,0.0007691383361816406,1800.0
20260213_151714,CE_FULL,4457,1,44570001,100.0,100.0,16,60,7,7,5,39.0,8.033349990844727,1410.0
20260213_151714,CE_FULL,5680,1,56800001,100.0,100.0,1,0,0,1,1,0.0,0.1669600009918213,0.0
20260213_151714,CE_FULL,5680,1,56800001,100.0,100.0,2,4,0,1,1,0.0,0.16523098945617676,0.0
20260213_151714,CE_FULL,5680,1,56800001,100.0,100.0,3,8,0,2,2,0.0,0.20146584510803223,0.0
20260213_151714,CE_FULL,5680,1,56800001,100.0,100.0,4,12,0,3,3,0.0,0.3641369342803955,0.0
20260213_151714,CE_FULL,5680,1,56800001,100.0,100.0,5,16,0,1,1,0.0,0.15599393844604492,0.0
20260213_151714,CE_FULL,5680,1,56800001,100.0,100.0,6,20,0,7,5,15.0,7.679015874862671,1320.0
20260213_151714,CE_FULL,5680,1,56800001,100.0,100.0,7,24,2,9,4,20.0,0.0016529560089111328,973.3333333333334
20260213_151714,CE_FULL,5680,1,56800001,100.0,100.0,8,28,2,6,5,10.0,4.366146087646484,303.3333333333333
20260213_151714,CE_FULL,5680,1,56800001,100.0,100.0,9,32,4,3,3,6.0,0.35750389099121094,170.0
20260213_151714,CE_FULL,5680,1,56800001,100.0,100.0,10,36,5,5,5,9.0,1.3746860027313232,535.0
20260213_151714,CE_FULL,5680,1,56800001,100.0,100.0,11,40,6,6,4,16.0,4.081680059432983,1290.0
20260213_151714,CE_FULL,5680,1,56800001,100.0,100.0,12,44,6,5,4,20.0,1.5153651237487793,1220.0
20260213_151714,CE_FULL,5680,1,56800001,100.0,100.0,13,48,6,7,4,32.0,11.83952808380127,880.0
20260213_151714,CE_FULL,5680,1,56800001,100.0,100.0,14,52,6,10,4,48.0,0.003014087677001953,2040.0
20260213_151714,CE_FULL,5680,1,56800001,100.0,100.0,15,56,6,8,4,46.0,0.0008001327514648438,1800.0
20260213_151714,CE_FULL,5680,1,56800001,100.0,100.0,16,60,7,7,4,28.0,7.912370920181274,1440.0
20260213_151714,CE_FULL,6485,1,64850001,100.0,100.0,1,0,0,1,1,0.0,0.15642118453979492,0.0
20260213_151714,CE_FULL,6485,1,64850001,100.0,100.0,2,4,0,1,1,0.0,0.15518999099731445,0.0
20260213_151714,CE_FULL,6485,1,64850001,100.0,100.0,3,8,0,2,2,0.0,0.1909940242767334,0.0
20260213_151714,CE_FULL,6485,1,64850001,100.0,100.0,4,12,0,3,3,0.0,0.35438108444213867,0.0
20260213_151714,CE_FULL,6485,1,64850001,100.0,100.0,5,16,0,1,1,0.0,0.1557929515838623,0.0
20260213_151714,CE_FULL,6485,1,64850001,100.0,100.0,6,20,0,7,6,32.0,7.853311061859131,1680.0
20260213_151714,CE_FULL,6485,1,64850001,100.0,100.0,7,24,3,8,4,16.0,0.0007898807525634766,960.0
20260213_151714,CE_FULL,6485,1,64850001,100.0,100.0,8,28,3,5,4,4.0,1.402345895767212,360.0
20260213_151714,CE_FULL,6485,1,64850001,100.0,100.0,9,32,4,3,3,6.0,0.3608419895172119,170.0
20260213_151714,CE_FULL,6485,1,64850001,100.0,100.0,10,36,5,5,5,9.0,1.4905588626861572,535.0
20260213_151714,CE_FULL,6485,1,64850001,100.0,100.0,11,40,6,6,4,16.0,4.095350027084351,1290.0
20260213_151714,CE_FULL,6485,1,64850001,100.0,100.0,12,44,6,5,4,20.0,1.5337579250335693,1220.0
20260213_151714,CE_FULL,6485,1,64850001,100.0,100.0,13,48,6,7,4,32.0,11.988882064819336,880.0
20260213_151714,CE_FULL,6485,1,64850001,100.0,100.0,14,52,6,10,4,48.0,0.003036975860595703,2040.0
20260213_151714,CE_FULL,6485,1,64850001,100.0,100.0,15,56,6,8,4,46.0,0.0007979869842529297,1800.0
20260213_151714,CE_FULL,6485,1,64850001,100.0,100.0,16,60,7,7,5,39.0,7.92457914352417,1410.0
20260213_151714,CE_FULL,3287,1,32870001,100.0,100.0,1,0,0,1,1,0.0,0.15947604179382324,0.0
20260213_151714,CE_FULL,3287,1,32870001,100.0,100.0,2,4,0,1,1,0.0,0.1584148406982422,0.0
20260213_151714,CE_FULL,3287,1,32870001,100.0,100.0,3,8,0,2,2,0.0,0.19910812377929688,0.0
20260213_151714,CE_FULL,3287,1,32870001,100.0,100.0,4,12,0,3,3,0.0,0.36276912689208984,0.0
20260213_151714,CE_FULL,3287,1,32870001,100.0,100.0,5,16,0,1,1,0.0,0.15842700004577637,0.0
20260213_151714,CE_FULL,3287,1,32870001,100.0,100.0,6,20,0,7,5,15.0,7.902403116226196,736.6666666666666
20260213_151714,CE_FULL,3287,1,32870001,100.0,100.0,7,24,2,9,4,20.0,0.0016300678253173828,1000.0
20260213_151714,CE_FULL,3287,1,32870001,100.0,100.0,8,28,2,6,4,8.0,4.041532039642334,1000.0
20260213_151714,CE_FULL,3287,1,32870001,100.0,100.0,9,32,3,4,4,8.0,0.5394480228424072,170.0
20260213_151714,CE_FULL,3287,1,32870001,100.0,100.0,10,36,5,5,5,9.0,1.532757043838501,535.0
20260213_151714,CE_FULL,3287,1,32870001,100.0,100.0,11,40,6,6,4,16.0,4.106819152832031,1290.0
20260213_151714,CE_FULL,3287,1,32870001,100.0,100.0,12,44,6,5,4,20.0,1.448850154876709,1220.0
20260213_151714,CE_FULL,3287,1,32870001,100.0,100.0,13,48,6,7,4,32.0,12.198546171188354,880.0
20260213_151714,CE_FULL,3287,1,32870001,100.0,100.0,14,52,6,10,4,48.0,0.0031490325927734375,2040.0
20260213_151714,CE_FULL,3287,1,32870001,100.0,100.0,15,56,6,8,4,46.0,0.0008389949798583984,1800.0
20260213_151714,CE_FULL,3287,1,32870001,100.0,100.0,16,60,7,7,5,39.0,8.336652994155884,1410.0
20260213_151714,CE_FULL,8179,1,81790001,100.0,100.0,1,0,0,1,1,0.0,0.15870094299316406,0.0
20260213_151714,CE_FULL,8179,1,81790001,100.0,100.0,2,4,0,1,1,0.0,0.15712308883666992,0.0
20260213_151714,CE_FULL,8179,1,81790001,100.0,100.0,3,8,0,2,2,0.0,0.19418597221374512,0.0
20260213_151714,CE_FULL,8179,1,81790001,100.0,100.0,4,12,0,3,3,0.0,0.3663828372955322,0.0
20260213_151714,CE_FULL,8179,1,81790001,100.0,100.0,5,16,0,1,1,0.0,0.1565399169921875,0.0
20260213_151714,CE_FULL,8179,1,81790001,100.0,100.0,6,20,0,7,5,15.0,8.009001016616821,1250.0
20260213_151714,CE_FULL,8179,1,81790001,100.0,100.0,7,24,3,9,4,20.0,0.0015439987182617188,960.0
20260213_151714,CE_FULL,8179,1,81790001,100.0,100.0,8,28,3,6,5,10.0,4.1468119621276855,420.0
20260213_151714,CE_FULL,8179,1,81790001,100.0,100.0,9,32,4,3,3,6.0,0.36934995651245117,170.0
20260213_151714,CE_FULL,8179,1,81790001,100.0,100.0,10,36,5,5,5,9.0,1.5613210201263428,535.0
20260213_151714,CE_FULL,8179,1,81790001,100.0,100.0,11,40,6,6,4,16.0,4.180995941162109,1290.0
20260213_151714,CE_FULL,8179,1,81790001,100.0,100.0,12,44,6,5,3,16.0,1.4619529247283936,1290.0
20260213_151714,CE_FULL,8179,1,81790001,100.0,100.0,13,48,5,8,4,52.0,0.0008220672607421875,838.3333333333333
20260213_151714,CE_FULL,8179,1,81790001,100.0,100.0,14,52,7,11,4,48.0,0.00646519660949707,1740.0
20260213_151714,CE_FULL,8179,1,81790001,100.0,100.0,15,56,7,9,4,40.0,0.001611948013305664,1700.0
20260213_151714,CE_FULL,8179,1,81790001,100.0,100.0,16,60,7,8,4,36.0,0.0007719993591308594,1120.0
20260213_151714,CE_FULL,9249,1,92490001,100.0,100.0,1,0,0,1,1,0.0,0.15921616554260254,0.0
20260213_151714,CE_FULL,9249,1,92490001,100.0,100.0,2,4,0,1,1,0.0,0.15924501419067383,0.0
20260213_151714,CE_FULL,9249,1,92490001,100.0,100.0,3,8,0,2,2,0.0,0.1966409683227539,0.0
20260213_151714,CE_FULL,9249,1,92490001,100.0,100.0,4,12,0,3,3,0.0,0.4886651039123535,0.0
20260213_151714,CE_FULL,9249,1,92490001,100.0,100.0,5,16,0,1,1,0.0,0.15678620338439941,0.0
20260213_151714,CE_FULL,9249,1,92490001,100.0,100.0,6,20,0,7,5,15.0,7.875407934188843,1070.0
20260213_151714,CE_FULL,9249,1,92490001,100.0,100.0,7,24,2,9,4,20.0,0.0016810894012451172,973.3333333333334
20260213_151714,CE_FULL,9249,1,92490001,100.0,100.0,8,28,2,6,5,10.0,4.5523669719696045,268.3333333333333
20260213_151714,CE_FULL,9249,1,92490001,100.0,100.0,9,32,4,3,3,6.0,0.38359594345092773,170.0
20260213_151714,CE_FULL,9249,1,92490001,100.0,100.0,10,36,5,5,5,9.0,1.5665919780731201,535.0
20260213_151714,CE_FULL,9249,1,92490001,100.0,100.0,11,40,6,6,4,16.0,4.214953899383545,1290.0
20260213_151714,CE_FULL,9249,1,92490001,100.0,100.0,12,44,6,5,4,20.0,1.5975220203399658,1220.0
20260213_151714,CE_FULL,9249,1,92490001,100.0,100.0,13,48,6,7,4,32.0,12.421396017074585,880.0
20260213_151714,CE_FULL,9249,1,92490001,100.0,100.0,14,52,6,10,4,48.0,0.002995014190673828,2040.0
20260213_151714,CE_FULL,9249,1,92490001,100.0,100.0,15,56,6,8,4,46.0,0.0007917881011962891,1800.0
20260213_151714,CE_FULL,9249,1,92490001,100.0,100.0,16,60,7,7,5,39.0,8.343083143234253,1410.0
20260213_151714,CE_FULL,8304,1,83040001,100.0,100.0,1,0,0,1,1,0.0,0.16074705123901367,0.0
20260213_151714,CE_FULL,8304,1,83040001,100.0,100.0,2,4,0,1,1,0.0,0.15968608856201172,0.0
20260213_151714,CE_FULL,8304,1,83040001,100.0,100.0,3,8,0,2,2,0.0,0.1971440315246582,0.0
20260213_151714,CE_FULL,8304,1,83040001,100.0,100.0,4,12,0,3,3,0.0,0.3727900981903076,0.0
20260213_151714,CE_FULL,8304,1,83040001,100.0,100.0,5,16,0,1,1,0.0,0.15956902503967285,0.0
20260213_151714,CE_FULL,8304,1,83040001,100.0,100.0,6,20,0,7,4,12.0,9.113401889801025,720.0
20260213_151714,CE_FULL,8304,1,83040001,100.0,100.0,7,24,2,10,4,24.0,0.0035920143127441406,1000.0
20260213_151714,CE_FULL,8304,1,83040001,100.0,100.0,8,28,2,7,5,15.0,7.143272161483765,1020.0
20260213_151714,CE_FULL,8304,1,83040001,100.0,100.0,9,32,4,4,4,6.0,1.1358318328857422,313.3333333333333
20260213_151714,CE_FULL,8304,1,83040001,100.0,100.0,10,36,5,5,5,9.0,1.5756950378417969,535.0
20260213_151714,CE_FULL,8304,1,83040001,100.0,100.0,11,40,6,6,4,16.0,4.276749849319458,1290.0
20260213_151714,CE_FULL,8304,1,83040001,100.0,100.0,12,44,6,5,4,20.0,1.4994890689849854,1220.0
20260213_151714,CE_FULL,8304,1,83040001,100.0,100.0,13,48,6,7,4,32.0,12.599512100219727,880.0
20260213_151714,CE_FULL,8304,1,83040001,100.0,100.0,14,52,6,10,4,48.0,0.0031609535217285156,2040.0
20260213_151714,CE_FULL,8304,1,83040001,100.0,100.0,15,56,6,8,4,46.0,0.0008940696716308594,1800.0
20260213_151714,CE_FULL,8304,1,83040001,100.0,100.0,16,60,7,7,5,39.0,8.514490127563477,1410.0
20260213_151714,CE_FULL,378,1,3780001,100.0,100.0,1,0,0,1,1,0.0,0.16126418113708496,0.0
20260213_151714,CE_FULL,378,1,3780001,100.0,100.0,2,4,0,1,1,0.0,0.15994000434875488,0.0
20260213_151714,CE_FULL,378,1,3780001,100.0,100.0,3,8,0,2,2,0.0,0.1983320713043213,0.0
20260213_151714,CE_FULL,378,1,3780001,100.0,100.0,4,12,0,3,3,0.0,0.37261486053466797,0.0
20260213_151714,CE_FULL,378,1,3780001,100.0,100.0,5,16,0,1,1,0.0,0.15922188758850098,0.0
20260213_151714,CE_FULL,378,1,3780001,100.0,100.0,6,20,0,7,6,32.0,8.162011861801147,1680.0
20260213_151714,CE_FULL,378,1,3780001,100.0,100.0,7,24,3,8,4,16.0,0.0007500648498535156,960.0
20260213_151714,CE_FULL,378,1,3780001,100.0,100.0,8,28,3,5,4,4.0,1.475466012954712,360.0
20260213_151714,CE_FULL,378,1,3780001,100.0,100.0,9,32,4,3,3,6.0,0.455319881439209,170.0
20260213_151714,CE_FULL,378,1,3780001,100.0,100.0,10,36,5,5,5,9.0,1.5655238628387451,535.0
20260213_151714,CE_FULL,378,1,3780001,100.0,100.0,11,40,6,6,4,16.0,4.3811891078948975,1290.0
20260213_151714,CE_FULL,378,1,3780001,100.0,100.0,12,44,6,5,3,16.0,1.6215410232543945,1290.0
20260213_151714,CE_FULL,378,1,3780001,100.0,100.0,13,48,5,8,4,52.0,0.0007760524749755859,838.3333333333333
20260213_151714,CE_FULL,378,1,3780001,100.0,100.0,14,52,7,11,4,48.0,0.006136178970336914,1740.0
20260213_151714,CE_FULL,378,1,3780001,100.0,100.0,15,56,7,9,4,40.0,0.0017650127410888672,1700.0
20260213_151714,CE_FULL,378,1,3780001,100.0,100.0,16,60,7,8,4,36.0,0.0008211135864257812,1120.0
20260213_151714,CE_FULL,5168,1,51680001,100.0,100.0,1,0,0,1,1,0.0,0.1596851348876953,0.0
20260213_151714,CE_FULL,5168,1,51680001,100.0,100.0,2,4,0,1,1,0.0,0.15882086753845215,0.0
20260213_151714,CE_FULL,5168,1,51680001,100.0,100.0,3,8,0,2,2,0.0,0.19879603385925293,0.0
20260213_151714,CE_FULL,5168,1,51680001,100.0,100.0,4,12,0,3,3,0.0,0.3717799186706543,0.0
20260213_151714,CE_FULL,5168,1,51680001,100.0,100.0,5,16,0,1,1,0.0,0.1589369773864746,0.0
20260213_151714,CE_FULL,5168,1,51680001,100.0,100.0,6,20,0,7,5,15.0,8.082502841949463,1000.0
20260213_151714,CE_FULL,5168,1,51680001,100.0,100.0,7,24,3,9,4,20.0,0.0016219615936279297,960.0
20260213_151714,CE_FULL,5168,1,51680001,100.0,100.0,8,28,3,6,5,10.0,4.216767072677612,1070.0
20260213_151714,CE_FULL,5168,1,51680001,100.0,100.0,9,32,4,3,3,6.0,0.3795919418334961,100.0
20260213_151714,CE_FULL,5168,1,51680001,100.0,100.0,10,36,5,5,4,4.0,1.5880000591278076,720.0
20260213_151714,CE_FULL,5168,1,51680001,100.0,100.0,11,40,5,7,4,12.0,8.663908004760742,573.3333333333334
20260213_151714,CE_FULL,5168,1,51680001,100.0,100.0,12,44,5,6,4,18.0,4.320549964904785,790.0
20260213_151714,CE_FULL,5168,1,51680001,100.0,100.0,13,48,5,8,4,52.0,0.0007579326629638672,973.3333333333333
20260213_151714,CE_FULL,5168,1,51680001,100.0,100.0,14,52,7,11,4,48.0,0.006000041961669922,1740.0
20260213_151714,CE_FULL,5168,1,51680001,100.0,100.0,15,56,7,9,4,40.0,0.0016560554504394531,1700.0
20260213_151714,CE_FULL,5168,1,51680001,100.0,100.0,16,60,7,8,4,36.0,0.0007810592651367188,1120.0
20260213_151714,CE_FULL,3845,1,38450001,100.0,100.0,1,0,0,1,1,0.0,0.16492700576782227,0.0
20260213_151714,CE_FULL,3845,1,38450001,100.0,100.0,2,4,0,1,1,0.0,0.1628580093383789,0.0
20260213_151714,CE_FULL,3845,1,38450001,100.0,100.0,3,8,0,2,2,0.0,0.20235300064086914,0.0
20260213_151714,CE_FULL,3845,1,38450001,100.0,100.0,4,12,0,3,3,0.0,0.37796711921691895,0.0
20260213_151714,CE_FULL,3845,1,38450001,100.0,100.0,5,16,0,1,1,0.0,0.16557717323303223,0.0
20260213_151714,CE_FULL,3845,1,38450001,100.0,100.0,6,20,0,7,5,15.0,8.286251783370972,1070.0
20260213_151714,CE_FULL,3845,1,38450001,100.0,100.0,7,24,2,9,4,20.0,0.001683950424194336,973.3333333333334
20260213_151714,CE_FULL,3845,1,38450001,100.0,100.0,8,28,2,6,5,10.0,4.81803297996521,268.3333333333333
20260213_151714,CE_FULL,3845,1,38450001,100.0,100.0,9,32,4,3,3,6.0,0.3786768913269043,170.0
20260213_151714,CE_FULL,3845,1,38450001,100.0,100.0,10,36,5,5,5,9.0,1.4877538681030273,535.0
20260213_151714,CE_FULL,3845,1,38450001,100.0,100.0,11,40,6,6,4,16.0,4.349390983581543,1290.0
20260213_151714,CE_FULL,3845,1,38450001,100.0,100.0,12,44,6,5,3,16.0,1.6448791027069092,1290.0
20260213_151714,CE_FULL,3845,1,38450001,100.0,100.0,13,48,5,8,4,52.0,0.0007739067077636719,838.3333333333333
20260213_151714,CE_FULL,3845,1,38450001,100.0,100.0,14,52,7,11,4,48.0,0.006270885467529297,1740.0
20260213_151714,CE_FULL,3845,1,38450001,100.0,100.0,15,56,7,9,4,40.0,0.0016829967498779297,1700.0
20260213_151714,CE_FULL,3845,1,38450001,100.0,100.0,16,60,7,8,4,36.0,0.0008080005645751953,1120.0
20260213_151714,CE_FULL,794,1,7940001,100.0,100.0,1,0,0,1,1,0.0,0.1602799892425537,0.0
20260213_151714,CE_FULL,794,1,7940001,100.0,100.0,2,4,0,1,1,0.0,0.15962576866149902,0.0
20260213_151714,CE_FULL,794,1,7940001,100.0,100.0,3,8,0,2,2,0.0,0.19926095008850098,0.0
20260213_151714,CE_FULL,794,1,7940001,100.0,100.0,4,12,0,3,3,0.0,0.3813769817352295,0.0
20260213_151714,CE_FULL,794,1,7940001,100.0,100.0,5,16,0,1,1,0.0,0.15976405143737793,0.0
20260213_151714,CE_FULL,794,1,7940001,100.0,100.0,6,20,0,7,5,15.0,8.240166902542114,1320.0
20260213_151714,CE_FULL,794,1,7940001,100.0,100.0,7,24,2,9,4,20.0,0.0017011165618896484,960.0
20260213_151714,CE_FULL,794,1,7940001,100.0,100.0,8,28,2,6,4,8.0,4.263406991958618,1000.0
20260213_151714,CE_FULL,794,1,7940001,100.0,100.0,9,32,3,4,4,8.0,0.5762450695037842,170.0
20260213_151714,CE_FULL,794,1,7940001,100.0,100.0,10,36,5,5,5,9.0,1.6246778964996338,535.0
20260213_151714,CE_FULL,794,1,7940001,100.0,100.0,11,40,6,6,4,16.0,4.3230438232421875,1290.0
20260213_151714,CE_FULL,794,1,7940001,100.0,100.0,12,44,6,5,4,20.0,1.538823127746582,1220.0
20260213_151714,CE_FULL,794,1,7940001,100.0,100.0,13,48,6,7,4,32.0,12.988104104995728,880.0
20260213_151714,CE_FULL,794,1,7940001,100.0,100.0,14,52,6,10,4,48.0,0.003376007080078125,2040.0
20260213_151714,CE_FULL,794,1,7940001,100.0,100.0,15,56,6,8,4,46.0,0.000988006591796875,1800.0
20260213_151714,CE_FULL,794,1,7940001,100.0,100.0,16,60,7,7,5,39.0,8.711998224258423,1410.0
20260213_151714,CE_FULL,5941,1,59410001,100.0,100.0,1,0,0,1,1,0.0,0.1636350154876709,0.0
20260213_151714,CE_FULL,5941,1,59410001,100.0,100.0,2,4,0,1,1,0.0,0.16200613975524902,0.0
20260213_151714,CE_FULL,5941,1,59410001,100.0,100.0,3,8,0,2,2,0.0,0.2033219337463379,0.0
20260213_151714,CE_FULL,5941,1,59410001,100.0,100.0,4,12,0,3,3,0.0,0.4837970733642578,0.0
20260213_151714,CE_FULL,5941,1,59410001,100.0,100.0,5,16,0,1,1,0.0,0.1607658863067627,0.0
20260213_151714,CE_FULL,5941,1,59410001,100.0,100.0,6,20,0,7,4,12.0,8.379303932189941,1000.0
20260213_151714,CE_FULL,5941,1,59410001,100.0,100.0,7,24,1,10,4,24.0,0.003582000732421875,1000.0
20260213_151714,CE_FULL,5941,1,59410001,100.0,100.0,8,28,1,7,5,15.0,24.818931102752686,1020.0
20260213_151714,CE_FULL,5941,1,59410001,100.0,100.0,9,32,4,4,4,6.0,1.1683759689331055,313.3333333333333
20260213_151714,CE_FULL,5941,1,59410001,100.0,100.0,10,36,5,5,5,9.0,1.5312509536743164,535.0
20260213_151714,CE_FULL,5941,1,59410001,100.0,100.0,11,40,6,6,4,16.0,4.573969841003418,1290.0
20260213_151714,CE_FULL,5941,1,59410001,100.0,100.0,12,44,6,5,4,20.0,1.5556700229644775,1220.0
20260213_151714,CE_FULL,5941,1,59410001,100.0,100.0,13,48,6,7,4,32.0,13.1040518283844,880.0
20260213_151714,CE_FULL,5941,1,59410001,100.0,100.0,14,52,6,10,4,48.0,0.003237009048461914,2040.0
20260213_151714,CE_FULL,5941,1,59410001,100.0,100.0,15,56,6,8,4,46.0,0.0009019374847412109,1800.0
20260213_151714,CE_FULL,5941,1,59410001,100.0,100.0,16,60,7,7,5,39.0,8.97063422203064,1410.0
20260213_151714,CE_FULL,1980,1,19800001,100.0,100.0,1,0,0,1,1,0.0,0.16390585899353027,0.0
20260213_151714,CE_FULL,1980,1,19800001,100.0,100.0,2,4,0,1,1,0.0,0.1626110076904297,0.0
20260213_151714,CE_FULL,1980,1,19800001,100.0,100.0,3,8,0,2,2,0.0,0.20508289337158203,0.0
20260213_151714,CE_FULL,1980,1,19800001,100.0,100.0,4,12,0,3,3,0.0,0.49427008628845215,0.0
20260213_151714,CE_FULL,1980,1,19800001,100.0,100.0,5,16,0,1,1,0.0,0.16723299026489258,0.0
20260213_151714,CE_FULL,1980,1,19800001,100.0,100.0,6,20,0,7,5,15.0,8.729852199554443,1250.0
20260213_151714,CE_FULL,1980,1,19800001,100.0,100.0,7,24,3,9,4,20.0,0.0016300678253173828,960.0
20260213_151714,CE_FULL,1980,1,19800001,100.0,100.0,8,28,3,6,4,8.0,5.441116094589233,360.0
20260213_151714,CE_FULL,1980,1,19800001,100.0,100.0,9,32,3,4,4,8.0,0.5957880020141602,240.0
20260213_151714,CE_FULL,1980,1,19800001,100.0,100.0,10,36,5,5,5,9.0,1.5488479137420654,535.0
20260213_151714,CE_FULL,1980,1,19800001,100.0,100.0,11,40,6,6,4,16.0,4.523505926132202,1290.0
20260213_151714,CE_FULL,1980,1,19800001,100.0,100.0,12,44,6,5,4,20.0,1.5793180465698242,1220.0
20260213_151714,CE_FULL,1980,1,19800001,100.0,100.0,13,48,6,7,4,32.0,13.197021961212158,880.0
20260213_151714,CE_FULL,1980,1,19800001,100.0,100.0,14,52,6,10,4,48.0,0.0032439231872558594,2040.0
20260213_151714,CE_FULL,1980,1,19800001,100.0,100.0,15,56,6,8,4,46.0,0.0008220672607421875,1800.0
20260213_151714,CE_FULL,1980,1,19800001,100.0,100.0,16,60,7,7,5,39.0,9.006328105926514,1410.0
20260213_151714,CE_FULL,8841,1,88410001,100.0,100.0,1,0,0,1,1,0.0,0.16478610038757324,0.0
20260213_151714,CE_FULL,8841,1,88410001,100.0,100.0,2,4,0,1,1,0.0,0.1637570858001709,0.0
20260213_151714,CE_FULL,8841,1,88410001,100.0,100.0,3,8,0,2,2,0.0,0.2870290279388428,0.0
20260213_151714,CE_FULL,8841,1,88410001,100.0,100.0,4,12,0,3,3,0.0,0.3867778778076172,0.0
20260213_151714,CE_FULL,8841,1,88410001,100.0,100.0,5,16,0,1,1,0.0,0.162078857421875,0.0
20260213_151714,CE_FULL,8841,1,88410001,100.0,100.0,6,20,0,7,6,32.0,8.691071033477783,1680.0
20260213_151714,CE_FULL,8841,1,88410001,100.0,100.0,7,24,3,8,4,16.0,0.0007340908050537109,960.0
20260213_151714,CE_FULL,8841,1,88410001,100.0,100.0,8,28,3,5,4,4.0,1.5558748245239258,360.0
20260213_151714,CE_FULL,8841,1,88410001,100.0,100.0,9,32,4,3,3,6.0,0.3950340747833252,170.0
20260213_151714,CE_FULL,8841,1,88410001,100.0,100.0,10,36,5,5,5,9.0,1.674030065536499,535.0
20260213_151714,CE_FULL,8841,1,88410001,100.0,100.0,11,40,6,6,4,16.0,4.5093910694122314,1290.0
20260213_151714,CE_FULL,8841,1,88410001,100.0,100.0,12,44,6,5,4,20.0,1.6025831699371338,1220.0
20260213_151714,CE_FULL,8841,1,88410001,100.0,100.0,13,48,6,7,4,32.0,13.501744031906128,880.0
20260213_151714,CE_FULL,8841,1,88410001,100.0,100.0,14,52,6,10,4,48.0,0.0030879974365234375,2040.0
20260213_151714,CE_FULL,8841,1,88410001,100.0,100.0,15,56,6,8,4,46.0,0.0007519721984863281,1800.0
20260213_151714,CE_FULL,8841,1,88410001,100.0,100.0,16,60,7,7,5,39.0,8.996318101882935,1410.0
20260213_151714,CE_FULL,2134,1,21340001,100.0,100.0,1,0,0,1,1,0.0,0.17114806175231934,0.0
20260213_151714,CE_FULL,2134,1,21340001,100.0,100.0,2,4,0,1,1,0.0,0.16486310958862305,0.0
20260213_151714,CE_FULL,2134,1,21340001,100.0,100.0,3,8,0,2,2,0.0,0.20795798301696777,0.0
20260213_151714,CE_FULL,2134,1,21340001,100.0,100.0,4,12,0,3,3,0.0,0.3943178653717041,0.0
20260213_151714,CE_FULL,2134,1,21340001,100.0,100.0,5,16,0,1,1,0.0,0.16460585594177246,0.0
20260213_151714,CE_FULL,2134,1,21340001,100.0,100.0,6,20,0,7,6,32.0,8.783046007156372,613.3333333333333
20260213_151714,CE_FULL,2134,1,21340001,100.0,100.0,7,24,3,8,4,16.0,0.0008890628814697266,1000.0
20260213_151714,CE_FULL,2134,1,21340001,100.0,100.0,8,28,3,5,5,13.0,2.9021799564361572,330.0
20260213_151714,CE_FULL,2134,1,21340001,100.0,100.0,9,32,5,2,2,4.0,0.2096848487854004,100.0
20260213_151714,CE_FULL,2134,1,21340001,100.0,100.0,10,36,5,5,5,9.0,1.5684549808502197,535.0
20260213_151714,CE_FULL,2134,1,21340001,100.0,100.0,11,40,6,6,4,16.0,4.591094970703125,1290.0
20260213_151714,CE_FULL,2134,1,21340001,100.0,100.0,12,44,6,5,4,20.0,1.7381160259246826,1220.0
20260213_151714,CE_FULL,2134,1,21340001,100.0,100.0,13,48,6,7,4,32.0,13.417909860610962,880.0
20260213_151714,CE_FULL,2134,1,21340001,100.0,100.0,14,52,6,10,4,48.0,0.0030350685119628906,2040.0
20260213_151714,CE_FULL,2134,1,21340001,100.0,100.0,15,56,6,8,4,46.0,0.0007708072662353516,1800.0
20260213_151714,CE_FULL,2134,1,21340001,100.0,100.0,16,60,7,7,5,39.0,9.075088024139404,1410.0
20260213_151714,CE_FULL,7214,1,72140001,100.0,100.0,1,0,0,1,1,0.0,0.16494393348693848,0.0
20260213_151714,CE_FULL,7214,1,72140001,100.0,100.0,2,4,0,1,1,0.0,0.1637248992919922,0.0
20260213_151714,CE_FULL,7214,1,72140001,100.0,100.0,3,8,0,2,2,0.0,0.20788002014160156,0.0
20260213_151714,CE_FULL,7214,1,72140001,100.0,100.0,4,12,0,3,3,0.0,0.4001150131225586,0.0
20260213_151714,CE_FULL,7214,1,72140001,100.0,100.0,5,16,0,1,1,0.0,0.16313505172729492,0.0
20260213_151714,CE_FULL,7214,1,72140001,100.0,100.0,6,20,0,7,5,15.0,8.87360692024231,736.6666666666666
20260213_151714,CE_FULL,7214,1,72140001,100.0,100.0,7,24,2,9,4,20.0,0.0015990734100341797,1000.0
20260213_151714,CE_FULL,7214,1,72140001,100.0,100.0,8,28,2,6,5,10.0,4.510749816894531,1070.0
20260213_151714,CE_FULL,7214,1,72140001,100.0,100.0,9,32,4,3,3,6.0,0.3976590633392334,100.0
20260213_151714,CE_FULL,7214,1,72140001,100.0,100.0,10,36,5,5,5,9.0,1.7269859313964844,535.0
20260213_151714,CE_FULL,7214,1,72140001,100.0,100.0,11,40,6,6,4,16.0,4.598706960678101,1290.0
20260213_151714,CE_FULL,7214,1,72140001,100.0,100.0,12,44,6,5,4,20.0,1.6304888725280762,1360.0
20260213_151714,CE_FULL,7214,1,72140001,100.0,100.0,13,48,6,7,4,32.0,33.78531789779663,880.0
20260213_151714,CE_FULL,7214,1,72140001,100.0,100.0,14,52,6,10,4,48.0,0.0032770633697509766,2040.0
20260213_151714,CE_FULL,7214,1,72140001,100.0,100.0,15,56,6,8,4,46.0,0.0008571147918701172,1800.0
20260213_151714,CE_FULL,7214,1,72140001,100.0,100.0,16,60,7,7,5,39.0,9.28147006034851,1410.0
20260213_151714,CE_FULL,5987,1,59870001,100.0,100.0,1,0,0,1,1,0.0,0.16675400733947754,0.0
20260213_151714,CE_FULL,5987,1,59870001,100.0,100.0,2,4,0,1,1,0.0,0.16599488258361816,0.0
20260213_151714,CE_FULL,5987,1,59870001,100.0,100.0,3,8,0,2,2,0.0,0.21601200103759766,0.0
20260213_151714,CE_FULL,5987,1,59870001,100.0,100.0,4,12,0,3,3,0.0,0.5061280727386475,0.0
20260213_151714,CE_FULL,5987,1,59870001,100.0,100.0,5,16,0,1,1,0.0,0.1674201488494873,0.0
20260213_151714,CE_FULL,5987,1,59870001,100.0,100.0,6,20,0,7,5,15.0,9.066343069076538,736.6666666666666
20260213_151714,CE_FULL,5987,1,59870001,100.0,100.0,7,24,2,9,4,20.0,0.0016911029815673828,1000.0
20260213_151714,CE_FULL,5987,1,59870001,100.0,100.0,8,28,2,6,5,10.0,4.646708011627197,1070.0
20260213_151714,CE_FULL,5987,1,59870001,100.0,100.0,9,32,4,3,3,6.0,0.39972519874572754,100.0
20260213_151714,CE_FULL,5987,1,59870001,100.0,100.0,10,36,5,5,5,9.0,1.6160600185394287,535.0
20260213_151714,CE_FULL,5987,1,59870001,100.0,100.0,11,40,6,6,4,16.0,4.702911853790283,1290.0
20260213_151714,CE_FULL,5987,1,59870001,100.0,100.0,12,44,6,5,4,20.0,1.8020508289337158,1220.0
20260213_151714,CE_FULL,5987,1,59870001,100.0,100.0,13,48,6,7,4,32.0,13.829771995544434,880.0
20260213_151714,CE_FULL,5987,1,59870001,100.0,100.0,14,52,6,10,4,48.0,0.003064870834350586,2040.0
20260213_151714,CE_FULL,5987,1,59870001,100.0,100.0,15,56,6,8,4,46.0,0.0008192062377929688,1800.0
20260213_151714,CE_FULL,5987,1,59870001,100.0,100.0,16,60,7,7,5,39.0,9.394262790679932,1410.0
20260213_151714,CE_FULL,3807,1,38070001,100.0,100.0,1,0,0,1,1,0.0,0.16705894470214844,0.0
20260213_151714,CE_FULL,3807,1,38070001,100.0,100.0,2,4,0,1,1,0.0,0.16683006286621094,0.0
20260213_151714,CE_FULL,3807,1,38070001,100.0,100.0,3,8,0,2,2,0.0,0.21191000938415527,0.0
20260213_151714,CE_FULL,3807,1,38070001,100.0,100.0,4,12,0,3,3,0.0,0.40584301948547363,0.0
20260213_151714,CE_FULL,3807,1,38070001,100.0,100.0,5,16,0,1,1,0.0,0.16577696800231934,0.0
20260213_151714,CE_FULL,3807,1,38070001,100.0,100.0,6,20,0,7,5,15.0,9.242233991622925,1070.0
20260213_151714,CE_FULL,3807,1,38070001,100.0,100.0,7,24,2,9,4,20.0,0.001667022705078125,973.3333333333334
20260213_151714,CE_FULL,3807,1,38070001,100.0,100.0,8,28,2,6,5,10.0,5.15473198890686,268.3333333333333
20260213_151714,CE_FULL,3807,1,38070001,100.0,100.0,9,32,4,3,3,6.0,0.4122309684753418,170.0
20260213_151714,CE_FULL,3807,1,38070001,100.0,100.0,10,36,5,5,5,9.0,1.7920141220092773,535.0
20260213_151714,CE_FULL,3807,1,38070001,100.0,100.0,11,40,6,6,4,16.0,4.74150013923645,1290.0
20260213_151714,CE_FULL,3807,1,38070001,100.0,100.0,12,44,6,5,3,16.0,1.68617582321167,1290.0
20260213_151714,CE_FULL,3807,1,38070001,100.0,100.0,13,48,5,8,4,52.0,0.001024007797241211,838.3333333333333
20260213_151714,CE_FULL,3807,1,38070001,100.0,100.0,14,52,7,11,4,48.0,0.006819009780883789,1740.0
20260213_151714,CE_FULL,3807,1,38070001,100.0,100.0,15,56,7,9,4,40.0,0.0017390251159667969,1700.0
20260213_151714,CE_FULL,3807,1,38070001,100.0,100.0,16,60,7,8,4,36.0,0.0008192062377929688,1120.0
20260213_151714,CE_FULL,467,1,4670001,100.0,100.0,1,0,0,1,1,0.0,0.16659212112426758,0.0
20260213_151714,CE_FULL,467,1,4670001,100.0,100.0,2,4,0,1,1,0.0,0.16561007499694824,0.0
20260213_151714,CE_FULL,467,1,4670001,100.0,100.0,3,8,0,2,2,0.0,0.2125401496887207,0.0
20260213_151714,CE_FULL,467,1,4670001,100.0,100.0,4,12,0,3,3,0.0,0.5610010623931885,0.0
20260213_151714,CE_FULL,467,1,4670001,100.0,100.0,5,16,0,1,1,0.0,0.1637411117553711,0.0
20260213_151714,CE_FULL,467,1,4670001,100.0,100.0,6,20,0,7,5,15.0,9.078336954116821,1320.0
20260213_151714,CE_FULL,467,1,4670001,100.0,100.0,7,24,2,9,4,20.0,0.0016911029815673828,973.3333333333334
20260213_151714,CE_FULL,467,1,4670001,100.0,100.0,8,28,2,6,5,10.0,5.089947938919067,303.3333333333333
20260213_151714,CE_FULL,467,1,4670001,100.0,100.0,9,32,4,3,3,6.0,0.41179800033569336,170.0
20260213_151714,CE_FULL,467,1,4670001,100.0,100.0,10,36,5,5,5,9.0,1.6530799865722656,535.0
20260213_151714,CE_FULL,467,1,4670001,100.0,100.0,11,40,6,6,4,16.0,5.0606019496917725,1290.0
20260213_151714,CE_FULL,467,1,4670001,100.0,100.0,12,44,6,5,4,20.0,1.6692631244659424,1220.0
20260213_151714,CE_FULL,467,1,4670001,100.0,100.0,13,48,6,7,4,32.0,14.970736026763916,880.0
20260213_151714,CE_FULL,467,1,4670001,100.0,100.0,14,52,6,10,4,48.0,0.003056049346923828,2040.0
20260213_151714,CE_FULL,467,1,4670001,100.0,100.0,15,56,6,8,4,46.0,0.0007729530334472656,1800.0
20260213_151714,CE_FULL,467,1,4670001,100.0,100.0,16,60,7,7,5,39.0,9.667680025100708,1410.0
20260213_151714,CE_FULL,6478,1,64780001,100.0,100.0,1,0,0,1,1,0.0,0.16666412353515625,0.0
20260213_151714,CE_FULL,6478,1,64780001,100.0,100.0,2,4,0,1,1,0.0,0.16705894470214844,0.0
20260213_151714,CE_FULL,6478,1,64780001,100.0,100.0,3,8,0,2,2,0.0,0.2126779556274414,0.0
20260213_151714,CE_FULL,6478,1,64780001,100.0,100.0,4,12,0,3,3,0.0,0.40821003913879395,0.0
20260213_151714,CE_FULL,6478,1,64780001,100.0,100.0,5,16,0,1,1,0.0,0.16556310653686523,0.0
20260213_151714,CE_FULL,6478,1,64780001,100.0,100.0,6,20,0,7,5,15.0,9.448937177658081,736.6666666666666
20260213_151714,CE_FULL,6478,1,64780001,100.0,100.0,7,24,2,9,4,20.0,0.0016300678253173828,1000.0
20260213_151714,CE_FULL,6478,1,64780001,100.0,100.0,8,28,2,6,6,34.0,4.704025983810425,420.0
20260213_151714,CE_FULL,6478,1,64780001,100.0,100.0,9,32,5,2,2,4.0,0.21869587898254395,100.0
20260213_151714,CE_FULL,6478,1,64780001,100.0,100.0,10,36,5,5,5,9.0,1.6622319221496582,535.0
20260213_151714,CE_FULL,6478,1,64780001,100.0,100.0,11,40,6,6,4,16.0,4.806674957275391,1290.0
20260213_151714,CE_FULL,6478,1,64780001,100.0,100.0,12,44,6,5,4,20.0,1.818518877029419,1220.0
20260213_151714,CE_FULL,6478,1,64780001,100.0,100.0,13,48,6,7,4,32.0,13.957267045974731,880.0
20260213_151714,CE_FULL,6478,1,64780001,100.0,100.0,14,52,6,10,4,48.0,0.0030629634857177734,2040.0
20260213_151714,CE_FULL,6478,1,64780001,100.0,100.0,15,56,6,8,4,46.0,0.0008060932159423828,1800.0
20260213_151714,CE_FULL,6478,1,64780001,100.0,100.0,16,60,7,7,5,39.0,9.61581802368164,1410.0
20260213_151714,CE_FULL,4898,1,48980001,100.0,100.0,1,0,0,1,1,0.0,0.1700429916381836,0.0
20260213_151714,CE_FULL,4898,1,48980001,100.0,100.0,2,4,0,1,1,0.0,0.1708688735961914,0.0
20260213_151714,CE_FULL,4898,1,48980001,100.0,100.0,3,8,0,2,2,0.0,0.21685791015625,0.0
20260213_151714,CE_FULL,4898,1,48980001,100.0,100.0,4,12,0,3,3,0.0,0.41709089279174805,0.0
20260213_151714,CE_FULL,4898,1,48980001,100.0,100.0,5,16,0,1,1,0.0,0.16902685165405273,0.0
20260213_151714,CE_FULL,4898,1,48980001,100.0,100.0,6,20,0,7,6,32.0,9.347481966018677,440.0
20260213_151714,CE_FULL,4898,1,48980001,100.0,100.0,7,24,4,8,4,16.0,0.0008511543273925781,960.0
20260213_151714,CE_FULL,4898,1,48980001,100.0,100.0,8,28,4,5,4,4.0,1.7949981689453125,720.0
20260213_151714,CE_FULL,4898,1,48980001,100.0,100.0,9,32,4,3,3,6.0,0.40865397453308105,240.0
20260213_151714,CE_FULL,4898,1,48980001,100.0,100.0,10,36,5,5,5,9.0,1.6717782020568848,535.0
20260213_151714,CE_FULL,4898,1,48980001,100.0,100.0,11,40,6,6,4,16.0,4.866681814193726,1290.0
20260213_151714,CE_FULL,4898,1,48980001,100.0,100.0,12,44,6,5,4,20.0,1.8297669887542725,1220.0
20260213_151714,CE_FULL,4898,1,48980001,100.0,100.0,13,48,6,7,4,32.0,14.09496808052063,880.0
20260213_151714,CE_FULL,4898,1,48980001,100.0,100.0,14,52,6,10,4,48.0,0.0031020641326904297,2040.0
20260213_151714,CE_FULL,4898,1,48980001,100.0,100.0,15,56,6,8,4,46.0,0.0007929801940917969,1800.0
20260213_151714,CE_FULL,4898,1,48980001,100.0,100.0,16,60,7,7,5,39.0,9.85578203201294,1410.0
20260213_151714,CE_FULL,7886,1,78860001,100.0,100.0,1,0,0,1,1,0.0,0.1698620319366455,0.0
20260213_151714,CE_FULL,7886,1,78860001,100.0,100.0,2,4,0,1,1,0.0,0.17031097412109375,0.0
20260213_151714,CE_FULL,7886,1,78860001,100.0,100.0,3,8,0,2,2,0.0,0.22283601760864258,0.0
20260213_151714,CE_FULL,7886,1,78860001,100.0,100.0,4,12,0,3,3,0.0,0.4174618721008301,0.0
20260213_151714,CE_FULL,7886,1,78860001,100.0,100.0,5,16,0,1,1,0.0,0.16762685775756836,0.0
20260213_151714,CE_FULL,7886,1,78860001,100.0,100.0,6,20,0,7,4,12.0,9.447288036346436,720.0
20260213_151714,CE_FULL,7886,1,78860001,100.0,100.0,7,24,2,10,4,24.0,0.0033910274505615234,1000.0
20260213_151714,CE_FULL,7886,1,78860001,100.0,100.0,8,28,2,7,5,15.0,8.450003147125244,1020.0
20260213_151714,CE_FULL,7886,1,78860001,100.0,100.0,9,32,4,4,4,6.0,1.2869248390197754,313.3333333333333
20260213_151714,CE_FULL,7886,1,78860001,100.0,100.0,10,36,5,5,5,9.0,1.7048180103302002,535.0
20260213_151714,CE_FULL,7886,1,78860001,100.0,100.0,11,40,6,6,4,16.0,4.924644947052002,1290.0
20260213_151714,CE_FULL,7886,1,78860001,100.0,100.0,12,44,6,5,4,20.0,1.8789970874786377,1220.0
20260213_151714,CE_FULL,7886,1,78860001,100.0,100.0,13,48,6,7,4,32.0,14.49398398399353,880.0
20260213_151714,CE_FULL,7886,1,78860001,100.0,100.0,14,52,6,10,4,48.0,0.0030028820037841797,2040.0
20260213_151714,CE_FULL,7886,1,78860001,100.0,100.0,15,56,6,8,4,46.0,0.0007560253143310547,1800.0
20260213_151714,CE_FULL,7886,1,78860001,100.0,100.0,16,60,7,7,5,39.0,9.986644983291626,1410.0
20260213_151714,CE_FULL,4410,1,44100001,100.0,100.0,1,0,0,1,1,0.0,0.17633485794067383,0.0
20260213_151714,CE_FULL,4410,1,44100001,100.0,100.0,2,4,0,1,1,0.0,0.16922688484191895,0.0
20260213_151714,CE_FULL,4410,1,44100001,100.0,100.0,3,8,0,2,2,0.0,0.216871976852417,0.0
20260213_151714,CE_FULL,4410,1,44100001,100.0,100.0,4,12,0,3,3,0.0,0.419342041015625,0.0
20260213_151714,CE_FULL,4410,1,44100001,100.0,100.0,5,16,0,1,1,0.0,0.16832184791564941,0.0
20260213_151714,CE_FULL,4410,1,44100001,100.0,100.0,6,20,0,7,6,32.0,9.567835092544556,1280.0
20260213_151714,CE_FULL,4410,1,44100001,100.0,100.0,7,24,3,8,4,16.0,0.0007791519165039062,960.0
20260213_151714,CE_FULL,4410,1,44100001,100.0,100.0,8,28,3,5,4,4.0,3.1552000045776367,360.0
20260213_151714,CE_FULL,4410,1,44100001,100.0,100.0,9,32,4,3,3,6.0,0.43709492683410645,170.0
20260213_151714,CE_FULL,4410,1,44100001,100.0,100.0,10,36,5,5,4,4.0,1.87391996383667,1000.0
20260213_151714,CE_FULL,4410,1,44100001,100.0,100.0,11,40,5,7,4,12.0,8.840889930725098,860.0
20260213_151714,CE_FULL,4410,1,44100001,100.0,100.0,12,44,5,6,4,18.0,4.965678930282593,790.0
20260213_151714,CE_FULL,4410,1,44100001,100.0,100.0,13,48,5,8,4,52.0,0.0008170604705810547,973.3333333333333
20260213_151714,CE_FULL,4410,1,44100001,100.0,100.0,14,52,7,11,4,48.0,0.0058290958404541016,1740.0
20260213_151714,CE_FULL,4410,1,44100001,100.0,100.0,15,56,7,9,4,40.0,0.0016460418701171875,1700.0
20260213_151714,CE_FULL,4410,1,44100001,100.0,100.0,16,60,7,8,4,36.0,0.0007748603820800781,1120.0
20260213_151714,CE_FULL,8260,1,82600001,100.0,100.0,1,0,0,1,1,0.0,0.20685291290283203,0.0
20260213_151714,CE_FULL,8260,1,82600001,100.0,100.0,2,4,0,1,1,0.0,0.16997098922729492,0.0
20260213_151714,CE_FULL,8260,1,82600001,100.0,100.0,3,8,0,2,2,0.0,0.21939897537231445,0.0
20260213_151714,CE_FULL,8260,1,82600001,100.0,100.0,4,12,0,3,3,0.0,0.4232001304626465,0.0
20260213_151714,CE_FULL,8260,1,82600001,100.0,100.0,5,16,0,1,1,0.0,0.17023015022277832,0.0
20260213_151714,CE_FULL,8260,1,82600001,100.0,100.0,6,20,0,7,6,32.0,9.686968088150024,1680.0
20260213_151714,CE_FULL,8260,1,82600001,100.0,100.0,7,24,3,8,4,16.0,0.0007669925689697266,960.0
20260213_151714,CE_FULL,8260,1,82600001,100.0,100.0,8,28,3,5,4,4.0,1.714087963104248,360.0
20260213_151714,CE_FULL,8260,1,82600001,100.0,100.0,9,32,4,3,2,4.0,0.43486499786376953,500.0
20260213_151714,CE_FULL,8260,1,82600001,100.0,100.0,10,36,4,6,4,8.0,5.398545980453491,573.3333333333334
20260213_151714,CE_FULL,8260,1,82600001,100.0,100.0,11,40,4,8,4,16.0,0.0008590221405029297,720.0
20260213_151714,CE_FULL,8260,1,82600001,100.0,100.0,12,44,4,7,5,25.0,26.36204504966736,853.3333333333333
20260213_151714,CE_FULL,8260,1,82600001,100.0,100.0,13,48,5,8,3,44.0,0.0008120536804199219,813.3333333333333
20260213_151714,CE_FULL,8260,1,82600001,100.0,100.0,14,52,6,12,4,56.0,0.014197111129760742,1440.0
20260213_151714,CE_FULL,8260,1,82600001,100.0,100.0,15,56,6,10,4,44.0,0.0034110546112060547,1340.0
20260213_151714,CE_FULL,8260,1,82600001,100.0,100.0,16,60,6,9,4,40.0,0.0016829967498779297,1480.0
20260213_151714,CE_FULL,5346,1,53460001,100.0,100.0,1,0,0,1,1,0.0,0.17117905616760254,0.0
20260213_151714,CE_FULL,5346,1,53460001,100.0,100.0,2,4,0,1,1,0.0,0.17010283470153809,0.0
20260213_151714,CE_FULL,5346,1,53460001,100.0,100.0,3,8,0,2,2,0.0,0.21887898445129395,0.0
20260213_151714,CE_FULL,5346,1,53460001,100.0,100.0,4,12,0,3,3,0.0,0.4243929386138916,0.0
20260213_151714,CE_FULL,5346,1,53460001,100.0,100.0,5,16,0,1,1,0.0,0.16961884498596191,0.0
20260213_151714,CE_FULL,5346,1,53460001,100.0,100.0,6,20,0,7,5,15.0,9.635979890823364,1250.0
20260213_151714,CE_FULL,5346,1,53460001,100.0,100.0,7,24,3,9,4,20.0,0.0015909671783447266,960.0
20260213_151714,CE_FULL,5346,1,53460001,100.0,100.0,8,28,3,6,4,8.0,4.957895040512085,360.0
20260213_151714,CE_FULL,5346,1,53460001,100.0,100.0,9,32,3,4,4,8.0,0.6685538291931152,240.0
20260213_151714,CE_FULL,5346,1,53460001,100.0,100.0,10,36,5,5,4,4.0,1.8826260566711426,720.0
20260213_151714,CE_FULL,5346,1,53460001,100.0,100.0,11,40,5,7,4,12.0,10.395107984542847,573.3333333333334
20260213_151714,CE_FULL,5346,1,53460001,100.0,100.0,12,44,5,6,3,12.0,4.993693113327026,860.0
20260213_151714,CE_FULL,5346,1,53460001,100.0,100.0,13,48,4,9,4,48.0,0.0015499591827392578,813.3333333333333
20260213_151714,CE_FULL,5346,1,53460001,100.0,100.0,14,52,6,12,4,56.0,0.012778043746948242,1440.0
20260213_151714,CE_FULL,5346,1,53460001,100.0,100.0,15,56,6,10,4,44.0,0.0035088062286376953,1340.0
20260213_151714,CE_FULL,5346,1,53460001,100.0,100.0,16,60,6,9,4,40.0,0.001641988754272461,1480.0
20260213_151714,CE_FULL,1574,1,15740001,100.0,100.0,1,0,0,1,1,0.0,0.17126893997192383,0.0
20260213_151714,CE_FULL,1574,1,15740001,100.0,100.0,2,4,0,1,1,0.0,0.17098188400268555,0.0
20260213_151714,CE_FULL,1574,1,15740001,100.0,100.0,3,8,0,2,2,0.0,0.23063111305236816,0.0
20260213_151714,CE_FULL,1574,1,15740001,100.0,100.0,4,12,0,3,3,0.0,0.423259973526001,0.0
20260213_151714,CE_FULL,1574,1,15740001,100.0,100.0,5,16,0,1,1,0.0,0.16899895668029785,0.0
20260213_151714,CE_FULL,1574,1,15740001,100.0,100.0,6,20,0,7,6,32.0,10.979074954986572,440.0
20260213_151714,CE_FULL,1574,1,15740001,100.0,100.0,7,24,4,8,4,16.0,0.0008089542388916016,960.0
20260213_151714,CE_FULL,1574,1,15740001,100.0,100.0,8,28,4,5,4,4.0,1.753051996231079,360.0
20260213_151714,CE_FULL,1574,1,15740001,100.0,100.0,9,32,4,3,3,6.0,0.44568705558776855,170.0
20260213_151714,CE_FULL,1574,1,15740001,100.0,100.0,10,36,5,5,5,9.0,1.750143051147461,535.0
20260213_151714,CE_FULL,1574,1,15740001,100.0,100.0,11,40,6,6,4,16.0,5.07942008972168,1290.0
20260213_151714,CE_FULL,1574,1,15740001,100.0,100.0,12,44,6,5,3,16.0,1.951324224472046,1290.0
20260213_151714,CE_FULL,1574,1,15740001,100.0,100.0,13,48,5,8,4,52.0,0.0008070468902587891,838.3333333333333
20260213_151714,CE_FULL,1574,1,15740001,100.0,100.0,14,52,7,11,4,48.0,0.006062030792236328,1740.0
20260213_151714,CE_FULL,1574,1,15740001,100.0,100.0,15,56,7,9,4,40.0,0.0018079280853271484,1700.0
20260213_151714,CE_FULL,1574,1,15740001,100.0,100.0,16,60,7,8,4,36.0,0.0008368492126464844,1120.0
20260213_151714,CE_FULL,4719,1,47190001,100.0,100.0,1,0,0,1,1,0.0,0.16970586776733398,0.0
20260213_151714,CE_FULL,4719,1,47190001,100.0,100.0,2,4,0,1,1,0.0,0.16882705688476562,0.0
20260213_151714,CE_FULL,4719,1,47190001,100.0,100.0,3,8,0,2,2,0.0,0.21941518783569336,0.0
20260213_151714,CE_FULL,4719,1,47190001,100.0,100.0,4,12,0,3,3,0.0,0.4288451671600342,0.0
20260213_151714,CE_FULL,4719,1,47190001,100.0,100.0,5,16,0,1,1,0.0,0.1691141128540039,0.0
20260213_151714,CE_FULL,4719,1,47190001,100.0,100.0,6,20,0,7,4,12.0,9.547357082366943,1000.0
20260213_151714,CE_FULL,4719,1,47190001,100.0,100.0,7,24,1,10,4,24.0,0.0031888484954833984,1000.0
20260213_151714,CE_FULL,4719,1,47190001,100.0,100.0,8,28,1,7,5,15.0,9.941220045089722,1020.0
20260213_151714,CE_FULL,4719,1,47190001,100.0,100.0,9,32,4,4,4,6.0,1.3191399574279785,313.3333333333333
20260213_151714,CE_FULL,4719,1,47190001,100.0,100.0,10,36,5,5,5,9.0,1.7510218620300293,535.0
20260213_151714,CE_FULL,4719,1,47190001,100.0,100.0,11,40,6,6,4,16.0,5.036488056182861,1290.0
20260213_151714,CE_FULL,4719,1,47190001,100.0,100.0,12,44,6,5,3,16.0,1.9489610195159912,1290.0
20260213_151714,CE_FULL,4719,1,47190001,100.0,100.0,13,48,5,8,4,52.0,0.0008380413055419922,838.3333333333333
20260213_151714,CE_FULL,4719,1,47190001,100.0,100.0,14,52,7,11,4,48.0,0.006288051605224609,1740.0
20260213_151714,CE_FULL,4719,1,47190001,100.0,100.0,15,56,7,9,4,40.0,0.0017549991607666016,1700.0
20260213_151714,CE_FULL,4719,1,47190001,100.0,100.0,16,60,7,8,4,36.0,0.0008490085601806641,1120.0
20260213_151714,CE_FULL,6566,1,65660001,100.0,100.0,1,0,0,1,1,0.0,0.17241287231445312,0.0
20260213_151714,CE_FULL,6566,1,65660001,100.0,100.0,2,4,0,1,1,0.0,0.1719679832458496,0.0
20260213_151714,CE_FULL,6566,1,65660001,100.0,100.0,3,8,0,2,2,0.0,0.22159194946289062,0.0
20260213_151714,CE_FULL,6566,1,65660001,100.0,100.0,4,12,0,3,3,0.0,0.4303019046783447,0.0
20260213_151714,CE_FULL,6566,1,65660001,100.0,100.0,5,16,0,1,1,0.0,0.1702899932861328,0.0
20260213_151714,CE_FULL,6566,1,65660001,100.0,100.0,6,20,0,7,5,15.0,9.769914865493774,1250.0
20260213_151714,CE_FULL,6566,1,65660001,100.0,100.0,7,24,3,9,4,20.0,0.0014841556549072266,960.0
20260213_151714,CE_FULL,6566,1,65660001,100.0,100.0,8,28,3,6,5,10.0,4.996697187423706,395.0
20260213_151714,CE_FULL,6566,1,65660001,100.0,100.0,9,32,4,3,3,6.0,0.4274470806121826,240.0
20260213_151714,CE_FULL,6566,1,65660001,100.0,100.0,10,36,5,5,5,9.0,1.7615089416503906,535.0
20260213_151714,CE_FULL,6566,1,65660001,100.0,100.0,11,40,6,6,5,26.0,5.041030168533325,1135.0
20260213_151714,CE_FULL,6566,1,65660001,100.0,100.0,12,44,7,4,4,18.0,1.1097328662872314,1500.0
20260213_151714,CE_FULL,6566,1,65660001,100.0,100.0,13,48,7,6,4,32.0,5.600320100784302,1460.0
20260213_151714,CE_FULL,6566,1,65660001,100.0,100.0,14,52,7,9,4,40.0,0.001483917236328125,2400.0
20260213_151714,CE_FULL,6566,1,65660001,100.0,100.0,15,56,7,7,5,45.0,10.2032630443573,1850.0
20260213_151714,CE_FULL,6566,1,65660001,100.0,100.0,16,60,8,5,4,36.0,2.0289340019226074,1360.0
20260213_151714,CE_FULL,9071,1,90710001,100.0,100.0,1,0,0,1,1,0.0,0.1727910041809082,0.0
20260213_151714,CE_FULL,9071,1,90710001,100.0,100.0,2,4,0,1,1,0.0,0.17214703559875488,0.0
20260213_151714,CE_FULL,9071,1,90710001,100.0,100.0,3,8,0,2,2,0.0,0.223222017288208,0.0
20260213_151714,CE_FULL,9071,1,90710001,100.0,100.0,4,12,0,3,3,0.0,0.43276286125183105,0.0
20260213_151714,CE_FULL,9071,1,90710001,100.0,100.0,5,16,0,1,1,0.0,0.17252683639526367,0.0
20260213_151714,CE_FULL,9071,1,90710001,100.0,100.0,6,20,0,7,5,15.0,9.884066104888916,1320.0
20260213_151714,CE_FULL,9071,1,90710001,100.0,100.0,7,24,2,9,4,20.0,0.0016400814056396484,973.3333333333334
20260213_151714,CE_FULL,9071,1,90710001,100.0,100.0,8,28,2,6,5,10.0,5.538224935531616,303.3333333333333
20260213_151714,CE_FULL,9071,1,90710001,100.0,100.0,9,32,4,3,3,6.0,0.4379699230194092,170.0
20260213_151714,CE_FULL,9071,1,90710001,100.0,100.0,10,36,5,5,4,8.0,1.7773079872131348,500.0
20260213_151714,CE_FULL,9071,1,90710001,100.0,100.0,11,40,5,7,4,12.0,10.33049988746643,860.0
20260213_151714,CE_FULL,9071,1,90710001,100.0,100.0,12,44,5,6,4,18.0,5.1163270473480225,790.0
20260213_151714,CE_FULL,9071,1,90710001,100.0,100.0,13,48,5,8,4,52.0,0.0007879734039306641,973.3333333333333
20260213_151714,CE_FULL,9071,1,90710001,100.0,100.0,14,52,7,11,4,48.0,0.005916118621826172,1740.0
20260213_151714,CE_FULL,9071,1,90710001,100.0,100.0,15,56,7,9,4,40.0,0.0016460418701171875,1700.0
20260213_151714,CE_FULL,9071,1,90710001,100.0,100.0,16,60,7,8,4,36.0,0.0007958412170410156,1120.0
20260213_151714,CE_FULL,9416,1,94160001,100.0,100.0,1,0,0,1,1,0.0,0.17358803749084473,0.0
20260213_151714,CE_FULL,9416,1,94160001,100.0,100.0,2,4,0,1,1,0.0,0.1720590591430664,0.0
20260213_151714,CE_FULL,9416,1,94160001,100.0,100.0,3,8,0,2,2,0.0,0.23105597496032715,0.0
20260213_151714,CE_FULL,9416,1,94160001,100.0,100.0,4,12,0,3,3,0.0,0.43382906913757324,0.0
20260213_151714,CE_FULL,9416,1,94160001,100.0,100.0,5,16,0,1,1,0.0,0.17153215408325195,0.0
20260213_151714,CE_FULL,9416,1,94160001,100.0,100.0,6,20,0,7,5,15.0,9.965100049972534,1000.0
20260213_151714,CE_FULL,9416,1,94160001,100.0,100.0,7,24,3,9,4,20.0,0.001728057861328125,973.3333333333334
20260213_151714,CE_FULL,9416,1,94160001,100.0,100.0,8,28,3,6,5,10.0,5.4511799812316895,303.3333333333333
20260213_151714,CE_FULL,9416,1,94160001,100.0,100.0,9,32,4,3,3,6.0,0.4482851028442383,170.0
20260213_151714,CE_FULL,9416,1,94160001,100.0,100.0,10,36,5,5,5,9.0,1.785883903503418,535.0
20260213_151714,CE_FULL,9416,1,94160001,100.0,100.0,11,40,6,6,4,16.0,5.182898998260498,1290.0
20260213_151714,CE_FULL,9416,1,94160001,100.0,100.0,12,44,6,5,4,20.0,1.9807090759277344,1220.0
20260213_151714,CE_FULL,9416,1,94160001,100.0,100.0,13,48,6,7,4,32.0,15.155452966690063,880.0
20260213_151714,CE_FULL,9416,1,94160001,100.0,100.0,14,52,6,10,4,48.0,0.003049135208129883,2040.0
20260213_151714,CE_FULL,9416,1,94160001,100.0,100.0,15,56,6,8,4,46.0,0.0007979869842529297,1800.0
20260213_151714,CE_FULL,9416,1,94160001,100.0,100.0,16,60,7,7,5,39.0,10.623960971832275,1410.0
20260213_151714,CE_FULL,1942,1,19420001,100.0,100.0,1,0,0,1,1,0.0,0.17248010635375977,0.0
20260213_151714,CE_FULL,1942,1,19420001,100.0,100.0,2,4,0,1,1,0.0,0.17193102836608887,0.0
20260213_151714,CE_FULL,1942,1,19420001,100.0,100.0,3,8,0,2,2,0.0,0.22371983528137207,0.0
20260213_151714,CE_FULL,1942,1,19420001,100.0,100.0,4,12,0,3,3,0.0,0.44097399711608887,0.0
20260213_151714,CE_FULL,1942,1,19420001,100.0,100.0,5,16,0,1,1,0.0,0.17179083824157715,0.0
20260213_151714,CE_FULL,1942,1,19420001,100.0,100.0,6,20,0,7,4,12.0,9.976210117340088,720.0
20260213_151714,CE_FULL,1942,1,19420001,100.0,100.0,7,24,2,10,4,24.0,0.0035560131072998047,1000.0
20260213_151714,CE_FULL,1942,1,19420001,100.0,100.0,8,28,2,7,5,15.0,21.364686965942383,1020.0
20260213_151714,CE_FULL,1942,1,19420001,100.0,100.0,9,32,4,4,4,6.0,1.3529939651489258,313.3333333333333
20260213_151714,CE_FULL,1942,1,19420001,100.0,100.0,10,36,5,5,5,9.0,1.8060002326965332,535.0
20260213_151714,CE_FULL,1942,1,19420001,100.0,100.0,11,40,6,6,4,16.0,5.236938953399658,1290.0
20260213_151714,CE_FULL,1942,1,19420001,100.0,100.0,12,44,6,5,4,20.0,2.0196869373321533,1220.0
20260213_151714,CE_FULL,1942,1,19420001,100.0,100.0,13,48,6,7,4,32.0,15.380999088287354,880.0
20260213_151714,CE_FULL,1942,1,19420001,100.0,100.0,14,52,6,10,4,48.0,0.003164052963256836,2040.0
20260213_151714,CE_FULL,1942,1,19420001,100.0,100.0,15,56,6,8,4,46.0,0.0007839202880859375,1800.0
20260213_151714,CE_FULL,1942,1,19420001,100.0,100.0,16,60,7,7,5,39.0,10.527706146240234,1410.0
20260213_151714,CE_FULL,1562,1,15620001,100.0,100.0,1,0,0,1,1,0.0,0.17367291450500488,0.0
20260213_151714,CE_FULL,1562,1,15620001,100.0,100.0,2,4,0,1,1,0.0,0.17246079444885254,0.0
20260213_151714,CE_FULL,1562,1,15620001,100.0,100.0,3,8,0,2,2,0.0,0.22516489028930664,0.0
20260213_151714,CE_FULL,1562,1,15620001,100.0,100.0,4,12,0,3,3,0.0,0.4447000026702881,0.0
20260213_151714,CE_FULL,1562,1,15620001,100.0,100.0,5,16,0,1,1,0.0,0.17223906517028809,0.0
20260213_151714,CE_FULL,1562,1,15620001,100.0,100.0,6,20,0,7,5,15.0,10.084041118621826,1320.0
20260213_151714,CE_FULL,1562,1,15620001,100.0,100.0,7,24,2,9,4,20.0,0.0017800331115722656,960.0
20260213_151714,CE_FULL,1562,1,15620001,100.0,100.0,8,28,2,6,4,8.0,5.170042991638184,1000.0
20260213_151714,CE_FULL,1562,1,15620001,100.0,100.0,9,32,3,4,4,8.0,0.7097630500793457,170.0
20260213_151714,CE_FULL,1562,1,15620001,100.0,100.0,10,36,5,5,5,9.0,2.005101203918457,535.0
20260213_151714,CE_FULL,1562,1,15620001,100.0,100.0,11,40,6,6,4,16.0,5.240976095199585,1290.0
20260213_151714,CE_FULL,1562,1,15620001,100.0,100.0,12,44,6,5,4,20.0,1.8755948543548584,1220.0
20260213_151714,CE_FULL,1562,1,15620001,100.0,100.0,13,48,6,7,4,32.0,15.448732137680054,880.0
20260213_151714,CE_FULL,1562,1,15620001,100.0,100.0,14,52,6,10,4,48.0,0.0029630661010742188,2040.0
20260213_151714,CE_FULL,1562,1,15620001,100.0,100.0,15,56,6,8,4,46.0,0.0008099079132080078,1800.0
20260213_151714,CE_FULL,1562,1,15620001,100.0,100.0,16,60,7,7,5,39.0,10.758350849151611,1410.0
20260213_151714,CE_FULL,2244,1,22440001,100.0,100.0,1,0,0,1,1,0.0,0.195465087890625,0.0
20260213_151714,CE_FULL,2244,1,22440001,100.0,100.0,2,4,0,1,1,0.0,0.17873692512512207,0.0
20260213_151714,CE_FULL,2244,1,22440001,100.0,100.0,3,8,0,2,2,0.0,0.22905397415161133,0.0
20260213_151714,CE_FULL,2244,1,22440001,100.0,100.0,4,12,0,3,3,0.0,0.4482879638671875,0.0
20260213_151714,CE_FULL,2244,1,22440001,100.0,100.0,5,16,0,1,1,0.0,0.1746070384979248,0.0
20260213_151714,CE_FULL,2244,1,22440001,100.0,100.0,6,20,0,7,6,32.0,10.57276701927185,1680.0
20260213_151714,CE_FULL,2244,1,22440001,100.0,100.0,7,24,3,8,4,16.0,0.0007550716400146484,960.0
20260213_151714,CE_FULL,2244,1,22440001,100.0,100.0,8,28,3,5,4,4.0,1.8267569541931152,360.0
20260213_151714,CE_FULL,2244,1,22440001,100.0,100.0,9,32,4,3,3,6.0,0.45131802558898926,170.0
20260213_151714,CE_FULL,2244,1,22440001,100.0,100.0,10,36,5,5,5,9.0,2.1192750930786133,535.0
20260213_151714,CE_FULL,2244,1,22440001,100.0,100.0,11,40,6,6,4,16.0,5.326553106307983,1290.0
20260213_151714,CE_FULL,2244,1,22440001,100.0,100.0,12,44,6,5,4,20.0,1.873884916305542,1220.0
20260213_151714,CE_FULL,2244,1,22440001,100.0,100.0,13,48,6,7,4,32.0,16.202187061309814,880.0
20260213_151714,CE_FULL,2244,1,22440001,100.0,100.0,14,52,6,10,4,48.0,0.003133058547973633,2040.0
20260213_151714,CE_FULL,2244,1,22440001,100.0,100.0,15,56,6,8,4,46.0,0.0008111000061035156,1800.0
20260213_151714,CE_FULL,2244,1,22440001,100.0,100.0,16,60,7,7,5,39.0,10.94385313987732,1410.0
20260213_151714,CE_FULL,7298,1,72980001,100.0,100.0,1,0,0,1,1,0.0,0.1751852035522461,0.0
20260213_151714,CE_FULL,7298,1,72980001,100.0,100.0,2,4,0,1,1,0.0,0.17486906051635742,0.0
20260213_151714,CE_FULL,7298,1,72980001,100.0,100.0,3,8,0,2,2,0.0,0.22966504096984863,0.0
20260213_151714,CE_FULL,7298,1,72980001,100.0,100.0,4,12,0,3,3,0.0,0.44894886016845703,0.0
20260213_151714,CE_FULL,7298,1,72980001,100.0,100.0,5,16,0,1,1,0.0,0.1746540069580078,0.0
20260213_151714,CE_FULL,7298,1,72980001,100.0,100.0,6,20,0,7,7,63.0,10.398269176483154,1080.0
20260213_151714,CE_FULL,7298,1,72980001,100.0,100.0,7,24,4,7,5,15.0,9.652822971343994,720.0
20260213_151714,CE_FULL,7298,1,72980001,100.0,100.0,8,28,5,3,2,4.0,0.46329307556152344,500.0
20260213_151714,CE_FULL,7298,1,72980001,100.0,100.0,9,32,4,3,3,6.0,0.45778799057006836,100.0
20260213_151714,CE_FULL,7298,1,72980001,100.0,100.0,10,36,5,5,5,9.0,1.885956048965454,535.0
20260213_151714,CE_FULL,7298,1,72980001,100.0,100.0,11,40,6,6,4,16.0,5.497153997421265,1290.0
20260213_151714,CE_FULL,7298,1,72980001,100.0,100.0,12,44,6,5,4,20.0,3.477566957473755,1220.0
20260213_151714,CE_FULL,7298,1,72980001,100.0,100.0,13,48,6,7,4,32.0,15.742344856262207,880.0
20260213_151714,CE_FULL,7298,1,72980001,100.0,100.0,14,52,6,10,4,48.0,0.0030241012573242188,2040.0
20260213_151714,CE_FULL,7298,1,72980001,100.0,100.0,15,56,6,8,4,46.0,0.0007770061492919922,1800.0
20260213_151714,CE_FULL,7298,1,72980001,100.0,100.0,16,60,7,7,5,39.0,10.902758836746216,1410.0
20260213_151714,CE_FULL,8847,1,88470001,100.0,100.0,1,0,0,1,1,0.0,0.17592787742614746,0.0
20260213_151714,CE_FULL,8847,1,88470001,100.0,100.0,2,4,0,1,1,0.0,0.17592597007751465,0.0
20260213_151714,CE_FULL,8847,1,88470001,100.0,100.0,3,8,0,2,2,0.0,0.23125600814819336,0.0
20260213_151714,CE_FULL,8847,1,88470001,100.0,100.0,4,12,0,3,3,0.0,0.4531428813934326,0.0
20260213_151714,CE_FULL,8847,1,88470001,100.0,100.0,5,16,0,1,1,0.0,0.17505383491516113,0.0
20260213_151714,CE_FULL,8847,1,88470001,100.0,100.0,6,20,0,7,5,15.0,10.462967157363892,1320.0
20260213_151714,CE_FULL,8847,1,88470001,100.0,100.0,7,24,2,9,4,20.0,0.0017058849334716797,973.3333333333334
20260213_151714,CE_FULL,8847,1,88470001,100.0,100.0,8,28,2,6,5,10.0,5.815095901489258,303.3333333333333
20260213_151714,CE_FULL,8847,1,88470001,100.0,100.0,9,32,4,3,3,6.0,0.45340490341186523,170.0
20260213_151714,CE_FULL,8847,1,88470001,100.0,100.0,10,36,5,5,5,9.0,1.8684279918670654,535.0
20260213_151714,CE_FULL,8847,1,88470001,100.0,100.0,11,40,6,6,4,16.0,5.420917987823486,1290.0
20260213_151714,CE_FULL,8847,1,88470001,100.0,100.0,12,44,6,5,3,16.0,1.9208238124847412,1290.0
20260213_151714,CE_FULL,8847,1,88470001,100.0,100.0,13,48,5,8,4,52.0,0.0008840560913085938,838.3333333333333
20260213_151714,CE_FULL,8847,1,88470001,100.0,100.0,14,52,7,11,4,48.0,0.006390094757080078,1740.0
20260213_151714,CE_FULL,8847,1,88470001,100.0,100.0,15,56,7,9,4,40.0,0.0016210079193115234,1700.0
20260213_151714,CE_FULL,8847,1,88470001,100.0,100.0,16,60,7,8,4,36.0,0.0007870197296142578,1120.0
20260213_151714,CE_FULL,6318,1,63180001,100.0,100.0,1,0,0,1,1,0.0,0.1762840747833252,0.0
20260213_151714,CE_FULL,6318,1,63180001,100.0,100.0,2,4,0,1,1,0.0,0.1749410629272461,0.0
20260213_151714,CE_FULL,6318,1,63180001,100.0,100.0,3,8,0,2,2,0.0,0.23132681846618652,0.0
20260213_151714,CE_FULL,6318,1,63180001,100.0,100.0,4,12,0,3,3,0.0,0.4515070915222168,0.0
20260213_151714,CE_FULL,6318,1,63180001,100.0,100.0,5,16,0,1,1,0.0,0.17569899559020996,0.0
20260213_151714,CE_FULL,6318,1,63180001,100.0,100.0,6,20,0,7,6,32.0,10.525409936904907,1280.0
20260213_151714,CE_FULL,6318,1,63180001,100.0,100.0,7,24,3,8,4,16.0,0.0007660388946533203,960.0
20260213_151714,CE_FULL,6318,1,63180001,100.0,100.0,8,28,3,5,4,4.0,1.9441289901733398,360.0
20260213_151714,CE_FULL,6318,1,63180001,100.0,100.0,9,32,4,3,3,6.0,0.46134400367736816,170.0
20260213_151714,CE_FULL,6318,1,63180001,100.0,100.0,10,36,5,5,5,9.0,2.044356107711792,535.0
20260213_151714,CE_FULL,6318,1,63180001,100.0,100.0,11,40,6,6,4,16.0,5.18319296836853,1290.0
20260213_151714,CE_FULL,6318,1,63180001,100.0,100.0,12,44,6,5,4,20.0,2.0906529426574707,1220.0
20260213_151714,CE_FULL,6318,1,63180001,100.0,100.0,13,48,6,7,4,32.0,15.799744129180908,880.0
20260213_151714,CE_FULL,6318,1,63180001,100.0,100.0,14,52,6,10,4,48.0,0.002939939498901367,2040.0
20260213_151714,CE_FULL,6318,1,63180001,100.0,100.0,15,56,6,8,4,46.0,0.0007758140563964844,1800.0
20260213_151714,CE_FULL,6318,1,63180001,100.0,100.0,16,60,7,7,4,28.0,11.060143947601318,1440.0
20260213_151714,CE_FULL,7261,1,72610001,100.0,100.0,1,0,0,1,1,0.0,0.1794440746307373,0.0
20260213_151714,CE_FULL,7261,1,72610001,100.0,100.0,2,4,0,1,1,0.0,0.17731809616088867,0.0
20260213_151714,CE_FULL,7261,1,72610001,100.0,100.0,3,8,0,2,2,0.0,0.24255704879760742,0.0
20260213_151714,CE_FULL,7261,1,72610001,100.0,100.0,4,12,0,3,3,0.0,0.5862290859222412,0.0
20260213_151714,CE_FULL,7261,1,72610001,100.0,100.0,5,16,0,1,1,0.0,0.1758260726928711,0.0
20260213_151714,CE_FULL,7261,1,72610001,100.0,100.0,6,20,0,7,3,16.0,10.582621097564697,1000.0
20260213_151714,CE_FULL,7261,1,72610001,100.0,100.0,7,24,1,11,4,28.0,0.006390094757080078,1000.0
20260213_151714,CE_FULL,7261,1,72610001,100.0,100.0,8,28,1,8,4,16.0,0.00080108642578125,1000.0
20260213_151714,CE_FULL,7261,1,72610001,100.0,100.0,9,32,2,6,5,10.0,5.867421865463257,1320.0
20260213_151714,CE_FULL,7261,1,72610001,100.0,100.0,10,36,4,6,5,10.0,5.25350022315979,1070.0
20260213_151714,CE_FULL,7261,1,72610001,100.0,100.0,11,40,5,7,4,12.0,9.86314606666565,860.0
20260213_151714,CE_FULL,7261,1,72610001,100.0,100.0,12,44,5,6,3,12.0,5.528212070465088,860.0
20260213_151714,CE_FULL,7261,1,72610001,100.0,100.0,13,48,4,9,4,48.0,0.001580953598022461,813.3333333333333
20260213_151714,CE_FULL,7261,1,72610001,100.0,100.0,14,52,6,12,4,56.0,0.013141870498657227,1440.0
20260213_151714,CE_FULL,7261,1,72610001,100.0,100.0,15,56,6,10,4,44.0,0.003401041030883789,1340.0
20260213_151714,CE_FULL,7261,1,72610001,100.0,100.0,16,60,6,9,4,40.0,0.001764059066772461,1480.0
20260213_151714,CE_FULL,3149,1,31490001,100.0,100.0,1,0,0,1,1,0.0,0.1810309886932373,0.0
20260213_151714,CE_FULL,3149,1,31490001,100.0,100.0,2,4,0,1,1,0.0,0.17919588088989258,0.0
20260213_151714,CE_FULL,3149,1,31490001,100.0,100.0,3,8,0,2,2,0.0,0.23592901229858398,0.0
20260213_151714,CE_FULL,3149,1,31490001,100.0,100.0,4,12,0,3,3,0.0,0.4625380039215088,0.0
20260213_151714,CE_FULL,3149,1,31490001,100.0,100.0,5,16,0,1,1,0.0,0.17812395095825195,0.0
20260213_151714,CE_FULL,3149,1,31490001,100.0,100.0,6,20,0,7,6,32.0,10.684691905975342,1280.0
20260213_151714,CE_FULL,3149,1,31490001,100.0,100.0,7,24,3,8,4,16.0,0.0009391307830810547,973.3333333333334
20260213_151714,CE_FULL,3149,1,31490001,100.0,100.0,8,28,3,5,4,4.0,4.1792991161346436,240.0
20260213_151714,CE_FULL,3149,1,31490001,100.0,100.0,9,32,4,3,3,6.0,0.48107194900512695,170.0
20260213_151714,CE_FULL,3149,1,31490001,100.0,100.0,10,36,5,5,5,9.0,1.934687852859497,535.0
20260213_151714,CE_FULL,3149,1,31490001,100.0,100.0,11,40,6,6,4,16.0,5.513943910598755,1290.0
20260213_151714,CE_FULL,3149,1,31490001,100.0,100.0,12,44,6,5,3,16.0,2.1604959964752197,1290.0
20260213_151714,CE_FULL,3149,1,31490001,100.0,100.0,13,48,5,8,4,52.0,0.0008120536804199219,838.3333333333333
20260213_151714,CE_FULL,3149,1,31490001,100.0,100.0,14,52,7,11,4,48.0,0.0059130191802978516,1740.0
20260213_151714,CE_FULL,3149,1,31490001,100.0,100.0,15,56,7,9,4,40.0,0.0018031597137451172,1700.0
20260213_151714,CE_FULL,3149,1,31490001,100.0,100.0,16,60,7,8,4,36.0,0.0008499622344970703,1120.0
20260213_151714,CE_FULL,7427,1,74270001,100.0,100.0,1,0,0,1,1,0.0,0.17802691459655762,0.0
20260213_151714,CE_FULL,7427,1,74270001,100.0,100.0,2,4,0,1,1,0.0,0.17706298828125,0.0
20260213_151714,CE_FULL,7427,1,74270001,100.0,100.0,3,8,0,2,2,0.0,0.23452115058898926,0.0
20260213_151714,CE_FULL,7427,1,74270001,100.0,100.0,4,12,0,3,3,0.0,0.46053409576416016,0.0
20260213_151714,CE_FULL,7427,1,74270001,100.0,100.0,5,16,0,1,1,0.0,0.17636704444885254,0.0
20260213_151714,CE_FULL,7427,1,74270001,100.0,100.0,6,20,0,7,5,15.0,10.701456069946289,736.6666666666666
20260213_151714,CE_FULL,7427,1,74270001,100.0,100.0,7,24,2,9,4,20.0,0.0017771720886230469,1000.0
20260213_151714,CE_FULL,7427,1,74270001,100.0,100.0,8,28,2,6,4,8.0,5.435534954071045,1000.0
20260213_151714,CE_FULL,7427,1,74270001,100.0,100.0,9,32,3,4,4,8.0,0.748664140701294,170.0
20260213_151714,CE_FULL,7427,1,74270001,100.0,100.0,10,36,5,5,5,9.0,2.0696280002593994,535.0
20260213_151714,CE_FULL,7427,1,74270001,100.0,100.0,11,40,6,6,4,16.0,5.3228161334991455,1290.0
20260213_151714,CE_FULL,7427,1,74270001,100.0,100.0,12,44,6,5,4,20.0,2.165891170501709,1220.0
20260213_151714,CE_FULL,7427,1,74270001,100.0,100.0,13,48,6,7,4,32.0,16.184401988983154,880.0
20260213_151714,CE_FULL,7427,1,74270001,100.0,100.0,14,52,6,10,4,48.0,0.002969980239868164,2040.0
20260213_151714,CE_FULL,7427,1,74270001,100.0,100.0,15,56,6,8,4,46.0,0.0007851123809814453,1800.0
20260213_151714,CE_FULL,7427,1,74270001,100.0,100.0,16,60,7,7,5,39.0,11.22389817237854,1410.0
20260213_151714,CE_FULL,6882,1,68820001,100.0,100.0,1,0,0,1,1,0.0,0.18168282508850098,0.0
20260213_151714,CE_FULL,6882,1,68820001,100.0,100.0,2,4,0,1,1,0.0,0.18183493614196777,0.0
20260213_151714,CE_FULL,6882,1,68820001,100.0,100.0,3,8,0,2,2,0.0,0.24189186096191406,0.0
20260213_151714,CE_FULL,6882,1,68820001,100.0,100.0,4,12,0,3,3,0.0,0.6135449409484863,0.0
20260213_151714,CE_FULL,6882,1,68820001,100.0,100.0,5,16,0,1,1,0.0,0.17684006690979004,0.0
20260213_151714,CE_FULL,6882,1,68820001,100.0,100.0,6,20,0,7,5,15.0,10.843640089035034,1320.0
20260213_151714,CE_FULL,6882,1,68820001,100.0,100.0,7,24,2,9,4,20.0,0.0015749931335449219,960.0
20260213_151714,CE_FULL,6882,1,68820001,100.0,100.0,8,28,2,6,5,10.0,5.4799230098724365,1070.0
20260213_151714,CE_FULL,6882,1,68820001,100.0,100.0,9,32,4,3,3,6.0,0.46164393424987793,100.0
20260213_151714,CE_FULL,6882,1,68820001,100.0,100.0,10,36,5,5,5,9.0,1.937993049621582,535.0
20260213_151714,CE_FULL,6882,1,68820001,100.0,100.0,11,40,6,6,4,16.0,5.599311113357544,1290.0
20260213_151714,CE_FULL,6882,1,68820001,100.0,100.0,12,44,6,5,4,20.0,1.994217872619629,1220.0
20260213_151714,CE_FULL,6882,1,68820001,100.0,100.0,13,48,6,7,4,32.0,16.325543880462646,880.0
20260213_151714,CE_FULL,6882,1,68820001,100.0,100.0,14,52,6,10,4,48.0,0.12961912155151367,2040.0
20260213_151714,CE_FULL,6882,1,68820001,100.0,100.0,15,56,6,8,4,46.0,0.0007510185241699219,1800.0
20260213_151714,CE_FULL,6882,1,68820001,100.0,100.0,16,60,7,7,5,39.0,11.38799500465393,1410.0
20260213_151714,CE_FULL,9841,1,98410001,100.0,100.0,1,0,0,1,1,0.0,0.18355107307434082,0.0
20260213_151714,CE_FULL,9841,1,98410001,100.0,100.0,2,4,0,1,1,0.0,0.17961907386779785,0.0
20260213_151714,CE_FULL,9841,1,98410001,100.0,100.0,3,8,0,2,2,0.0,0.239638090133667,0.0
20260213_151714,CE_FULL,9841,1,98410001,100.0,100.0,4,12,0,3,3,0.0,0.4740262031555176,0.0
20260213_151714,CE_FULL,9841,1,98410001,100.0,100.0,5,16,0,1,1,0.0,0.1799781322479248,0.0
20260213_151714,CE_FULL,9841,1,98410001,100.0,100.0,6,20,0,7,5,15.0,10.966896057128906,736.6666666666666
20260213_151714,CE_FULL,9841,1,98410001,100.0,100.0,7,24,2,9,4,20.0,0.0016689300537109375,1000.0
20260213_151714,CE_FULL,9841,1,98410001,100.0,100.0,8,28,2,6,5,10.0,5.5155110359191895,1070.0
20260213_151714,CE_FULL,9841,1,98410001,100.0,100.0,9,32,4,3,3,6.0,0.47341108322143555,100.0
20260213_151714,CE_FULL,9841,1,98410001,100.0,100.0,10,36,5,5,5,9.0,2.1659021377563477,535.0
20260213_151714,CE_FULL,9841,1,98410001,100.0,100.0,11,40,6,6,4,16.0,5.401386022567749,1290.0
20260213_151714,CE_FULL,9841,1,98410001,100.0,100.0,12,44,6,5,4,20.0,2.24906587600708,1220.0
20260213_151714,CE_FULL,9841,1,98410001,100.0,100.0,13,48,6,7,4,32.0,16.37090301513672,880.0
20260213_151714,CE_FULL,9841,1,98410001,100.0,100.0,14,52,6,10,4,48.0,0.0030798912048339844,2040.0
20260213_151714,CE_FULL,9841,1,98410001,100.0,100.0,15,56,6,8,4,46.0,0.0007970333099365234,1800.0
20260213_151714,CE_FULL,9841,1,98410001,100.0,100.0,16,60,7,7,5,39.0,11.498619794845581,1410.0
20260213_151714,CE_FULL,6351,1,63510001,100.0,100.0,1,0,0,1,1,0.0,0.18164300918579102,0.0
20260213_151714,CE_FULL,6351,1,63510001,100.0,100.0,2,4,0,1,1,0.0,0.1805281639099121,0.0
20260213_151714,CE_FULL,6351,1,63510001,100.0,100.0,3,8,0,2,2,0.0,0.24011802673339844,0.0
20260213_151714,CE_FULL,6351,1,63510001,100.0,100.0,4,12,0,3,3,0.0,0.47545814514160156,0.0
20260213_151714,CE_FULL,6351,1,63510001,100.0,100.0,5,16,0,1,1,0.0,0.17980313301086426,0.0
20260213_151714,CE_FULL,6351,1,63510001,100.0,100.0,6,20,0,7,6,32.0,11.189340114593506,1280.0
20260213_151714,CE_FULL,6351,1,63510001,100.0,100.0,7,24,3,8,4,16.0,0.0008311271667480469,973.3333333333334
20260213_151714,CE_FULL,6351,1,63510001,100.0,100.0,8,28,3,5,4,4.0,2.2823939323425293,240.0
20260213_151714,CE_FULL,6351,1,63510001,100.0,100.0,9,32,4,3,3,6.0,0.48450493812561035,170.0
20260213_151714,CE_FULL,6351,1,63510001,100.0,100.0,10,36,5,5,5,9.0,1.991468906402588,535.0
20260213_151714,CE_FULL,6351,1,63510001,100.0,100.0,11,40,6,6,4,16.0,5.722254991531372,1290.0
20260213_151714,CE_FULL,6351,1,63510001,100.0,100.0,12,44,6,5,4,20.0,2.217824935913086,1220.0
20260213_151714,CE_FULL,6351,1,63510001,100.0,100.0,13,48,6,7,4,32.0,16.626034021377563,880.0
20260213_151714,CE_FULL,6351,1,63510001,100.0,100.0,14,52,6,10,4,48.0,0.002989053726196289,2040.0
20260213_151714,CE_FULL,6351,1,63510001,100.0,100.0,15,56,6,8,4,46.0,0.0007917881011962891,1800.0
20260213_151714,CE_FULL,6351,1,63510001,100.0,100.0,16,60,7,7,5,39.0,11.550891876220703,1410.0
20260213_151714,CE_FULL,9611,1,96110001,100.0,100.0,1,0,0,1,1,0.0,0.18160390853881836,0.0
20260213_151714,CE_FULL,9611,1,96110001,100.0,100.0,2,4,0,1,1,0.0,0.18265295028686523,0.0
20260213_151714,CE_FULL,9611,1,96110001,100.0,100.0,3,8,0,2,2,0.0,0.2500889301300049,0.0
20260213_151714,CE_FULL,9611,1,96110001,100.0,100.0,4,12,0,3,3,0.0,0.4781501293182373,0.0
20260213_151714,CE_FULL,9611,1,96110001,100.0,100.0,5,16,0,1,1,0.0,0.18101096153259277,0.0
20260213_151714,CE_FULL,9611,1,96110001,100.0,100.0,6,20,0,7,7,63.0,11.216868877410889,1080.0
20260213_151714,CE_FULL,9611,1,96110001,100.0,100.0,7,24,4,7,5,15.0,10.354066133499146,720.0
20260213_151714,CE_FULL,9611,1,96110001,100.0,100.0,8,28,5,3,2,4.0,0.49730515480041504,500.0
20260213_151714,CE_FULL,9611,1,96110001,100.0,100.0,9,32,4,3,3,6.0,0.47333407402038574,100.0
20260213_151714,CE_FULL,9611,1,96110001,100.0,100.0,10,36,5,5,5,9.0,2.0135068893432617,535.0
20260213_151714,CE_FULL,9611,1,96110001,100.0,100.0,11,40,6,6,4,16.0,5.962456941604614,1290.0
20260213_151714,CE_FULL,9611,1,96110001,100.0,100.0,12,44,6,5,3,16.0,2.0715107917785645,1290.0
20260213_151714,CE_FULL,9611,1,96110001,100.0,100.0,13,48,5,8,4,52.0,0.0008859634399414062,838.3333333333333
20260213_151714,CE_FULL,9611,1,96110001,100.0,100.0,14,52,7,11,4,48.0,0.007524967193603516,1740.0
20260213_151714,CE_FULL,9611,1,96110001,100.0,100.0,15,56,7,9,4,40.0,0.0020461082458496094,1700.0
20260213_151714,CE_FULL,9611,1,96110001,100.0,100.0,16,60,7,8,4,36.0,0.0009238719940185547,1120.0
20260213_151714,CE_FULL,5178,1,51780001,100.0,100.0,1,0,0,1,1,0.0,0.18399691581726074,0.0
20260213_151714,CE_FULL,5178,1,51780001,100.0,100.0,2,4,0,1,1,0.0,0.1828470230102539,0.0
20260213_151714,CE_FULL,5178,1,51780001,100.0,100.0,3,8,0,2,2,0.0,0.24435091018676758,0.0
20260213_151714,CE_FULL,5178,1,51780001,100.0,100.0,4,12,0,3,3,0.0,2.2057290077209473,0.0
20260213_151714,CE_FULL,5178,1,51780001,100.0,100.0,5,16,0,1,1,0.0,0.18962311744689941,0.0
20260213_151714,CE_FULL,5178,1,51780001,100.0,100.0,6,20,0,7,5,15.0,11.10767388343811,1070.0
20260213_151714,CE_FULL,5178,1,51780001,100.0,100.0,7,24,2,9,4,20.0,0.0018880367279052734,1000.0
20260213_151714,CE_FULL,5178,1,51780001,100.0,100.0,8,28,2,6,5,10.0,11.323320150375366,303.3333333333333
20260213_151714,CE_FULL,5178,1,51780001,100.0,100.0,9,32,4,3,3,6.0,0.5716781616210938,170.0
20260213_151714,CE_FULL,5178,1,51780001,100.0,100.0,10,36,5,5,4,4.0,2.0899741649627686,1000.0
20260213_151714,CE_FULL,5178,1,51780001,100.0,100.0,11,40,5,7,4,12.0,10.398401021957397,860.0
20260213_151714,CE_FULL,5178,1,51780001,100.0,100.0,12,44,5,6,3,12.0,5.705605983734131,860.0
20260213_151714,CE_FULL,5178,1,51780001,100.0,100.0,13,48,4,9,4,48.0,0.0016620159149169922,813.3333333333333
20260213_151714,CE_FULL,5178,1,51780001,100.0,100.0,14,52,6,12,4,56.0,0.013178110122680664,1392.0
20260213_151714,CE_FULL,5178,1,51780001,100.0,100.0,15,56,6,10,4,44.0,0.0033218860626220703,1340.0
20260213_151714,CE_FULL,5178,1,51780001,100.0,100.0,16,60,6,9,4,40.0,0.0017099380493164062,1480.0
20260213_151714,CE_FULL,8915,1,89150001,100.0,100.0,1,0,0,1,1,0.0,0.18254613876342773,0.0
20260213_151714,CE_FULL,8915,1,89150001,100.0,100.0,2,4,0,1,1,0.0,0.18088889122009277,0.0
20260213_151714,CE_FULL,8915,1,89150001,100.0,100.0,3,8,0,2,2,0.0,0.24311590194702148,0.0
20260213_151714,CE_FULL,8915,1,89150001,100.0,100.0,4,12,0,3,3,0.0,0.48886895179748535,0.0
20260213_151714,CE_FULL,8915,1,89150001,100.0,100.0,5,16,0,1,1,0.0,0.17958807945251465,0.0
20260213_151714,CE_FULL,8915,1,89150001,100.0,100.0,6,20,0,7,5,15.0,11.39817500114441,736.6666666666666
20260213_151714,CE_FULL,8915,1,89150001,100.0,100.0,7,24,2,9,4,20.0,0.0016088485717773438,1000.0
20260213_151714,CE_FULL,8915,1,89150001,100.0,100.0,8,28,2,6,5,10.0,5.472898006439209,1070.0
20260213_151714,CE_FULL,8915,1,89150001,100.0,100.0,9,32,4,3,3,6.0,0.4840269088745117,100.0
20260213_151714,CE_FULL,8915,1,89150001,100.0,100.0,10,36,5,5,5,9.0,2.2279489040374756,535.0
20260213_151714,CE_FULL,8915,1,89150001,100.0,100.0,11,40,6,6,4,16.0,5.731935977935791,1290.0
20260213_151714,CE_FULL,8915,1,89150001,100.0,100.0,12,44,6,5,4,20.0,2.0600709915161133,1220.0
20260213_151714,CE_FULL,8915,1,89150001,100.0,100.0,13,48,6,7,4,32.0,16.874408960342407,880.0
20260213_151714,CE_FULL,8915,1,89150001,100.0,100.0,14,52,6,10,4,48.0,0.0031309127807617188,2040.0
20260213_151714,CE_FULL,8915,1,89150001,100.0,100.0,15,56,6,8,4,46.0,0.0008409023284912109,1800.0
20260213_151714,CE_FULL,8915,1,89150001,100.0,100.0,16,60,7,7,5,39.0,11.970663070678711,1410.0
20260213_151714,CE_FULL,361,1,3610001,100.0,100.0,1,0,0,1,1,0.0,0.18437600135803223,0.0
20260213_151714,CE_FULL,361,1,3610001,100.0,100.0,2,4,0,1,1,0.0,0.18302392959594727,0.0
20260213_151714,CE_FULL,361,1,3610001,100.0,100.0,3,8,0,2,2,0.0,0.24474287033081055,0.0
20260213_151714,CE_FULL,361,1,3610001,100.0,100.0,4,12,0,3,3,0.0,0.48598790168762207,0.0
20260213_151714,CE_FULL,361,1,3610001,100.0,100.0,5,16,0,1,1,0.0,0.18233895301818848,0.0
20260213_151714,CE_FULL,361,1,3610001,100.0,100.0,6,20,0,7,6,32.0,11.340077877044678,440.0
20260213_151714,CE_FULL,361,1,3610001,100.0,100.0,7,24,4,8,4,16.0,0.0008089542388916016,960.0
20260213_151714,CE_FULL,361,1,3610001,100.0,100.0,8,28,4,5,4,4.0,2.2121379375457764,360.0
20260213_151714,CE_FULL,361,1,3610001,100.0,100.0,9,32,4,3,3,6.0,0.49228596687316895,170.0
20260213_151714,CE_FULL,361,1,3610001,100.0,100.0,10,36,5,5,5,9.0,2.056528091430664,535.0
20260213_151714,CE_FULL,361,1,3610001,100.0,100.0,11,40,6,6,4,16.0,5.88672399520874,1290.0
20260213_151714,CE_FULL,361,1,3610001,100.0,100.0,12,44,6,5,4,20.0,2.0975468158721924,1220.0
20260213_151714,CE_FULL,361,1,3610001,100.0,100.0,13,48,6,7,4,32.0,17.084869146347046,880.0
20260213_151714,CE_FULL,361,1,3610001,100.0,100.0,14,52,6,10,4,48.0,0.0030422210693359375,2040.0
20260213_151714,CE_FULL,361,1,3610001,100.0,100.0,15,56,6,8,4,46.0,0.0007860660552978516,1800.0
20260213_151714,CE_FULL,361,1,3610001,100.0,100.0,16,60,7,7,5,39.0,11.864300012588501,1410.0
20260213_151714,CE_FULL,3803,1,38030001,100.0,100.0,1,0,0,1,1,0.0,0.1917109489440918,0.0
20260213_151714,CE_FULL,3803,1,38030001,100.0,100.0,2,4,0,1,1,0.0,0.18213295936584473,0.0
20260213_151714,CE_FULL,3803,1,38030001,100.0,100.0,3,8,0,2,2,0.0,0.3900899887084961,0.0
20260213_151714,CE_FULL,3803,1,38030001,100.0,100.0,4,12,0,3,3,0.0,0.48565196990966797,0.0
20260213_151714,CE_FULL,3803,1,38030001,100.0,100.0,5,16,0,1,1,0.0,0.18067598342895508,0.0
20260213_151714,CE_FULL,3803,1,38030001,100.0,100.0,6,20,0,7,5,15.0,11.401112079620361,1320.0
20260213_151714,CE_FULL,3803,1,38030001,100.0,100.0,7,24,2,9,4,20.0,0.0015718936920166016,960.0
20260213_151714,CE_FULL,3803,1,38030001,100.0,100.0,8,28,2,6,5,10.0,5.573884010314941,420.0
20260213_151714,CE_FULL,3803,1,38030001,100.0,100.0,9,32,4,3,3,6.0,0.5023481845855713,170.0
20260213_151714,CE_FULL,3803,1,38030001,100.0,100.0,10,36,5,5,5,9.0,2.2593870162963867,535.0
20260213_151714,CE_FULL,3803,1,38030001,100.0,100.0,11,40,6,6,4,16.0,5.8824920654296875,1290.0
20260213_151714,CE_FULL,3803,1,38030001,100.0,100.0,12,44,6,5,4,20.0,2.109376907348633,1220.0
20260213_151714,CE_FULL,3803,1,38030001,100.0,100.0,13,48,6,7,4,32.0,17.26963186264038,880.0
20260213_151714,CE_FULL,3803,1,38030001,100.0,100.0,14,52,6,10,4,48.0,0.002971172332763672,2040.0
20260213_151714,CE_FULL,3803,1,38030001,100.0,100.0,15,56,6,8,4,46.0,0.0007550716400146484,1800.0
20260213_151714,CE_FULL,3803,1,38030001,100.0,100.0,16,60,7,7,5,39.0,11.951552867889404,1410.0
20260213_151714,CE_FULL,1030,1,10300001,100.0,100.0,1,0,0,1,1,0.0,0.18318605422973633,0.0
20260213_151714,CE_FULL,1030,1,10300001,100.0,100.0,2,4,0,1,1,0.0,0.18212389945983887,0.0
20260213_151714,CE_FULL,1030,1,10300001,100.0,100.0,3,8,0,2,2,0.0,0.2509911060333252,0.0
20260213_151714,CE_FULL,1030,1,10300001,100.0,100.0,4,12,0,3,3,0.0,0.49096179008483887,0.0
20260213_151714,CE_FULL,1030,1,10300001,100.0,100.0,5,16,0,1,1,0.0,0.18127107620239258,0.0
20260213_151714,CE_FULL,1030,1,10300001,100.0,100.0,6,20,0,7,5,15.0,11.492790937423706,1250.0
20260213_151714,CE_FULL,1030,1,10300001,100.0,100.0,7,24,3,9,4,20.0,0.0015718936920166016,960.0
20260213_151714,CE_FULL,1030,1,10300001,100.0,100.0,8,28,3,6,4,8.0,5.8389410972595215,360.0
20260213_151714,CE_FULL,1030,1,10300001,100.0,100.0,9,32,3,4,4,8.0,0.8037259578704834,240.0
20260213_151714,CE_FULL,1030,1,10300001,100.0,100.0,10,36,5,5,5,9.0,2.0684609413146973,535.0
20260213_151714,CE_FULL,1030,1,10300001,100.0,100.0,11,40,6,6,4,16.0,5.925472974777222,1290.0
20260213_151714,CE_FULL,1030,1,10300001,100.0,100.0,12,44,6,5,4,20.0,2.142158031463623,1220.0
20260213_151714,CE_FULL,1030,1,10300001,100.0,100.0,13,48,6,7,4,32.0,17.266727924346924,880.0
20260213_151714,CE_FULL,1030,1,10300001,100.0,100.0,14,52,6,10,4,48.0,0.0030770301818847656,2040.0
20260213_151714,CE_FULL,1030,1,10300001,100.0,100.0,15,56,6,8,4,46.0,0.0008981227874755859,1800.0
20260213_151714,CE_FULL,1030,1,10300001,100.0,100.0,16,60,7,7,5,39.0,12.156208992004395,1410.0
20260213_151714,CE_FULL,6073,1,60730001,100.0,100.0,1,0,0,1,1,0.0,0.18551397323608398,0.0
20260213_151714,CE_FULL,6073,1,60730001,100.0,100.0,2,4,0,1,1,0.0,0.18497204780578613,0.0
20260213_151714,CE_FULL,6073,1,60730001,100.0,100.0,3,8,0,2,2,0.0,0.24987578392028809,0.0
20260213_151714,CE_FULL,6073,1,60730001,100.0,100.0,4,12,0,3,3,0.0,0.669219970703125,0.0
20260213_151714,CE_FULL,6073,1,60730001,100.0,100.0,5,16,0,1,1,0.0,0.18206381797790527,0.0
20260213_151714,CE_FULL,6073,1,60730001,100.0,100.0,6,20,0,7,5,15.0,11.649302959442139,1000.0
20260213_151714,CE_FULL,6073,1,60730001,100.0,100.0,7,24,3,9,4,20.0,0.0016789436340332031,960.0
20260213_151714,CE_FULL,6073,1,60730001,100.0,100.0,8,28,3,6,5,10.0,5.6544508934021,1070.0
20260213_151714,CE_FULL,6073,1,60730001,100.0,100.0,9,32,4,3,3,6.0,0.4967491626739502,100.0
20260213_151714,CE_FULL,6073,1,60730001,100.0,100.0,10,36,5,5,4,4.0,2.3364830017089844,1000.0
20260213_151714,CE_FULL,6073,1,60730001,100.0,100.0,11,40,5,7,4,12.0,10.869247913360596,860.0
20260213_151714,CE_FULL,6073,1,60730001,100.0,100.0,12,44,5,6,4,18.0,5.97586989402771,790.0
20260213_151714,CE_FULL,6073,1,60730001,100.0,100.0,13,48,5,8,4,52.0,0.0007839202880859375,973.3333333333333
20260213_151714,CE_FULL,6073,1,60730001,100.0,100.0,14,52,7,11,4,48.0,0.005978107452392578,1740.0
20260213_151714,CE_FULL,6073,1,60730001,100.0,100.0,15,56,7,9,4,40.0,0.0015931129455566406,1700.0
20260213_151714,CE_FULL,6073,1,60730001,100.0,100.0,16,60,7,8,4,36.0,0.0007619857788085938,1120.0
20260213_151714,CE_FULL,532,1,5320001,100.0,100.0,1,0,0,1,1,0.0,0.18556594848632812,0.0
20260213_151714,CE_FULL,532,1,5320001,100.0,100.0,2,4,0,1,1,0.0,0.18402600288391113,0.0
20260213_151714,CE_FULL,532,1,5320001,100.0,100.0,3,8,0,2,2,0.0,0.2548809051513672,0.0
20260213_151714,CE_FULL,532,1,5320001,100.0,100.0,4,12,0,3,3,0.0,0.4961090087890625,0.0
20260213_151714,CE_FULL,532,1,5320001,100.0,100.0,5,16,0,1,1,0.0,0.1840510368347168,0.0
20260213_151714,CE_FULL,532,1,5320001,100.0,100.0,6,20,0,7,5,15.0,11.659286975860596,1320.0
20260213_151714,CE_FULL,532,1,5320001,100.0,100.0,7,24,2,9,4,20.0,0.0016529560089111328,960.0
20260213_151714,CE_FULL,532,1,5320001,100.0,100.0,8,28,2,6,4,8.0,5.914775848388672,1000.0
20260213_151714,CE_FULL,532,1,5320001,100.0,100.0,9,32,3,4,4,8.0,0.8236420154571533,170.0
20260213_151714,CE_FULL,532,1,5320001,100.0,100.0,10,36,5,5,5,9.0,2.0908868312835693,535.0
20260213_151714,CE_FULL,532,1,5320001,100.0,100.0,11,40,6,6,4,16.0,6.052720785140991,1290.0
20260213_151714,CE_FULL,532,1,5320001,100.0,100.0,12,44,6,5,4,20.0,2.145946979522705,1220.0
20260213_151714,CE_FULL,532,1,5320001,100.0,100.0,13,48,6,7,4,32.0,17.61789608001709,880.0
20260213_151714,CE_FULL,532,1,5320001,100.0,100.0,14,52,6,10,4,48.0,0.003095865249633789,2040.0
20260213_151714,CE_FULL,532,1,5320001,100.0,100.0,15,56,6,8,4,46.0,0.0007669925689697266,1800.0
20260213_151714,CE_FULL,532,1,5320001,100.0,100.0,16,60,7,7,5,39.0,12.309664011001587,1410.0
20260213_151714,CE_FULL,9099,1,90990001,100.0,100.0,1,0,0,1,1,0.0,0.1874098777770996,0.0
20260213_151714,CE_FULL,9099,1,90990001,100.0,100.0,2,4,0,1,1,0.0,0.18640422821044922,0.0
20260213_151714,CE_FULL,9099,1,90990001,100.0,100.0,3,8,0,2,2,0.0,0.25152587890625,0.0
20260213_151714,CE_FULL,9099,1,90990001,100.0,100.0,4,12,0,3,3,0.0,0.511789083480835,0.0
20260213_151714,CE_FULL,9099,1,90990001,100.0,100.0,5,16,0,1,1,0.0,0.18511295318603516,0.0
20260213_151714,CE_FULL,9099,1,90990001,100.0,100.0,6,20,0,7,5,15.0,11.953421115875244,1250.0
20260213_151714,CE_FULL,9099,1,90990001,100.0,100.0,7,24,3,9,4,20.0,0.0016710758209228516,960.0
20260213_151714,CE_FULL,9099,1,90990001,100.0,100.0,8,28,3,6,5,10.0,6.061379909515381,420.0
20260213_151714,CE_FULL,9099,1,90990001,100.0,100.0,9,32,4,3,2,4.0,0.5102009773254395,500.0
20260213_151714,CE_FULL,9099,1,90990001,100.0,100.0,10,36,4,6,5,10.0,6.552020072937012,380.0
20260213_151714,CE_FULL,9099,1,90990001,100.0,100.0,11,40,5,7,4,12.0,31.266885995864868,860.0
20260213_151714,CE_FULL,9099,1,90990001,100.0,100.0,12,44,5,6,3,12.0,6.58899188041687,860.0
20260213_151714,CE_FULL,9099,1,90990001,100.0,100.0,13,48,4,9,4,48.0,0.001531839370727539,813.3333333333333
20260213_151714,CE_FULL,9099,1,90990001,100.0,100.0,14,52,6,12,4,56.0,0.012910127639770508,1440.0
20260213_151714,CE_FULL,9099,1,90990001,100.0,100.0,15,56,6,10,4,44.0,0.00333404541015625,1340.0
20260213_151714,CE_FULL,9099,1,90990001,100.0,100.0,16,60,6,9,4,40.0,0.0017120838165283203,1480.0
20260213_151714,CE_FULL,3999,1,39990001,100.0,100.0,1,0,0,1,1,0.0,0.18582606315612793,0.0
20260213_151714,CE_FULL,3999,1,39990001,100.0,100.0,2,4,0,1,1,0.0,0.18461894989013672,0.0
20260213_151714,CE_FULL,3999,1,39990001,100.0,100.0,3,8,0,2,2,0.0,0.2506837844848633,0.0
20260213_151714,CE_FULL,3999,1,39990001,100.0,100.0,4,12,0,3,3,0.0,0.5022270679473877,0.0
20260213_151714,CE_FULL,3999,1,39990001,100.0,100.0,5,16,0,1,1,0.0,0.18424606323242188,0.0
20260213_151714,CE_FULL,3999,1,39990001,100.0,100.0,6,20,0,7,7,63.0,11.962368965148926,1080.0
20260213_151714,CE_FULL,3999,1,39990001,100.0,100.0,7,24,4,7,4,12.0,10.907312870025635,600.0
20260213_151714,CE_FULL,3999,1,39990001,100.0,100.0,8,28,4,4,3,4.0,1.5420989990234375,500.0
20260213_151714,CE_FULL,3999,1,39990001,100.0,100.0,9,32,4,3,3,6.0,0.5048911571502686,100.0
20260213_151714,CE_FULL,3999,1,39990001,100.0,100.0,10,36,5,5,5,9.0,2.329767942428589,535.0
20260213_151714,CE_FULL,3999,1,39990001,100.0,100.0,11,40,6,6,4,16.0,5.865006923675537,1290.0
20260213_151714,CE_FULL,3999,1,39990001,100.0,100.0,12,44,6,5,4,20.0,2.4388790130615234,1220.0
20260213_151714,CE_FULL,3999,1,39990001,100.0,100.0,13,48,6,7,4,32.0,17.89542317390442,880.0
20260213_151714,CE_FULL,3999,1,39990001,100.0,100.0,14,52,6,10,4,48.0,0.0030460357666015625,2040.0
20260213_151714,CE_FULL,3999,1,39990001,100.0,100.0,15,56,6,8,4,46.0,0.0007870197296142578,1800.0
20260213_151714,CE_FULL,3999,1,39990001,100.0,100.0,16,60,7,7,5,39.0,12.43866491317749,1410.0
20260213_151714,CE_FULL,9370,1,93700001,100.0,100.0,1,0,0,1,1,0.0,0.19632911682128906,0.0
20260213_151714,CE_FULL,9370,1,93700001,100.0,100.0,2,4,0,1,1,0.0,0.18642687797546387,0.0
20260213_151714,CE_FULL,9370,1,93700001,100.0,100.0,3,8,0,2,2,0.0,0.25281596183776855,0.0
20260213_151714,CE_FULL,9370,1,93700001,100.0,100.0,4,12,0,3,3,0.0,0.5071589946746826,0.0
20260213_151714,CE_FULL,9370,1,93700001,100.0,100.0,5,16,0,1,1,0.0,0.18648099899291992,0.0
20260213_151714,CE_FULL,9370,1,93700001,100.0,100.0,6,20,0,7,5,15.0,13.84185004234314,736.6666666666666
20260213_151714,CE_FULL,9370,1,93700001,100.0,100.0,7,24,2,9,4,20.0,0.001728057861328125,1000.0
20260213_151714,CE_FULL,9370,1,93700001,100.0,100.0,8,28,2,6,6,34.0,5.799630880355835,420.0
20260213_151714,CE_FULL,9370,1,93700001,100.0,100.0,9,32,5,2,2,4.0,0.26134490966796875,100.0
20260213_151714,CE_FULL,9370,1,93700001,100.0,100.0,10,36,5,5,4,4.0,2.169466018676758,720.0
20260213_151714,CE_FULL,9370,1,93700001,100.0,100.0,11,40,5,7,4,12.0,12.843187808990479,573.3333333333334
20260213_151714,CE_FULL,9370,1,93700001,100.0,100.0,12,44,5,6,4,18.0,6.139854907989502,790.0
20260213_151714,CE_FULL,9370,1,93700001,100.0,100.0,13,48,5,8,4,52.0,0.0008120536804199219,973.3333333333333
20260213_151714,CE_FULL,9370,1,93700001,100.0,100.0,14,52,7,11,4,48.0,0.006371021270751953,1740.0
20260213_151714,CE_FULL,9370,1,93700001,100.0,100.0,15,56,7,9,4,40.0,0.001786947250366211,1700.0
20260213_151714,CE_FULL,9370,1,93700001,100.0,100.0,16,60,7,8,4,36.0,0.0008769035339355469,1120.0
20260213_151714,CE_FULL,5010,1,50100001,100.0,100.0,1,0,0,1,1,0.0,0.18944096565246582,0.0
20260213_151714,CE_FULL,5010,1,50100001,100.0,100.0,2,4,0,1,1,0.0,0.18748784065246582,0.0
20260213_151714,CE_FULL,5010,1,50100001,100.0,100.0,3,8,0,2,2,0.0,0.2532050609588623,0.0
20260213_151714,CE_FULL,5010,1,50100001,100.0,100.0,4,12,0,3,3,0.0,0.5046730041503906,0.0
20260213_151714,CE_FULL,5010,1,50100001,100.0,100.0,5,16,0,1,1,0.0,0.18454790115356445,0.0
20260213_151714,CE_FULL,5010,1,50100001,100.0,100.0,6,20,0,7,5,15.0,11.91887092590332,736.6666666666666
20260213_151714,CE_FULL,5010,1,50100001,100.0,100.0,7,24,2,9,4,20.0,0.0017170906066894531,1000.0
20260213_151714,CE_FULL,5010,1,50100001,100.0,100.0,8,28,2,6,4,8.0,5.975394010543823,1000.0
20260213_151714,CE_FULL,5010,1,50100001,100.0,100.0,9,32,3,4,4,8.0,0.8293218612670898,170.0
20260213_151714,CE_FULL,5010,1,50100001,100.0,100.0,10,36,5,5,5,9.0,2.1517789363861084,535.0
20260213_151714,CE_FULL,5010,1,50100001,100.0,100.0,11,40,6,6,4,16.0,6.152606964111328,1290.0
20260213_151714,CE_FULL,5010,1,50100001,100.0,100.0,12,44,6,5,4,20.0,2.2138922214508057,1220.0
20260213_151714,CE_FULL,5010,1,50100001,100.0,100.0,13,48,6,7,4,32.0,18.028645992279053,880.0
20260213_151714,CE_FULL,5010,1,50100001,100.0,100.0,14,52,6,10,4,48.0,0.0029420852661132812,2040.0
20260213_151714,CE_FULL,5010,1,50100001,100.0,100.0,15,56,6,8,4,46.0,0.0007750988006591797,1800.0
20260213_151714,CE_FULL,5010,1,50100001,100.0,100.0,16,60,7,7,5,39.0,12.748181104660034,1410.0
20260213_151714,CE_FULL,7048,1,70480001,100.0,100.0,1,0,0,1,1,0.0,0.18830108642578125,0.0
20260213_151714,CE_FULL,7048,1,70480001,100.0,100.0,2,4,0,1,1,0.0,0.18700098991394043,0.0
20260213_151714,CE_FULL,7048,1,70480001,100.0,100.0,3,8,0,2,2,0.0,0.25563883781433105,0.0
20260213_151714,CE_FULL,7048,1,70480001,100.0,100.0,4,12,0,3,3,0.0,0.5106430053710938,0.0
20260213_151714,CE_FULL,7048,1,70480001,100.0,100.0,5,16,0,1,1,0.0,0.18683385848999023,0.0
20260213_151714,CE_FULL,7048,1,70480001,100.0,100.0,6,20,0,7,6,32.0,12.12785291671753,1280.0
20260213_151714,CE_FULL,7048,1,70480001,100.0,100.0,7,24,3,8,4,16.0,0.0008151531219482422,960.0
20260213_151714,CE_FULL,7048,1,70480001,100.0,100.0,8,28,3,5,5,13.0,2.258464813232422,330.0
20260213_151714,CE_FULL,7048,1,70480001,100.0,100.0,9,32,5,2,2,4.0,0.26510190963745117,100.0
20260213_151714,CE_FULL,7048,1,70480001,100.0,100.0,10,36,5,5,4,4.0,2.3720970153808594,1000.0
20260213_151714,CE_FULL,7048,1,70480001,100.0,100.0,11,40,5,7,5,25.0,11.429840087890625,1085.0
20260213_151714,CE_FULL,7048,1,70480001,100.0,100.0,12,44,6,5,4,20.0,2.221235990524292,1220.0
20260213_151714,CE_FULL,7048,1,70480001,100.0,100.0,13,48,6,7,4,32.0,17.86555004119873,880.0
20260213_151714,CE_FULL,7048,1,70480001,100.0,100.0,14,52,6,10,4,48.0,0.003052949905395508,2040.0
20260213_151714,CE_FULL,7048,1,70480001,100.0,100.0,15,56,6,8,4,46.0,0.0008139610290527344,1800.0
20260213_151714,CE_FULL,7048,1,70480001,100.0,100.0,16,60,7,7,5,39.0,12.70786190032959,1410.0
20260213_151714,CE_FULL,4111,1,41110001,100.0,100.0,1,0,0,1,1,0.0,0.18928909301757812,0.0
20260213_151714,CE_FULL,4111,1,41110001,100.0,100.0,2,4,0,1,1,0.0,0.18747901916503906,0.0
20260213_151714,CE_FULL,4111,1,41110001,100.0,100.0,3,8,0,2,2,0.0,0.2667381763458252,0.0
20260213_151714,CE_FULL,4111,1,41110001,100.0,100.0,4,12,0,3,3,0.0,0.5162749290466309,0.0
20260213_151714,CE_FULL,4111,1,41110001,100.0,100.0,5,16,0,1,1,0.0,0.18658804893493652,0.0
20260213_151714,CE_FULL,4111,1,41110001,100.0,100.0,6,20,0,7,5,15.0,12.211010932922363,1320.0
20260213_151714,CE_FULL,4111,1,41110001,100.0,100.0,7,24,2,9,4,20.0,0.0018770694732666016,973.3333333333334
20260213_151714,CE_FULL,4111,1,41110001,100.0,100.0,8,28,2,6,5,10.0,6.647082090377808,303.3333333333333
20260213_151714,CE_FULL,4111,1,41110001,100.0,100.0,9,32,4,3,3,6.0,0.5323929786682129,170.0
20260213_151714,CE_FULL,4111,1,41110001,100.0,100.0,10,36,5,5,5,9.0,2.1892249584198,535.0
20260213_151714,CE_FULL,4111,1,41110001,100.0,100.0,11,40,6,6,4,16.0,6.2672951221466064,1290.0
20260213_151714,CE_FULL,4111,1,41110001,100.0,100.0,12,44,6,5,4,20.0,2.2445361614227295,1220.0
20260213_151714,CE_FULL,4111,1,41110001,100.0,100.0,13,48,6,7,4,32.0,18.35236096382141,880.0
20260213_151714,CE_FULL,4111,1,41110001,100.0,100.0,14,52,6,10,4,48.0,0.0030541419982910156,2040.0
20260213_151714,CE_FULL,4111,1,41110001,100.0,100.0,15,56,6,8,4,46.0,0.0008089542388916016,1800.0
20260213_151714,CE_FULL,4111,1,41110001,100.0,100.0,16,60,7,7,5,39.0,12.750386953353882,1410.0
20260213_151714,CE_FULL,2921,1,29210001,100.0,100.0,1,0,0,1,1,0.0,0.18930792808532715,0.0
20260213_151714,CE_FULL,2921,1,29210001,100.0,100.0,2,4,0,1,1,0.0,0.18840408325195312,0.0
20260213_151714,CE_FULL,2921,1,29210001,100.0,100.0,3,8,0,2,2,0.0,0.25890207290649414,0.0
20260213_151714,CE_FULL,2921,1,29210001,100.0,100.0,4,12,0,3,3,0.0,0.5290980339050293,0.0
20260213_151714,CE_FULL,2921,1,29210001,100.0,100.0,5,16,0,1,1,0.0,0.18895411491394043,0.0
20260213_151714,CE_FULL,2921,1,29210001,100.0,100.0,6,20,0,7,5,15.0,12.314414978027344,1000.0
20260213_151714,CE_FULL,2921,1,29210001,100.0,100.0,7,24,3,9,4,20.0,0.0016379356384277344,960.0
20260213_151714,CE_FULL,2921,1,29210001,100.0,100.0,8,28,3,6,5,10.0,6.204380035400391,1070.0
20260213_151714,CE_FULL,2921,1,29210001,100.0,100.0,9,32,4,3,3,6.0,0.5427589416503906,100.0
20260213_151714,CE_FULL,2921,1,29210001,100.0,100.0,10,36,5,5,5,9.0,2.2206759452819824,535.0
20260213_151714,CE_FULL,2921,1,29210001,100.0,100.0,11,40,6,6,4,16.0,6.305277109146118,1290.0
20260213_151714,CE_FULL,2921,1,29210001,100.0,100.0,12,44,6,5,4,20.0,2.273175001144409,1220.0
20260213_151714,CE_FULL,2921,1,29210001,100.0,100.0,13,48,6,7,4,32.0,18.2729549407959,880.0
20260213_151714,CE_FULL,2921,1,29210001,100.0,100.0,14,52,6,10,4,48.0,0.0032351016998291016,2040.0
20260213_151714,CE_FULL,2921,1,29210001,100.0,100.0,15,56,6,8,4,46.0,0.0008521080017089844,1800.0
20260213_151714,CE_FULL,2921,1,29210001,100.0,100.0,16,60,7,7,5,39.0,12.958211898803711,1410.0
20260213_151714,CE_FULL,8503,1,85030001,100.0,100.0,1,0,0,1,1,0.0,0.19226384162902832,0.0
20260213_151714,CE_FULL,8503,1,85030001,100.0,100.0,2,4,0,1,1,0.0,0.1929469108581543,0.0
20260213_151714,CE_FULL,8503,1,85030001,100.0,100.0,3,8,0,2,2,0.0,0.26134300231933594,0.0
20260213_151714,CE_FULL,8503,1,85030001,100.0,100.0,4,12,0,3,3,0.0,0.7215790748596191,0.0
20260213_151714,CE_FULL,8503,1,85030001,100.0,100.0,5,16,0,1,1,0.0,0.18718600273132324,0.0
20260213_151714,CE_FULL,8503,1,85030001,100.0,100.0,6,20,0,7,5,15.0,12.378663063049316,1320.0
20260213_151714,CE_FULL,8503,1,85030001,100.0,100.0,7,24,2,9,4,20.0,0.0016360282897949219,960.0
20260213_151714,CE_FULL,8503,1,85030001,100.0,100.0,8,28,2,6,5,10.0,6.2569169998168945,1070.0
20260213_151714,CE_FULL,8503,1,85030001,100.0,100.0,9,32,4,3,3,6.0,0.5206360816955566,100.0
20260213_151714,CE_FULL,8503,1,85030001,100.0,100.0,10,36,5,5,5,9.0,2.241645097732544,535.0
20260213_151714,CE_FULL,8503,1,85030001,100.0,100.0,11,40,6,6,4,16.0,6.340427875518799,1290.0
20260213_151714,CE_FULL,8503,1,85030001,100.0,100.0,12,44,6,5,3,16.0,2.3052380084991455,1290.0
20260213_151714,CE_FULL,8503,1,85030001,100.0,100.0,13,48,5,8,4,52.0,0.0009019374847412109,838.3333333333333
20260213_151714,CE_FULL,8503,1,85030001,100.0,100.0,14,52,7,11,4,48.0,0.006679058074951172,1740.0
20260213_151714,CE_FULL,8503,1,85030001,100.0,100.0,15,56,7,9,4,40.0,0.0018661022186279297,1700.0
20260213_151714,CE_FULL,8503,1,85030001,100.0,100.0,16,60,7,8,4,36.0,0.0008928775787353516,1120.0
20260213_151714,CE_FULL,4576,1,45760001,100.0,100.0,1,0,0,1,1,0.0,0.19123196601867676,0.0
20260213_151714,CE_FULL,4576,1,45760001,100.0,100.0,2,4,0,1,1,0.0,0.18987107276916504,0.0
20260213_151714,CE_FULL,4576,1,45760001,100.0,100.0,3,8,0,2,2,0.0,0.2640361785888672,0.0
20260213_151714,CE_FULL,4576,1,45760001,100.0,100.0,4,12,0,3,3,0.0,0.7502970695495605,0.0
20260213_151714,CE_FULL,4576,1,45760001,100.0,100.0,5,16,0,1,1,0.0,0.18669509887695312,0.0
20260213_151714,CE_FULL,4576,1,45760001,100.0,100.0,6,20,0,7,5,15.0,12.206148147583008,736.6666666666666
20260213_151714,CE_FULL,4576,1,45760001,100.0,100.0,7,24,2,9,4,20.0,0.0017540454864501953,1000.0
20260213_151714,CE_FULL,4576,1,45760001,100.0,100.0,8,28,2,6,5,10.0,6.214098930358887,1070.0
20260213_151714,CE_FULL,4576,1,45760001,100.0,100.0,9,32,4,3,3,6.0,0.5221068859100342,100.0
20260213_151714,CE_FULL,4576,1,45760001,100.0,100.0,10,36,5,5,5,9.0,2.230480909347534,535.0
20260213_151714,CE_FULL,4576,1,45760001,100.0,100.0,11,40,6,6,4,16.0,6.351053953170776,1290.0
20260213_151714,CE_FULL,4576,1,45760001,100.0,100.0,12,44,6,5,4,20.0,2.3085150718688965,1220.0
20260213_151714,CE_FULL,4576,1,45760001,100.0,100.0,13,48,6,7,4,32.0,18.678158044815063,880.0
20260213_151714,CE_FULL,4576,1,45760001,100.0,100.0,14,52,6,10,4,48.0,0.003061056137084961,2040.0
20260213_151714,CE_FULL,4576,1,45760001,100.0,100.0,15,56,6,8,4,46.0,0.0007879734039306641,1800.0
20260213_151714,CE_FULL,4576,1,45760001,100.0,100.0,16,60,7,7,5,39.0,13.182932138442993,1410.0
20260213_151714,CE_FULL,4863,1,48630001,100.0,100.0,1,0,0,1,1,0.0,0.19303393363952637,0.0
20260213_151714,CE_FULL,4863,1,48630001,100.0,100.0,2,4,0,1,1,0.0,0.1928539276123047,0.0
20260213_151714,CE_FULL,4863,1,48630001,100.0,100.0,3,8,0,2,2,0.0,0.26102399826049805,0.0
20260213_151714,CE_FULL,4863,1,48630001,100.0,100.0,4,12,0,3,3,0.0,0.5291659832000732,0.0
20260213_151714,CE_FULL,4863,1,48630001,100.0,100.0,5,16,0,1,1,0.0,0.18833494186401367,0.0
20260213_151714,CE_FULL,4863,1,48630001,100.0,100.0,6,20,0,7,6,32.0,12.605073928833008,1280.0
20260213_151714,CE_FULL,4863,1,48630001,100.0,100.0,7,24,3,8,4,16.0,0.0007851123809814453,960.0
20260213_151714,CE_FULL,4863,1,48630001,100.0,100.0,8,28,3,5,4,4.0,2.321049928665161,360.0
20260213_151714,CE_FULL,4863,1,48630001,100.0,100.0,9,32,4,3,3,6.0,0.5495438575744629,170.0
20260213_151714,CE_FULL,4863,1,48630001,100.0,100.0,10,36,5,5,5,9.0,2.2629899978637695,535.0
20260213_151714,CE_FULL,4863,1,48630001,100.0,100.0,11,40,6,6,4,16.0,6.477543115615845,1290.0
20260213_151714,CE_FULL,4863,1,48630001,100.0,100.0,12,44,6,5,4,20.0,2.318411111831665,1220.0
20260213_151714,CE_FULL,4863,1,48630001,100.0,100.0,13,48,6,7,4,32.0,18.914088010787964,880.0
20260213_151714,CE_FULL,4863,1,48630001,100.0,100.0,14,52,6,10,4,48.0,0.002994060516357422,2040.0
20260213_151714,CE_FULL,4863,1,48630001,100.0,100.0,15,56,6,8,4,46.0,0.0007879734039306641,1800.0
20260213_151714,CE_FULL,4863,1,48630001,100.0,100.0,16,60,7,7,5,39.0,13.285209894180298,1410.0
20260213_151714,CE_FULL,1157,1,11570001,100.0,100.0,1,0,0,1,1,0.0,0.19443607330322266,0.0
20260213_151714,CE_FULL,1157,1,11570001,100.0,100.0,2,4,0,1,1,0.0,0.19131684303283691,0.0
20260213_151714,CE_FULL,1157,1,11570001,100.0,100.0,3,8,0,2,2,0.0,0.2636690139770508,0.0
20260213_151714,CE_FULL,1157,1,11570001,100.0,100.0,4,12,0,3,3,0.0,0.542064905166626,0.0
20260213_151714,CE_FULL,1157,1,11570001,100.0,100.0,5,16,0,1,1,0.0,0.19148588180541992,0.0
20260213_151714,CE_FULL,1157,1,11570001,100.0,100.0,6,20,0,7,4,12.0,13.226254940032959,1000.0
20260213_151714,CE_FULL,1157,1,11570001,100.0,100.0,7,24,1,10,4,24.0,0.003300189971923828,1000.0
20260213_151714,CE_FULL,1157,1,11570001,100.0,100.0,8,28,1,7,5,15.0,13.036322832107544,1020.0
20260213_151714,CE_FULL,1157,1,11570001,100.0,100.0,9,32,4,4,4,6.0,1.6461529731750488,313.3333333333333
20260213_151714,CE_FULL,1157,1,11570001,100.0,100.0,10,36,5,5,5,9.0,2.27463698387146,535.0
20260213_151714,CE_FULL,1157,1,11570001,100.0,100.0,11,40,6,6,4,16.0,6.524359941482544,1290.0
20260213_151714,CE_FULL,1157,1,11570001,100.0,100.0,12,44,6,5,4,20.0,2.3544528484344482,1220.0
20260213_151714,CE_FULL,1157,1,11570001,100.0,100.0,13,48,6,7,4,32.0,19.201529026031494,880.0
20260213_151714,CE_FULL,1157,1,11570001,100.0,100.0,14,52,6,10,4,48.0,0.002958059310913086,2040.0
20260213_151714,CE_FULL,1157,1,11570001,100.0,100.0,15,56,6,8,4,46.0,0.0007879734039306641,1800.0
20260213_151714,CE_FULL,1157,1,11570001,100.0,100.0,16,60,7,7,5,39.0,13.420624017715454,1410.0
20260213_151714,CE_FULL,7445,1,74450001,100.0,100.0,1,0,0,1,1,0.0,0.19225311279296875,0.0
20260213_151714,CE_FULL,7445,1,74450001,100.0,100.0,2,4,0,1,1,0.0,0.19240903854370117,0.0
20260213_151714,CE_FULL,7445,1,74450001,100.0,100.0,3,8,0,2,2,0.0,0.26397204399108887,0.0
20260213_151714,CE_FULL,7445,1,74450001,100.0,100.0,4,12,0,3,3,0.0,0.5338640213012695,0.0
20260213_151714,CE_FULL,7445,1,74450001,100.0,100.0,5,16,0,1,1,0.0,0.19051694869995117,0.0
20260213_151714,CE_FULL,7445,1,74450001,100.0,100.0,6,20,0,7,6,32.0,12.87448787689209,1680.0
20260213_151714,CE_FULL,7445,1,74450001,100.0,100.0,7,24,3,8,4,16.0,0.0007860660552978516,960.0
20260213_151714,CE_FULL,7445,1,74450001,100.0,100.0,8,28,3,5,5,13.0,2.2763400077819824,330.0
20260213_151714,CE_FULL,7445,1,74450001,100.0,100.0,9,32,5,2,2,4.0,0.27148890495300293,100.0
20260213_151714,CE_FULL,7445,1,74450001,100.0,100.0,10,36,5,5,5,9.0,2.2855939865112305,535.0
20260213_151714,CE_FULL,7445,1,74450001,100.0,100.0,11,40,6,6,4,16.0,6.604436874389648,1290.0
20260213_151714,CE_FULL,7445,1,74450001,100.0,100.0,12,44,6,5,4,20.0,2.367582082748413,1220.0
20260213_151714,CE_FULL,7445,1,74450001,100.0,100.0,13,48,6,7,4,32.0,19.16230010986328,880.0
20260213_151714,CE_FULL,7445,1,74450001,100.0,100.0,14,52,6,10,4,48.0,0.003270864486694336,2040.0
20260213_151714,CE_FULL,7445,1,74450001,100.0,100.0,15,56,6,8,4,46.0,0.0008149147033691406,1800.0
20260213_151714,CE_FULL,7445,1,74450001,100.0,100.0,16,60,7,7,5,39.0,13.492050170898438,1410.0
20260213_151714,CE_FULL,7919,1,79190001,100.0,100.0,1,0,0,1,1,0.0,0.19220805168151855,0.0
20260213_151714,CE_FULL,7919,1,79190001,100.0,100.0,2,4,0,1,1,0.0,0.1910538673400879,0.0
20260213_151714,CE_FULL,7919,1,79190001,100.0,100.0,3,8,0,2,2,0.0,0.26423096656799316,0.0
20260213_151714,CE_FULL,7919,1,79190001,100.0,100.0,4,12,0,3,3,0.0,0.5431420803070068,0.0
20260213_151714,CE_FULL,7919,1,79190001,100.0,100.0,5,16,0,1,1,0.0,0.1900010108947754,0.0
20260213_151714,CE_FULL,7919,1,79190001,100.0,100.0,6,20,0,7,5,15.0,12.96698808670044,1320.0
20260213_151714,CE_FULL,7919,1,79190001,100.0,100.0,7,24,2,9,4,20.0,0.0016438961029052734,1000.0
20260213_151714,CE_FULL,7919,1,79190001,100.0,100.0,8,28,2,6,4,8.0,10.390981197357178,1000.0
20260213_151714,CE_FULL,7919,1,79190001,100.0,100.0,9,32,3,4,4,8.0,0.8956661224365234,170.0
20260213_151714,CE_FULL,7919,1,79190001,100.0,100.0,10,36,5,5,5,9.0,2.401257038116455,535.0
20260213_151714,CE_FULL,7919,1,79190001,100.0,100.0,11,40,6,6,4,16.0,6.693042993545532,1290.0
20260213_151714,CE_FULL,7919,1,79190001,100.0,100.0,12,44,6,5,4,20.0,2.355041980743408,1220.0
20260213_151714,CE_FULL,7919,1,79190001,100.0,100.0,13,48,6,7,4,32.0,19.264171838760376,880.0
20260213_151714,CE_FULL,7919,1,79190001,100.0,100.0,14,52,6,10,4,48.0,0.0033330917358398438,2040.0
20260213_151714,CE_FULL,7919,1,79190001,100.0,100.0,15,56,6,8,4,46.0,0.0008499622344970703,1800.0
20260213_151714,CE_FULL,7919,1,79190001,100.0,100.0,16,60,7,7,5,39.0,15.48247504234314,1410.0
20260213_151714,CE_FULL,9026,1,90260001,100.0,100.0,1,0,0,1,1,0.0,0.19196295738220215,0.0
20260213_151714,CE_FULL,9026,1,90260001,100.0,100.0,2,4,0,1,1,0.0,0.19130706787109375,0.0
20260213_151714,CE_FULL,9026,1,90260001,100.0,100.0,3,8,0,2,2,0.0,0.26360607147216797,0.0
20260213_151714,CE_FULL,9026,1,90260001,100.0,100.0,4,12,0,3,3,0.0,0.5357069969177246,0.0
20260213_151714,CE_FULL,9026,1,90260001,100.0,100.0,5,16,0,1,1,0.0,0.1905670166015625,0.0
20260213_151714,CE_FULL,9026,1,90260001,100.0,100.0,6,20,0,7,5,15.0,12.74342393875122,1000.0
20260213_151714,CE_FULL,9026,1,90260001,100.0,100.0,7,24,3,9,4,20.0,0.0019299983978271484,973.3333333333334
20260213_151714,CE_FULL,9026,1,90260001,100.0,100.0,8,28,3,6,5,10.0,7.080816030502319,303.3333333333333
20260213_151714,CE_FULL,9026,1,90260001,100.0,100.0,9,32,4,3,3,6.0,0.5516200065612793,170.0
20260213_151714,CE_FULL,9026,1,90260001,100.0,100.0,10,36,5,5,5,9.0,2.321465015411377,535.0
20260213_151714,CE_FULL,9026,1,90260001,100.0,100.0,11,40,6,6,4,16.0,6.559489965438843,1290.0
20260213_151714,CE_FULL,9026,1,90260001,100.0,100.0,12,44,6,5,4,20.0,2.3860719203948975,1220.0
20260213_151714,CE_FULL,9026,1,90260001,100.0,100.0,13,48,6,7,4,32.0,19.31765103340149,880.0
20260213_151714,CE_FULL,9026,1,90260001,100.0,100.0,14,52,6,10,4,48.0,0.002939939498901367,2040.0
20260213_151714,CE_FULL,9026,1,90260001,100.0,100.0,15,56,6,8,4,46.0,0.0007600784301757812,1800.0
20260213_151714,CE_FULL,9026,1,90260001,100.0,100.0,16,60,7,7,5,39.0,13.664454936981201,1410.0
20260213_151714,CE_FULL,8825,1,88250001,100.0,100.0,1,0,0,1,1,0.0,0.19449901580810547,0.0
20260213_151714,CE_FULL,8825,1,88250001,100.0,100.0,2,4,0,1,1,0.0,0.19414997100830078,0.0
20260213_151714,CE_FULL,8825,1,88250001,100.0,100.0,3,8,0,2,2,0.0,0.26802706718444824,0.0
20260213_151714,CE_FULL,8825,1,88250001,100.0,100.0,4,12,0,3,3,0.0,0.5421371459960938,0.0
20260213_151714,CE_FULL,8825,1,88250001,100.0,100.0,5,16,0,1,1,0.0,0.1925210952758789,0.0
20260213_151714,CE_FULL,8825,1,88250001,100.0,100.0,6,20,0,7,4,12.0,13.140351057052612,1000.0
20260213_151714,CE_FULL,8825,1,88250001,100.0,100.0,7,24,1,10,4,24.0,0.0033469200134277344,1000.0
20260213_151714,CE_FULL,8825,1,88250001,100.0,100.0,8,28,1,7,5,15.0,13.113299131393433,1020.0
20260213_151714,CE_FULL,8825,1,88250001,100.0,100.0,9,32,4,4,3,4.0,1.9312081336975098,333.3333333333333
20260213_151714,CE_FULL,8825,1,88250001,100.0,100.0,10,36,4,6,5,10.0,6.898534059524536,1070.0
20260213_151714,CE_FULL,8825,1,88250001,100.0,100.0,11,40,5,7,5,25.0,12.315137147903442,1085.0
20260213_151714,CE_FULL,8825,1,88250001,100.0,100.0,12,44,6,5,3,16.0,2.422034978866577,1290.0
20260213_151714,CE_FULL,8825,1,88250001,100.0,100.0,13,48,5,8,4,52.0,0.0009238719940185547,838.3333333333333
20260213_151714,CE_FULL,8825,1,88250001,100.0,100.0,14,52,7,11,4,48.0,0.0063321590423583984,1740.0
20260213_151714,CE_FULL,8825,1,88250001,100.0,100.0,15,56,7,9,4,40.0,0.0017859935760498047,1700.0
20260213_151714,CE_FULL,8825,1,88250001,100.0,100.0,16,60,7,8,4,36.0,0.0009369850158691406,1120.0
20260213_151714,CE_FULL,7801,1,78010001,100.0,100.0,1,0,0,1,1,0.0,0.19549798965454102,0.0
20260213_151714,CE_FULL,7801,1,78010001,100.0,100.0,2,4,0,1,1,0.0,0.19320297241210938,0.0
20260213_151714,CE_FULL,7801,1,78010001,100.0,100.0,3,8,0,2,2,0.0,0.26880311965942383,0.0
20260213_151714,CE_FULL,7801,1,78010001,100.0,100.0,4,12,0,3,3,0.0,0.5477640628814697,0.0
20260213_151714,CE_FULL,7801,1,78010001,100.0,100.0,5,16,0,1,1,0.0,0.19321680068969727,0.0
20260213_151714,CE_FULL,7801,1,78010001,100.0,100.0,6,20,0,7,5,15.0,13.185849905014038,1320.0
20260213_151714,CE_FULL,7801,1,78010001,100.0,100.0,7,24,2,9,4,20.0,0.001714944839477539,973.3333333333334
20260213_151714,CE_FULL,7801,1,78010001,100.0,100.0,8,28,2,6,5,10.0,7.34994101524353,303.3333333333333
20260213_151714,CE_FULL,7801,1,78010001,100.0,100.0,9,32,4,3,3,6.0,0.5556149482727051,170.0
20260213_151714,CE_FULL,7801,1,78010001,100.0,100.0,10,36,5,5,5,9.0,2.3755791187286377,535.0
20260213_151714,CE_FULL,7801,1,78010001,100.0,100.0,11,40,6,6,4,16.0,6.85910701751709,1290.0
20260213_151714,CE_FULL,7801,1,78010001,100.0,100.0,12,44,6,5,3,16.0,2.396963119506836,1290.0
20260213_151714,CE_FULL,7801,1,78010001,100.0,100.0,13,48,5,8,4,52.0,0.0008528232574462891,838.3333333333333
20260213_151714,CE_FULL,7801,1,78010001,100.0,100.0,14,52,7,11,4,48.0,0.006576061248779297,1740.0
20260213_151714,CE_FULL,7801,1,78010001,100.0,100.0,15,56,7,9,4,40.0,0.0018110275268554688,1700.0
20260213_151714,CE_FULL,7801,1,78010001,100.0,100.0,16,60,7,8,4,36.0,0.0008418560028076172,1120.0
20260213_151714,CE_FULL,3576,1,35760001,100.0,100.0,1,0,0,1,1,0.0,0.1938009262084961,0.0
20260213_151714,CE_FULL,3576,1,35760001,100.0,100.0,2,4,0,1,1,0.0,0.20377588272094727,0.0
20260213_151714,CE_FULL,3576,1,35760001,100.0,100.0,3,8,0,2,2,0.0,0.2684011459350586,0.0
20260213_151714,CE_FULL,3576,1,35760001,100.0,100.0,4,12,0,3,3,0.0,0.5441491603851318,0.0
20260213_151714,CE_FULL,3576,1,35760001,100.0,100.0,5,16,0,1,1,0.0,0.19747090339660645,0.0
20260213_151714,CE_FULL,3576,1,35760001,100.0,100.0,6,20,0,7,6,32.0,13.088767051696777,1280.0
20260213_151714,CE_FULL,3576,1,35760001,100.0,100.0,7,24,3,8,4,16.0,0.0009131431579589844,973.3333333333334
20260213_151714,CE_FULL,3576,1,35760001,100.0,100.0,8,28,3,5,4,4.0,2.706667900085449,240.0
20260213_151714,CE_FULL,3576,1,35760001,100.0,100.0,9,32,4,3,3,6.0,0.5567948818206787,170.0
20260213_151714,CE_FULL,3576,1,35760001,100.0,100.0,10,36,5,5,5,9.0,2.5620408058166504,535.0
20260213_151714,CE_FULL,3576,1,35760001,100.0,100.0,11,40,6,6,4,16.0,6.421226978302002,1290.0
20260213_151714,CE_FULL,3576,1,35760001,100.0,100.0,12,44,6,5,4,20.0,2.6810550689697266,1220.0
20260213_151714,CE_FULL,3576,1,35760001,100.0,100.0,13,48,6,7,4,32.0,19.292786836624146,880.0
20260213_151714,CE_FULL,3576,1,35760001,100.0,100.0,14,52,6,10,4,48.0,0.002930879592895508,2040.0
20260213_151714,CE_FULL,3576,1,35760001,100.0,100.0,15,56,6,8,4,46.0,0.0007710456848144531,1800.0
20260213_151714,CE_FULL,3576,1,35760001,100.0,100.0,16,60,7,7,4,28.0,14.001075983047485,1440.0
20260213_151714,CE_FULL,5108,1,51080001,100.0,100.0,1,0,0,1,1,0.0,0.19429516792297363,0.0
20260213_151714,CE_FULL,5108,1,51080001,100.0,100.0,2,4,0,1,1,0.0,0.19355177879333496,0.0
20260213_151714,CE_FULL,5108,1,51080001,100.0,100.0,3,8,0,2,2,0.0,0.26924586296081543,0.0
20260213_151714,CE_FULL,5108,1,51080001,100.0,100.0,4,12,0,3,3,0.0,0.5461509227752686,0.0
20260213_151714,CE_FULL,5108,1,51080001,100.0,100.0,5,16,0,1,1,0.0,0.19289398193359375,0.0
20260213_151714,CE_FULL,5108,1,51080001,100.0,100.0,6,20,0,7,5,15.0,13.1857328414917,1320.0
20260213_151714,CE_FULL,5108,1,51080001,100.0,100.0,7,24,2,9,4,20.0,0.0016088485717773438,960.0
20260213_151714,CE_FULL,5108,1,51080001,100.0,100.0,8,28,2,6,6,34.0,6.310622930526733,420.0
20260213_151714,CE_FULL,5108,1,51080001,100.0,100.0,9,32,5,2,2,4.0,0.28084683418273926,100.0
20260213_151714,CE_FULL,5108,1,51080001,100.0,100.0,10,36,5,5,5,9.0,2.620966911315918,535.0
20260213_151714,CE_FULL,5108,1,51080001,100.0,100.0,11,40,6,6,4,16.0,6.467428922653198,1290.0
20260213_151714,CE_FULL,5108,1,51080001,100.0,100.0,12,44,6,5,4,20.0,2.440803050994873,1220.0
20260213_151714,CE_FULL,5108,1,51080001,100.0,100.0,13,48,6,7,4,32.0,19.773792028427124,880.0
20260213_151714,CE_FULL,5108,1,51080001,100.0,100.0,14,52,6,10,4,48.0,0.00304412841796875,2040.0
20260213_151714,CE_FULL,5108,1,51080001,100.0,100.0,15,56,6,8,4,46.0,0.0007910728454589844,1800.0
20260213_151714,CE_FULL,5108,1,51080001,100.0,100.0,16,60,7,7,5,39.0,14.235644102096558,1410.0
20260213_151714,CE_FULL,7346,1,73460001,100.0,100.0,1,0,0,1,1,0.0,0.19301891326904297,0.0
20260213_151714,CE_FULL,7346,1,73460001,100.0,100.0,2,4,0,1,1,0.0,0.1920628547668457,0.0
20260213_151714,CE_FULL,7346,1,73460001,100.0,100.0,3,8,0,2,2,0.0,0.26856184005737305,0.0
20260213_151714,CE_FULL,7346,1,73460001,100.0,100.0,4,12,0,3,3,0.0,0.549644947052002,0.0
20260213_151714,CE_FULL,7346,1,73460001,100.0,100.0,5,16,0,1,1,0.0,0.1920299530029297,0.0
20260213_151714,CE_FULL,7346,1,73460001,100.0,100.0,6,20,0,7,4,12.0,13.139422178268433,1000.0
20260213_151714,CE_FULL,7346,1,73460001,100.0,100.0,7,24,1,10,4,24.0,0.0033969879150390625,1000.0
20260213_151714,CE_FULL,7346,1,73460001,100.0,100.0,8,28,1,7,5,15.0,13.783818006515503,1020.0
20260213_151714,CE_FULL,7346,1,73460001,100.0,100.0,9,32,4,4,4,6.0,1.7476110458374023,313.3333333333333
20260213_151714,CE_FULL,7346,1,73460001,100.0,100.0,10,36,5,5,5,9.0,2.405648946762085,535.0
20260213_151714,CE_FULL,7346,1,73460001,100.0,100.0,11,40,6,6,4,16.0,6.833357095718384,1290.0
20260213_151714,CE_FULL,7346,1,73460001,100.0,100.0,12,44,6,5,3,16.0,2.4889869689941406,1290.0
20260213_151714,CE_FULL,7346,1,73460001,100.0,100.0,13,48,5,8,4,52.0,0.0008859634399414062,838.3333333333333
20260213_151714,CE_FULL,7346,1,73460001,100.0,100.0,14,52,7,11,4,48.0,0.006582021713256836,1740.0
20260213_151714,CE_FULL,7346,1,73460001,100.0,100.0,15,56,7,9,4,40.0,0.0017249584197998047,1700.0
20260213_151714,CE_FULL,7346,1,73460001,100.0,100.0,16,60,7,8,4,36.0,0.0008118152618408203,1120.0
20260213_151714,CE_FULL,2659,1,26590001,100.0,100.0,1,0,0,1,1,0.0,0.20536208152770996,0.0
20260213_151714,CE_FULL,2659,1,26590001,100.0,100.0,2,4,0,1,1,0.0,0.20520806312561035,0.0
20260213_151714,CE_FULL,2659,1,26590001,100.0,100.0,3,8,0,2,2,0.0,0.27880311012268066,0.0
20260213_151714,CE_FULL,2659,1,26590001,100.0,100.0,4,12,0,3,3,0.0,0.5582959651947021,0.0
20260213_151714,CE_FULL,2659,1,26590001,100.0,100.0,5,16,0,1,1,0.0,0.19467997550964355,0.0
20260213_151714,CE_FULL,2659,1,26590001,100.0,100.0,6,20,0,7,5,15.0,13.418789863586426,1320.0
20260213_151714,CE_FULL,2659,1,26590001,100.0,100.0,7,24,2,9,4,20.0,0.001722097396850586,973.3333333333334
20260213_151714,CE_FULL,2659,1,26590001,100.0,100.0,8,28,2,6,5,10.0,7.266602993011475,303.3333333333333
20260213_151714,CE_FULL,2659,1,26590001,100.0,100.0,9,32,4,3,3,6.0,0.5659551620483398,170.0
20260213_151714,CE_FULL,2659,1,26590001,100.0,100.0,10,36,5,5,5,9.0,2.3934569358825684,535.0
20260213_151714,CE_FULL,2659,1,26590001,100.0,100.0,11,40,6,6,4,16.0,6.825009107589722,1290.0
20260213_151714,CE_FULL,2659,1,26590001,100.0,100.0,12,44,6,5,4,20.0,2.447118043899536,1220.0
20260213_151714,CE_FULL,2659,1,26590001,100.0,100.0,13,48,6,7,4,32.0,19.760963916778564,880.0
20260213_151714,CE_FULL,2659,1,26590001,100.0,100.0,14,52,6,10,4,48.0,0.0031130313873291016,2040.0
20260213_151714,CE_FULL,2659,1,26590001,100.0,100.0,15,56,6,8,4,46.0,0.0007698535919189453,1800.0
20260213_151714,CE_FULL,2659,1,26590001,100.0,100.0,16,60,7,7,5,39.0,14.098812818527222,1410.0
20260213_151714,CE_FULL,1301,1,13010001,100.0,100.0,1,0,0,1,1,0.0,0.19606280326843262,0.0
20260213_151714,CE_FULL,1301,1,13010001,100.0,100.0,2,4,0,1,1,0.0,0.19561481475830078,0.0
20260213_151714,CE_FULL,1301,1,13010001,100.0,100.0,3,8,0,2,2,0.0,0.2725698947906494,0.0
20260213_151714,CE_FULL,1301,1,13010001,100.0,100.0,4,12,0,3,3,0.0,0.5571248531341553,0.0
20260213_151714,CE_FULL,1301,1,13010001,100.0,100.0,5,16,0,1,1,0.0,0.19493389129638672,0.0
20260213_151714,CE_FULL,1301,1,13010001,100.0,100.0,6,20,0,7,5,15.0,13.67919397354126,1320.0
20260213_151714,CE_FULL,1301,1,13010001,100.0,100.0,7,24,2,9,4,20.0,0.001566171646118164,960.0
20260213_151714,CE_FULL,1301,1,13010001,100.0,100.0,8,28,2,6,5,10.0,6.451411008834839,1070.0
20260213_151714,CE_FULL,1301,1,13010001,100.0,100.0,9,32,4,3,3,6.0,0.5629720687866211,100.0
20260213_151714,CE_FULL,1301,1,13010001,100.0,100.0,10,36,5,5,5,9.0,2.704353094100952,535.0
20260213_151714,CE_FULL,1301,1,13010001,100.0,100.0,11,40,6,6,4,16.0,6.584342002868652,1290.0
20260213_151714,CE_FULL,1301,1,13010001,100.0,100.0,12,44,6,5,4,20.0,2.7813360691070557,1220.0
20260213_151714,CE_FULL,1301,1,13010001,100.0,100.0,13,48,6,7,4,32.0,19.89488697052002,880.0
20260213_151714,CE_FULL,1301,1,13010001,100.0,100.0,14,52,6,10,4,48.0,0.002978086471557617,2040.0
20260213_151714,CE_FULL,1301,1,13010001,100.0,100.0,15,56,6,8,4,46.0,0.00080108642578125,1800.0
20260213_151714,CE_FULL,1301,1,13010001,100.0,100.0,16,60,7,7,5,39.0,14.216639995574951,1410.0
20260213_151714,CE_FULL,5519,1,55190001,100.0,100.0,1,0,0,1,1,0.0,0.19663619995117188,0.0
20260213_151714,CE_FULL,5519,1,55190001,100.0,100.0,2,4,0,1,1,0.0,0.19545388221740723,0.0
20260213_151714,CE_FULL,5519,1,55190001,100.0,100.0,3,8,0,2,2,0.0,0.2955899238586426,0.0
20260213_151714,CE_FULL,5519,1,55190001,100.0,100.0,4,12,0,3,3,0.0,0.5598559379577637,0.0
20260213_151714,CE_FULL,5519,1,55190001,100.0,100.0,5,16,0,1,1,0.0,0.19484210014343262,0.0
20260213_151714,CE_FULL,5519,1,55190001,100.0,100.0,6,20,0,7,5,15.0,13.406512975692749,1000.0
20260213_151714,CE_FULL,5519,1,55190001,100.0,100.0,7,24,3,9,4,20.0,0.0018291473388671875,973.3333333333334
20260213_151714,CE_FULL,5519,1,55190001,100.0,100.0,8,28,3,6,5,10.0,7.4203760623931885,303.3333333333333
20260213_151714,CE_FULL,5519,1,55190001,100.0,100.0,9,32,4,3,3,6.0,0.584622859954834,170.0
20260213_151714,CE_FULL,5519,1,55190001,100.0,100.0,10,36,5,5,5,9.0,2.4320361614227295,535.0
20260213_151714,CE_FULL,5519,1,55190001,100.0,100.0,11,40,6,6,4,16.0,6.953305959701538,1290.0
20260213_151714,CE_FULL,5519,1,55190001,100.0,100.0,12,44,6,5,4,20.0,2.4928550720214844,1220.0
20260213_151714,CE_FULL,5519,1,55190001,100.0,100.0,13,48,6,7,4,32.0,20.36423110961914,880.0
20260213_151714,CE_FULL,5519,1,55190001,100.0,100.0,14,52,6,10,4,48.0,0.00298309326171875,2040.0
20260213_151714,CE_FULL,5519,1,55190001,100.0,100.0,15,56,6,8,4,46.0,0.0007588863372802734,1800.0
20260213_151714,CE_FULL,5519,1,55190001,100.0,100.0,16,60,7,7,5,39.0,14.072895050048828,1410.0
20260213_151714,CE_FULL,1736,1,17360001,100.0,100.0,1,0,0,1,1,0.0,0.19964194297790527,0.0
20260213_151714,CE_FULL,1736,1,17360001,100.0,100.0,2,4,0,1,1,0.0,0.1976311206817627,0.0
20260213_151714,CE_FULL,1736,1,17360001,100.0,100.0,3,8,0,2,2,0.0,0.27719593048095703,0.0
20260213_151714,CE_FULL,1736,1,17360001,100.0,100.0,4,12,0,3,3,0.0,0.5854349136352539,0.0
20260213_151714,CE_FULL,1736,1,17360001,100.0,100.0,5,16,0,1,1,0.0,0.1998119354248047,0.0
20260213_151714,CE_FULL,1736,1,17360001,100.0,100.0,6,20,0,7,5,15.0,13.783921003341675,736.6666666666666
20260213_151714,CE_FULL,1736,1,17360001,100.0,100.0,7,24,2,9,4,20.0,0.0017080307006835938,1000.0
20260213_151714,CE_FULL,1736,1,17360001,100.0,100.0,8,28,2,6,5,10.0,6.903472900390625,1070.0
20260213_151714,CE_FULL,1736,1,17360001,100.0,100.0,9,32,4,3,3,6.0,0.5542809963226318,100.0
20260213_151714,CE_FULL,1736,1,17360001,100.0,100.0,10,36,5,5,5,9.0,2.4281139373779297,535.0
20260213_151714,CE_FULL,1736,1,17360001,100.0,100.0,11,40,6,6,4,16.0,6.681318044662476,1290.0
20260213_151714,CE_FULL,1736,1,17360001,100.0,100.0,12,44,6,5,3,16.0,2.8017518520355225,1290.0
20260213_151714,CE_FULL,1736,1,17360001,100.0,100.0,13,48,5,8,4,52.0,0.0008227825164794922,838.3333333333333
20260213_151714,CE_FULL,1736,1,17360001,100.0,100.0,14,52,7,11,4,48.0,0.006766080856323242,1740.0
20260213_151714,CE_FULL,1736,1,17360001,100.0,100.0,15,56,7,9,4,40.0,0.002184152603149414,1700.0
20260213_151714,CE_FULL,1736,1,17360001,100.0,100.0,16,60,7,8,4,36.0,0.001196146011352539,1120.0
20260213_151714,CE_FULL,618,1,6180001,100.0,100.0,1,0,0,1,1,0.0,0.19774079322814941,0.0
20260213_151714,CE_FULL,618,1,6180001,100.0,100.0,2,4,0,1,1,0.0,0.1962430477142334,0.0
20260213_151714,CE_FULL,618,1,6180001,100.0,100.0,3,8,0,2,2,0.0,0.27800703048706055,0.0
20260213_151714,CE_FULL,618,1,6180001,100.0,100.0,4,12,0,3,3,0.0,0.5921390056610107,0.0
20260213_151714,CE_FULL,618,1,6180001,100.0,100.0,5,16,0,1,1,0.0,0.20687389373779297,0.0
20260213_151714,CE_FULL,618,1,6180001,100.0,100.0,6,20,0,7,5,15.0,13.701029062271118,1320.0
20260213_151714,CE_FULL,618,1,6180001,100.0,100.0,7,24,2,9,4,20.0,0.0016791820526123047,973.3333333333334
20260213_151714,CE_FULL,618,1,6180001,100.0,100.0,8,28,2,6,5,10.0,7.168407917022705,303.3333333333333
20260213_151714,CE_FULL,618,1,6180001,100.0,100.0,9,32,4,3,3,6.0,0.5799319744110107,170.0
20260213_151714,CE_FULL,618,1,6180001,100.0,100.0,10,36,5,5,5,9.0,2.764051914215088,535.0
20260213_151714,CE_FULL,618,1,6180001,100.0,100.0,11,40,6,6,4,16.0,6.699157953262329,1290.0
20260213_151714,CE_FULL,618,1,6180001,100.0,100.0,12,44,6,5,4,20.0,2.8423798084259033,1220.0
20260213_151714,CE_FULL,618,1,6180001,100.0,100.0,13,48,6,7,4,32.0,20.19048500061035,880.0
20260213_151714,CE_FULL,618,1,6180001,100.0,100.0,14,52,6,10,4,48.0,0.0032401084899902344,2040.0
20260213_151714,CE_FULL,618,1,6180001,100.0,100.0,15,56,6,8,4,46.0,0.0008418560028076172,1800.0
20260213_151714,CE_FULL,618,1,6180001,100.0,100.0,16,60,7,7,5,39.0,14.652277946472168,1410.0
20260213_151714,CE_FULL,8254,1,82540001,100.0,100.0,1,0,0,1,1,0.0,0.20145297050476074,0.0
20260213_151714,CE_FULL,8254,1,82540001,100.0,100.0,2,4,0,1,1,0.0,0.19713497161865234,0.0
20260213_151714,CE_FULL,8254,1,82540001,100.0,100.0,3,8,0,2,2,0.0,0.2767519950866699,0.0
20260213_151714,CE_FULL,8254,1,82540001,100.0,100.0,4,12,0,3,3,0.0,0.5691521167755127,0.0
20260213_151714,CE_FULL,8254,1,82540001,100.0,100.0,5,16,0,1,1,0.0,0.19668102264404297,0.0
20260213_151714,CE_FULL,8254,1,82540001,100.0,100.0,6,20,0,7,5,15.0,13.640639066696167,1320.0
20260213_151714,CE_FULL,8254,1,82540001,100.0,100.0,7,24,2,9,4,20.0,0.001734018325805664,960.0
20260213_151714,CE_FULL,8254,1,82540001,100.0,100.0,8,28,2,6,5,10.0,6.838019132614136,1070.0
20260213_151714,CE_FULL,8254,1,82540001,100.0,100.0,9,32,4,3,3,6.0,0.5710279941558838,100.0
20260213_151714,CE_FULL,8254,1,82540001,100.0,100.0,10,36,5,5,5,9.0,2.4803049564361572,535.0
20260213_151714,CE_FULL,8254,1,82540001,100.0,100.0,11,40,6,6,4,16.0,7.049198865890503,1290.0
20260213_151714,CE_FULL,8254,1,82540001,100.0,100.0,12,44,6,5,4,20.0,2.560256004333496,1220.0
20260213_151714,CE_FULL,8254,1,82540001,100.0,100.0,13,48,6,7,4,32.0,20.683980226516724,880.0
20260213_151714,CE_FULL,8254,1,82540001,100.0,100.0,14,52,6,10,4,48.0,0.0029790401458740234,2040.0
20260213_151714,CE_FULL,8254,1,82540001,100.0,100.0,15,56,6,8,4,46.0,0.0008001327514648438,1800.0
20260213_151714,CE_FULL,8254,1,82540001,100.0,100.0,16,60,7,7,5,39.0,14.494649887084961,1410.0
20260213_151714,CE_FULL,7340,1,73400001,100.0,100.0,1,0,0,1,1,0.0,0.2014179229736328,0.0
20260213_151714,CE_FULL,7340,1,73400001,100.0,100.0,2,4,0,1,1,0.0,0.2002561092376709,0.0
20260213_151714,CE_FULL,7340,1,73400001,100.0,100.0,3,8,0,2,2,0.0,0.28341197967529297,0.0
20260213_151714,CE_FULL,7340,1,73400001,100.0,100.0,4,12,0,3,3,0.0,0.5810801982879639,0.0
20260213_151714,CE_FULL,7340,1,73400001,100.0,100.0,5,16,0,1,1,0.0,0.20011281967163086,0.0
20260213_151714,CE_FULL,7340,1,73400001,100.0,100.0,6,20,0,7,6,32.0,15.841223001480103,1680.0
20260213_151714,CE_FULL,7340,1,73400001,100.0,100.0,7,24,3,8,4,16.0,0.005807161331176758,960.0
20260213_151714,CE_FULL,7340,1,73400001,100.0,100.0,8,28,3,5,4,4.0,2.461606025695801,360.0
20260213_151714,CE_FULL,7340,1,73400001,100.0,100.0,9,32,4,3,3,6.0,0.5917410850524902,170.0
20260213_151714,CE_FULL,7340,1,73400001,100.0,100.0,10,36,5,5,5,9.0,2.4662420749664307,535.0
20260213_151714,CE_FULL,7340,1,73400001,100.0,100.0,11,40,6,6,4,16.0,7.069537878036499,1290.0
20260213_151714,CE_FULL,7340,1,73400001,100.0,100.0,12,44,6,5,3,16.0,2.5445690155029297,1290.0
20260213_151714,CE_FULL,7340,1,73400001,100.0,100.0,13,48,5,8,4,52.0,0.0008990764617919922,838.3333333333333
20260213_151714,CE_FULL,7340,1,73400001,100.0,100.0,14,52,7,11,4,48.0,0.006434917449951172,1740.0
20260213_151714,CE_FULL,7340,1,73400001,100.0,100.0,15,56,7,9,4,40.0,0.0016620159149169922,1700.0
20260213_151714,CE_FULL,7340,1,73400001,100.0,100.0,16,60,7,8,4,36.0,0.0008809566497802734,1120.0
20260213_151714,RRCE_PNE,6910,1,69100001,100.0,100.0,1,0,0,1,1,0.0,0.17928099632263184,0.0
20260213_151714,RRCE_PNE,6910,1,69100001,100.0,100.0,2,4,0,1,1,0.0,0.18017220497131348,0.0
20260213_151714,RRCE_PNE,6910,1,69100001,100.0,100.0,3,8,0,2,2,0.0,0.1971759796142578,0.0
20260213_151714,RRCE_PNE,6910,1,69100001,100.0,100.0,4,12,0,3,3,0.0,0.21004486083984375,0.0
20260213_151714,RRCE_PNE,6910,1,69100001,100.0,100.0,5,16,0,1,1,0.0,0.17772483825683594,0.0
20260213_151714,RRCE_PNE,6910,1,69100001,100.0,100.0,6,20,0,7,4,12.0,0.0005581378936767578,1000.0
20260213_151714,RRCE_PNE,6910,1,69100001,100.0,100.0,7,24,1,10,5,30.0,1.2188260555267334,825.0
20260213_151714,RRCE_PNE,6910,1,69100001,100.0,100.0,8,28,2,6,5,10.0,0.5283219814300537,395.0
20260213_151714,RRCE_PNE,6910,1,69100001,100.0,100.0,9,32,4,3,3,6.0,0.2296140193939209,240.0
20260213_151714,RRCE_PNE,6910,1,69100001,100.0,100.0,10,36,5,5,5,9.0,0.2551729679107666,535.0
20260213_151714,RRCE_PNE,6910,1,69100001,100.0,100.0,11,40,6,6,4,16.0,0.43729400634765625,1290.0
20260213_151714,RRCE_PNE,6910,1,69100001,100.0,100.0,12,44,6,5,4,20.0,0.25200700759887695,1220.0
20260213_151714,RRCE_PNE,6910,1,69100001,100.0,100.0,13,48,6,7,4,32.0,0.2314620018005371,880.0
20260213_151714,RRCE_PNE,6910,1,69100001,100.0,100.0,14,52,6,10,4,48.0,0.0032889842987060547,2040.0
20260213_151714,RRCE_PNE,6910,1,69100001,100.0,100.0,15,56,6,8,5,50.0,0.48508381843566895,1920.0
20260213_151714,RRCE_PNE,6910,1,69100001,100.0,100.0,16,60,7,6,4,32.0,0.2304821014404297,893.3333333333333
20260213_151714,RRCE_PNE,4953,1,49530001,100.0,100.0,1,0,0,1,1,0.0,0.17743206024169922,0.0
20260213_151714,RRCE_PNE,4953,1,49530001,100.0,100.0,2,4,0,1,1,0.0,0.17630410194396973,0.0
20260213_151714,RRCE_PNE,4953,1,49530001,100.0,100.0,3,8,0,2,2,0.0,0.19692611694335938,0.0
20260213_151714,RRCE_PNE,4953,1,49530001,100.0,100.0,4,12,0,3,3,0.0,0.2092130184173584,0.0
20260213_151714,RRCE_PNE,4953,1,49530001,100.0,100.0,5,16,0,1,1,0.0,0.1780531406402588,0.0
20260213_151714,RRCE_PNE,4953,1,49530001,100.0,100.0,6,20,0,7,4,12.0,0.0005381107330322266,1000.0
20260213_151714,RRCE_PNE,4953,1,49530001,100.0,100.0,7,24,1,10,5,30.0,0.7060708999633789,825.0
20260213_151714,RRCE_PNE,4953,1,49530001,100.0,100.0,8,28,2,6,5,10.0,0.5255630016326904,395.0
20260213_151714,RRCE_PNE,4953,1,49530001,100.0,100.0,9,32,4,3,3,6.0,0.459367036819458,170.0
20260213_151714,RRCE_PNE,4953,1,49530001,100.0,100.0,10,36,5,5,5,9.0,0.26552295684814453,535.0
20260213_151714,RRCE_PNE,4953,1,49530001,100.0,100.0,11,40,6,6,4,16.0,0.24889397621154785,1290.0
20260213_151714,RRCE_PNE,4953,1,49530001,100.0,100.0,12,44,6,5,4,20.0,0.24881505966186523,1220.0
20260213_151714,RRCE_PNE,4953,1,49530001,100.0,100.0,13,48,6,7,4,32.0,0.2287909984588623,880.0
20260213_151714,RRCE_PNE,4953,1,49530001,100.0,100.0,14,52,6,10,4,48.0,0.002981901168823242,2040.0
20260213_151714,RRCE_PNE,4953,1,49530001,100.0,100.0,15,56,6,8,5,50.0,0.27967000007629395,1920.0
20260213_151714,RRCE_PNE,4953,1,49530001,100.0,100.0,16,60,7,6,4,32.0,0.22858095169067383,893.3333333333333
20260213_151714,RRCE_PNE,8042,1,80420001,100.0,100.0,1,0,0,1,1,0.0,0.17636919021606445,0.0
20260213_151714,RRCE_PNE,8042,1,80420001,100.0,100.0,2,4,0,1,1,0.0,0.1753218173980713,0.0
20260213_151714,RRCE_PNE,8042,1,80420001,100.0,100.0,3,8,0,2,2,0.0,0.19533395767211914,0.0
20260213_151714,RRCE_PNE,8042,1,80420001,100.0,100.0,4,12,0,3,3,0.0,0.19575095176696777,0.0
20260213_151714,RRCE_PNE,8042,1,80420001,100.0,100.0,5,16,0,1,1,0.0,0.17492890357971191,0.0
20260213_151714,RRCE_PNE,8042,1,80420001,100.0,100.0,6,20,0,7,4,12.0,0.0004639625549316406,1000.0
20260213_151714,RRCE_PNE,8042,1,80420001,100.0,100.0,7,24,1,10,5,30.0,0.7097799777984619,1285.0
20260213_151714,RRCE_PNE,8042,1,80420001,100.0,100.0,8,28,2,6,5,10.0,0.46039414405822754,395.0
20260213_151714,RRCE_PNE,8042,1,80420001,100.0,100.0,9,32,4,3,3,6.0,0.2025158405303955,170.0
20260213_151714,RRCE_PNE,8042,1,80420001,100.0,100.0,10,36,5,5,5,9.0,0.25058603286743164,535.0
20260213_151714,RRCE_PNE,8042,1,80420001,100.0,100.0,11,40,6,6,4,16.0,0.2481071949005127,1290.0
20260213_151714,RRCE_PNE,8042,1,80420001,100.0,100.0,12,44,6,5,4,20.0,0.24761486053466797,1220.0
20260213_151714,RRCE_PNE,8042,1,80420001,100.0,100.0,13,48,6,7,4,32.0,0.2304670810699463,880.0
20260213_151714,RRCE_PNE,8042,1,80420001,100.0,100.0,14,52,6,10,4,48.0,0.0033059120178222656,2040.0
20260213_151714,RRCE_PNE,8042,1,80420001,100.0,100.0,15,56,6,8,5,50.0,0.27696704864501953,1920.0
20260213_151714,RRCE_PNE,8042,1,80420001,100.0,100.0,16,60,7,6,4,32.0,0.23244810104370117,893.3333333333333
20260213_151714,RRCE_PNE,180,1,1800001,100.0,100.0,1,0,0,1,1,0.0,0.17609405517578125,0.0
20260213_151714,RRCE_PNE,180,1,1800001,100.0,100.0,2,4,0,1,1,0.0,0.17565703392028809,0.0
20260213_151714,RRCE_PNE,180,1,1800001,100.0,100.0,3,8,0,2,2,0.0,0.19565320014953613,0.0
20260213_151714,RRCE_PNE,180,1,1800001,100.0,100.0,4,12,0,3,3,0.0,0.195936918258667,0.0
20260213_151714,RRCE_PNE,180,1,1800001,100.0,100.0,5,16,0,1,1,0.0,0.17446684837341309,0.0
20260213_151714,RRCE_PNE,180,1,1800001,100.0,100.0,6,20,0,7,4,12.0,0.0004990100860595703,1000.0
20260213_151714,RRCE_PNE,180,1,1800001,100.0,100.0,7,24,1,10,5,30.0,0.6952419281005859,966.6666666666667
20260213_151714,RRCE_PNE,180,1,1800001,100.0,100.0,8,28,2,6,5,10.0,0.4532051086425781,303.3333333333333
20260213_151714,RRCE_PNE,180,1,1800001,100.0,100.0,9,32,4,3,3,6.0,0.20350193977355957,170.0
20260213_151714,RRCE_PNE,180,1,1800001,100.0,100.0,10,36,5,5,5,9.0,0.2521698474884033,535.0
20260213_151714,RRCE_PNE,180,1,1800001,100.0,100.0,11,40,6,6,4,16.0,0.25001001358032227,1290.0
20260213_151714,RRCE_PNE,180,1,1800001,100.0,100.0,12,44,6,5,4,20.0,0.24973011016845703,1220.0
20260213_151714,RRCE_PNE,180,1,1800001,100.0,100.0,13,48,6,7,4,32.0,0.22928380966186523,880.0
20260213_151714,RRCE_PNE,180,1,1800001,100.0,100.0,14,52,6,10,4,48.0,0.004116058349609375,2040.0
20260213_151714,RRCE_PNE,180,1,1800001,100.0,100.0,15,56,6,8,5,50.0,0.2782120704650879,1920.0
20260213_151714,RRCE_PNE,180,1,1800001,100.0,100.0,16,60,7,6,4,32.0,0.22934794425964355,893.3333333333333
20260213_151714,RRCE_PNE,6646,1,66460001,100.0,100.0,1,0,0,1,1,0.0,0.1763308048248291,0.0
20260213_151714,RRCE_PNE,6646,1,66460001,100.0,100.0,2,4,0,1,1,0.0,0.17566585540771484,0.0
20260213_151714,RRCE_PNE,6646,1,66460001,100.0,100.0,3,8,0,2,2,0.0,0.19786596298217773,0.0
20260213_151714,RRCE_PNE,6646,1,66460001,100.0,100.0,4,12,0,3,3,0.0,0.1967771053314209,0.0
20260213_151714,RRCE_PNE,6646,1,66460001,100.0,100.0,5,16,0,1,1,0.0,0.17610502243041992,0.0
20260213_151714,RRCE_PNE,6646,1,66460001,100.0,100.0,6,20,0,7,4,12.0,0.000553131103515625,1000.0
20260213_151714,RRCE_PNE,6646,1,66460001,100.0,100.0,7,24,1,10,5,30.0,0.9211568832397461,1285.0
20260213_151714,RRCE_PNE,6646,1,66460001,100.0,100.0,8,28,2,6,5,10.0,0.4325389862060547,436.66666666666663
20260213_151714,RRCE_PNE,6646,1,66460001,100.0,100.0,9,32,4,3,3,6.0,0.22749114036560059,100.0
20260213_151714,RRCE_PNE,6646,1,66460001,100.0,100.0,10,36,5,5,5,9.0,0.25015997886657715,535.0
20260213_151714,RRCE_PNE,6646,1,66460001,100.0,100.0,11,40,6,6,4,16.0,0.24932193756103516,1290.0
20260213_151714,RRCE_PNE,6646,1,66460001,100.0,100.0,12,44,6,5,4,20.0,0.25937414169311523,1220.0
20260213_151714,RRCE_PNE,6646,1,66460001,100.0,100.0,13,48,6,7,4,32.0,0.22783899307250977,880.0
20260213_151714,RRCE_PNE,6646,1,66460001,100.0,100.0,14,52,6,10,4,48.0,0.0031239986419677734,2040.0
20260213_151714,RRCE_PNE,6646,1,66460001,100.0,100.0,15,56,6,8,5,50.0,0.27776098251342773,1920.0
20260213_151714,RRCE_PNE,6646,1,66460001,100.0,100.0,16,60,7,6,4,32.0,0.22800087928771973,893.3333333333333
20260213_151714,RRCE_PNE,1744,1,17440001,100.0,100.0,1,0,0,1,1,0.0,0.17514491081237793,0.0
20260213_151714,RRCE_PNE,1744,1,17440001,100.0,100.0,2,4,0,1,1,0.0,0.17511701583862305,0.0
20260213_151714,RRCE_PNE,1744,1,17440001,100.0,100.0,3,8,0,2,2,0.0,0.1956470012664795,0.0
20260213_151714,RRCE_PNE,1744,1,17440001,100.0,100.0,4,12,0,3,3,0.0,0.1947629451751709,0.0
20260213_151714,RRCE_PNE,1744,1,17440001,100.0,100.0,5,16,0,1,1,0.0,0.1744709014892578,0.0
20260213_151714,RRCE_PNE,1744,1,17440001,100.0,100.0,6,20,0,7,4,12.0,0.0005018711090087891,1000.0
20260213_151714,RRCE_PNE,1744,1,17440001,100.0,100.0,7,24,1,10,5,30.0,0.6969969272613525,1250.0
20260213_151714,RRCE_PNE,1744,1,17440001,100.0,100.0,8,28,2,6,5,10.0,0.5161769390106201,436.66666666666663
20260213_151714,RRCE_PNE,1744,1,17440001,100.0,100.0,9,32,4,3,3,6.0,0.2269120216369629,100.0
20260213_151714,RRCE_PNE,1744,1,17440001,100.0,100.0,10,36,5,5,5,9.0,0.250363826751709,535.0
20260213_151714,RRCE_PNE,1744,1,17440001,100.0,100.0,11,40,6,6,4,16.0,0.24724102020263672,1290.0
20260213_151714,RRCE_PNE,1744,1,17440001,100.0,100.0,12,44,6,5,4,20.0,0.24748897552490234,1220.0
20260213_151714,RRCE_PNE,1744,1,17440001,100.0,100.0,13,48,6,7,4,32.0,0.22818708419799805,880.0
20260213_151714,RRCE_PNE,1744,1,17440001,100.0,100.0,14,52,6,10,4,48.0,0.003573894500732422,2040.0
20260213_151714,RRCE_PNE,1744,1,17440001,100.0,100.0,15,56,6,8,5,50.0,0.2879769802093506,1920.0
20260213_151714,RRCE_PNE,1744,1,17440001,100.0,100.0,16,60,7,6,4,32.0,0.22734379768371582,893.3333333333333
20260213_151714,RRCE_PNE,9250,1,92500001,100.0,100.0,1,0,0,1,1,0.0,0.18387317657470703,0.0
20260213_151714,RRCE_PNE,9250,1,92500001,100.0,100.0,2,4,0,1,1,0.0,0.1748189926147461,0.0
20260213_151714,RRCE_PNE,9250,1,92500001,100.0,100.0,3,8,0,2,2,0.0,0.19426918029785156,0.0
20260213_151714,RRCE_PNE,9250,1,92500001,100.0,100.0,4,12,0,3,3,0.0,0.19484710693359375,0.0
20260213_151714,RRCE_PNE,9250,1,92500001,100.0,100.0,5,16,0,1,1,0.0,0.17407798767089844,0.0
20260213_151714,RRCE_PNE,9250,1,92500001,100.0,100.0,6,20,0,7,4,12.0,0.0004899501800537109,1000.0
20260213_151714,RRCE_PNE,9250,1,92500001,100.0,100.0,7,24,1,10,5,30.0,0.6959738731384277,825.0
20260213_151714,RRCE_PNE,9250,1,92500001,100.0,100.0,8,28,2,6,5,10.0,0.298861026763916,1070.0
20260213_151714,RRCE_PNE,9250,1,92500001,100.0,100.0,9,32,4,3,3,6.0,0.228287935256958,100.0
20260213_151714,RRCE_PNE,9250,1,92500001,100.0,100.0,10,36,5,5,5,9.0,0.25246310234069824,535.0
20260213_151714,RRCE_PNE,9250,1,92500001,100.0,100.0,11,40,6,6,4,16.0,0.250993013381958,1290.0
20260213_151714,RRCE_PNE,9250,1,92500001,100.0,100.0,12,44,6,5,3,16.0,0.2492051124572754,1290.0
20260213_151714,RRCE_PNE,9250,1,92500001,100.0,100.0,13,48,5,8,4,52.0,0.0010099411010742188,838.3333333333333
20260213_151714,RRCE_PNE,9250,1,92500001,100.0,100.0,14,52,7,11,4,48.0,0.008077859878540039,1740.0
20260213_151714,RRCE_PNE,9250,1,92500001,100.0,100.0,15,56,7,9,5,45.0,0.6797020435333252,1795.0
20260213_151714,RRCE_PNE,9250,1,92500001,100.0,100.0,16,60,8,7,5,45.0,0.44711804389953613,1645.0
20260213_151714,RRCE_PNE,7566,1,75660001,100.0,100.0,1,0,0,1,1,0.0,0.17596006393432617,0.0
20260213_151714,RRCE_PNE,7566,1,75660001,100.0,100.0,2,4,0,1,1,0.0,0.4243011474609375,0.0
20260213_151714,RRCE_PNE,7566,1,75660001,100.0,100.0,3,8,0,2,2,0.0,0.1957569122314453,0.0
20260213_151714,RRCE_PNE,7566,1,75660001,100.0,100.0,4,12,0,3,3,0.0,0.19504404067993164,0.0
20260213_151714,RRCE_PNE,7566,1,75660001,100.0,100.0,5,16,0,1,1,0.0,0.1848280429840088,0.0
20260213_151714,RRCE_PNE,7566,1,75660001,100.0,100.0,6,20,0,7,4,12.0,0.00046896934509277344,1000.0
20260213_151714,RRCE_PNE,7566,1,75660001,100.0,100.0,7,24,1,10,5,30.0,0.6988129615783691,1285.0
20260213_151714,RRCE_PNE,7566,1,75660001,100.0,100.0,8,28,2,6,5,10.0,0.46323108673095703,436.66666666666663
20260213_151714,RRCE_PNE,7566,1,75660001,100.0,100.0,9,32,4,3,3,6.0,0.22736191749572754,100.0
20260213_151714,RRCE_PNE,7566,1,75660001,100.0,100.0,10,36,5,5,5,9.0,0.25172901153564453,535.0
20260213_151714,RRCE_PNE,7566,1,75660001,100.0,100.0,11,40,6,6,4,16.0,0.2486741542816162,1290.0
20260213_151714,RRCE_PNE,7566,1,75660001,100.0,100.0,12,44,6,5,4,20.0,0.24784088134765625,1220.0
20260213_151714,RRCE_PNE,7566,1,75660001,100.0,100.0,13,48,6,7,4,32.0,0.2276930809020996,880.0
20260213_151714,RRCE_PNE,7566,1,75660001,100.0,100.0,14,52,6,10,4,48.0,0.003020048141479492,2040.0
20260213_151714,RRCE_PNE,7566,1,75660001,100.0,100.0,15,56,6,8,5,50.0,0.2767939567565918,1920.0
20260213_151714,RRCE_PNE,7566,1,75660001,100.0,100.0,16,60,7,6,4,32.0,0.22805285453796387,893.3333333333333
20260213_151714,RRCE_PNE,8740,1,87400001,100.0,100.0,1,0,0,1,1,0.0,0.17418193817138672,0.0
20260213_151714,RRCE_PNE,8740,1,87400001,100.0,100.0,2,4,0,1,1,0.0,0.17395591735839844,0.0
20260213_151714,RRCE_PNE,8740,1,87400001,100.0,100.0,3,8,0,2,2,0.0,0.19493794441223145,0.0
20260213_151714,RRCE_PNE,8740,1,87400001,100.0,100.0,4,12,0,3,3,0.0,0.19450688362121582,0.0
20260213_151714,RRCE_PNE,8740,1,87400001,100.0,100.0,5,16,0,1,1,0.0,0.17487788200378418,0.0
20260213_151714,RRCE_PNE,8740,1,87400001,100.0,100.0,6,20,0,7,4,12.0,0.0004699230194091797,1000.0
20260213_151714,RRCE_PNE,8740,1,87400001,100.0,100.0,7,24,1,10,5,30.0,0.7073779106140137,1285.0
20260213_151714,RRCE_PNE,8740,1,87400001,100.0,100.0,8,28,3,6,6,32.0,0.4669609069824219,460.0
20260213_151714,RRCE_PNE,8740,1,87400001,100.0,100.0,9,32,5,2,2,4.0,0.21341514587402344,100.0
20260213_151714,RRCE_PNE,8740,1,87400001,100.0,100.0,10,36,5,5,5,9.0,0.2511870861053467,535.0
20260213_151714,RRCE_PNE,8740,1,87400001,100.0,100.0,11,40,6,6,4,16.0,0.24889779090881348,1290.0
20260213_151714,RRCE_PNE,8740,1,87400001,100.0,100.0,12,44,6,5,4,20.0,0.248521089553833,1220.0
20260213_151714,RRCE_PNE,8740,1,87400001,100.0,100.0,13,48,6,7,4,32.0,0.22797083854675293,880.0
20260213_151714,RRCE_PNE,8740,1,87400001,100.0,100.0,14,52,6,10,4,48.0,0.0032639503479003906,2040.0
20260213_151714,RRCE_PNE,8740,1,87400001,100.0,100.0,15,56,6,8,5,50.0,0.2779860496520996,1920.0
20260213_151714,RRCE_PNE,8740,1,87400001,100.0,100.0,16,60,7,6,4,32.0,0.22744202613830566,893.3333333333333
20260213_151714,RRCE_PNE,7526,1,75260001,100.0,100.0,1,0,0,1,1,0.0,0.17540407180786133,0.0
20260213_151714,RRCE_PNE,7526,1,75260001,100.0,100.0,2,4,0,1,1,0.0,0.1746680736541748,0.0
20260213_151714,RRCE_PNE,7526,1,75260001,100.0,100.0,3,8,0,2,2,0.0,0.1962270736694336,0.0
20260213_151714,RRCE_PNE,7526,1,75260001,100.0,100.0,4,12,0,3,3,0.0,0.19772100448608398,0.0
20260213_151714,RRCE_PNE,7526,1,75260001,100.0,100.0,5,16,0,1,1,0.0,0.17543315887451172,0.0
20260213_151714,RRCE_PNE,7526,1,75260001,100.0,100.0,6,20,0,7,4,12.0,0.0005929470062255859,1000.0
20260213_151714,RRCE_PNE,7526,1,75260001,100.0,100.0,7,24,1,10,5,30.0,0.6991868019104004,1285.0
20260213_151714,RRCE_PNE,7526,1,75260001,100.0,100.0,8,28,2,6,5,10.0,0.2802908420562744,436.66666666666663
20260213_151714,RRCE_PNE,7526,1,75260001,100.0,100.0,9,32,4,3,3,6.0,0.22994017601013184,100.0
20260213_151714,RRCE_PNE,7526,1,75260001,100.0,100.0,10,36,5,5,4,4.0,0.25284910202026367,720.0
20260213_151714,RRCE_PNE,7526,1,75260001,100.0,100.0,11,40,5,7,4,12.0,0.0005681514739990234,720.0
20260213_151714,RRCE_PNE,7526,1,75260001,100.0,100.0,12,44,5,6,4,18.0,0.5286719799041748,1290.0
20260213_151714,RRCE_PNE,7526,1,75260001,100.0,100.0,13,48,5,8,3,44.0,0.0010669231414794922,813.3333333333333
20260213_151714,RRCE_PNE,7526,1,75260001,100.0,100.0,14,52,6,12,4,56.0,0.22878193855285645,1440.0
20260213_151714,RRCE_PNE,7526,1,75260001,100.0,100.0,15,56,6,10,5,50.0,0.8578410148620605,540.0
20260213_151714,RRCE_PNE,7526,1,75260001,100.0,100.0,16,60,7,8,5,40.0,0.6697518825531006,1695.0
20260213_151714,RRCE_PNE,6150,1,61500001,100.0,100.0,1,0,0,1,1,0.0,0.1745750904083252,0.0
20260213_151714,RRCE_PNE,6150,1,61500001,100.0,100.0,2,4,0,1,1,0.0,0.1739051342010498,0.0
20260213_151714,RRCE_PNE,6150,1,61500001,100.0,100.0,3,8,0,2,2,0.0,0.19519305229187012,0.0
20260213_151714,RRCE_PNE,6150,1,61500001,100.0,100.0,4,12,0,3,3,0.0,0.19430899620056152,0.0
20260213_151714,RRCE_PNE,6150,1,61500001,100.0,100.0,5,16,0,1,1,0.0,0.1744089126586914,0.0
20260213_151714,RRCE_PNE,6150,1,61500001,100.0,100.0,6,20,0,7,4,12.0,0.0004858970642089844,1000.0
20260213_151714,RRCE_PNE,6150,1,61500001,100.0,100.0,7,24,1,10,5,30.0,0.6982400417327881,1285.0
20260213_151714,RRCE_PNE,6150,1,61500001,100.0,100.0,8,28,2,6,5,10.0,0.24782919883728027,436.66666666666663
20260213_151714,RRCE_PNE,6150,1,61500001,100.0,100.0,9,32,4,3,3,6.0,0.2392740249633789,100.0
20260213_151714,RRCE_PNE,6150,1,61500001,100.0,100.0,10,36,5,5,5,9.0,0.25198793411254883,535.0
20260213_151714,RRCE_PNE,6150,1,61500001,100.0,100.0,11,40,6,6,5,26.0,0.24925494194030762,1135.0
20260213_151714,RRCE_PNE,6150,1,61500001,100.0,100.0,12,44,7,4,4,18.0,0.24885201454162598,1500.0
20260213_151714,RRCE_PNE,6150,1,61500001,100.0,100.0,13,48,7,6,4,32.0,0.400846004486084,1460.0
20260213_151714,RRCE_PNE,6150,1,61500001,100.0,100.0,14,52,7,9,4,40.0,0.0019240379333496094,2400.0
20260213_151714,RRCE_PNE,6150,1,61500001,100.0,100.0,15,56,7,7,5,45.0,0.4383270740509033,1850.0
20260213_151714,RRCE_PNE,6150,1,61500001,100.0,100.0,16,60,8,5,4,36.0,0.2276918888092041,1360.0
20260213_151714,RRCE_PNE,5660,1,56600001,100.0,100.0,1,0,0,1,1,0.0,0.17409801483154297,0.0
20260213_151714,RRCE_PNE,5660,1,56600001,100.0,100.0,2,4,0,1,1,0.0,0.17426204681396484,0.0
20260213_151714,RRCE_PNE,5660,1,56600001,100.0,100.0,3,8,0,2,2,0.0,0.20468711853027344,0.0
20260213_151714,RRCE_PNE,5660,1,56600001,100.0,100.0,4,12,0,3,3,0.0,0.19492483139038086,0.0
20260213_151714,RRCE_PNE,5660,1,56600001,100.0,100.0,5,16,0,1,1,0.0,0.17451000213623047,0.0
20260213_151714,RRCE_PNE,5660,1,56600001,100.0,100.0,6,20,0,7,4,12.0,0.0004968643188476562,1000.0
20260213_151714,RRCE_PNE,5660,1,56600001,100.0,100.0,7,24,1,10,5,30.0,0.6970558166503906,825.0
20260213_151714,RRCE_PNE,5660,1,56600001,100.0,100.0,8,28,2,6,5,10.0,0.2982821464538574,685.0
20260213_151714,RRCE_PNE,5660,1,56600001,100.0,100.0,9,32,4,3,3,6.0,0.2265639305114746,240.0
20260213_151714,RRCE_PNE,5660,1,56600001,100.0,100.0,10,36,5,5,5,9.0,0.251554012298584,535.0
20260213_151714,RRCE_PNE,5660,1,56600001,100.0,100.0,11,40,6,6,4,16.0,0.24908900260925293,1290.0
20260213_151714,RRCE_PNE,5660,1,56600001,100.0,100.0,12,44,6,5,4,20.0,0.261613130569458,1220.0
20260213_151714,RRCE_PNE,5660,1,56600001,100.0,100.0,13,48,6,7,4,32.0,0.22985506057739258,880.0
20260213_151714,RRCE_PNE,5660,1,56600001,100.0,100.0,14,52,6,10,4,48.0,0.00391697883605957,2040.0
20260213_151714,RRCE_PNE,5660,1,56600001,100.0,100.0,15,56,6,8,5,50.0,0.2795600891113281,1920.0
20260213_151714,RRCE_PNE,5660,1,56600001,100.0,100.0,16,60,7,6,4,32.0,0.22951292991638184,893.3333333333333
20260213_151714,RRCE_PNE,1036,1,10360001,100.0,100.0,1,0,0,1,1,0.0,0.17592906951904297,0.0
20260213_151714,RRCE_PNE,1036,1,10360001,100.0,100.0,2,4,0,1,1,0.0,0.1754150390625,0.0
20260213_151714,RRCE_PNE,1036,1,10360001,100.0,100.0,3,8,0,2,2,0.0,0.19586181640625,0.0
20260213_151714,RRCE_PNE,1036,1,10360001,100.0,100.0,4,12,0,3,3,0.0,0.19642996788024902,0.0
20260213_151714,RRCE_PNE,1036,1,10360001,100.0,100.0,5,16,0,1,1,0.0,0.17655110359191895,0.0
20260213_151714,RRCE_PNE,1036,1,10360001,100.0,100.0,6,20,0,7,4,12.0,0.0005738735198974609,1000.0
20260213_151714,RRCE_PNE,1036,1,10360001,100.0,100.0,7,24,1,10,5,30.0,0.7041909694671631,1250.0
20260213_151714,RRCE_PNE,1036,1,10360001,100.0,100.0,8,28,2,6,5,10.0,0.5506110191345215,720.0
20260213_151714,RRCE_PNE,1036,1,10360001,100.0,100.0,9,32,4,3,3,6.0,0.20374202728271484,170.0
20260213_151714,RRCE_PNE,1036,1,10360001,100.0,100.0,10,36,5,5,5,9.0,0.2521400451660156,535.0
20260213_151714,RRCE_PNE,1036,1,10360001,100.0,100.0,11,40,6,6,4,16.0,0.2494220733642578,1290.0
20260213_151714,RRCE_PNE,1036,1,10360001,100.0,100.0,12,44,6,5,4,20.0,0.2488689422607422,1220.0
20260213_151714,RRCE_PNE,1036,1,10360001,100.0,100.0,13,48,6,7,4,32.0,0.22891688346862793,880.0
20260213_151714,RRCE_PNE,1036,1,10360001,100.0,100.0,14,52,6,10,4,48.0,0.003114938735961914,2040.0
20260213_151714,RRCE_PNE,1036,1,10360001,100.0,100.0,15,56,6,8,5,50.0,0.2781860828399658,1920.0
20260213_151714,RRCE_PNE,1036,1,10360001,100.0,100.0,16,60,7,6,4,32.0,0.23895812034606934,893.3333333333333
20260213_151714,RRCE_PNE,7209,1,72090001,100.0,100.0,1,0,0,1,1,0.0,0.17456603050231934,0.0
20260213_151714,RRCE_PNE,7209,1,72090001,100.0,100.0,2,4,0,1,1,0.0,0.1741790771484375,0.0
20260213_151714,RRCE_PNE,7209,1,72090001,100.0,100.0,3,8,0,2,2,0.0,0.19457221031188965,0.0
20260213_151714,RRCE_PNE,7209,1,72090001,100.0,100.0,4,12,0,3,3,0.0,0.19486594200134277,0.0
20260213_151714,RRCE_PNE,7209,1,72090001,100.0,100.0,5,16,0,1,1,0.0,0.17419791221618652,0.0
20260213_151714,RRCE_PNE,7209,1,72090001,100.0,100.0,6,20,0,7,4,12.0,0.0004398822784423828,1000.0
20260213_151714,RRCE_PNE,7209,1,72090001,100.0,100.0,7,24,1,10,5,30.0,0.6968700885772705,1285.0
20260213_151714,RRCE_PNE,7209,1,72090001,100.0,100.0,8,28,2,6,5,10.0,0.2485370635986328,395.0
20260213_151714,RRCE_PNE,7209,1,72090001,100.0,100.0,9,32,4,3,3,6.0,0.2032480239868164,170.0
20260213_151714,RRCE_PNE,7209,1,72090001,100.0,100.0,10,36,5,5,5,9.0,0.25131702423095703,535.0
20260213_151714,RRCE_PNE,7209,1,72090001,100.0,100.0,11,40,6,6,4,16.0,0.2487950325012207,1290.0
20260213_151714,RRCE_PNE,7209,1,72090001,100.0,100.0,12,44,6,5,4,20.0,0.24811601638793945,1220.0
20260213_151714,RRCE_PNE,7209,1,72090001,100.0,100.0,13,48,6,7,4,32.0,0.22698211669921875,880.0
20260213_151714,RRCE_PNE,7209,1,72090001,100.0,100.0,14,52,6,10,4,48.0,0.0033249855041503906,2040.0
20260213_151714,RRCE_PNE,7209,1,72090001,100.0,100.0,15,56,6,8,5,50.0,0.28836512565612793,1920.0
20260213_151714,RRCE_PNE,7209,1,72090001,100.0,100.0,16,60,7,6,4,32.0,0.22917413711547852,893.3333333333333
20260213_151714,RRCE_PNE,3106,1,31060001,100.0,100.0,1,0,0,1,1,0.0,0.1759660243988037,0.0
20260213_151714,RRCE_PNE,3106,1,31060001,100.0,100.0,2,4,0,1,1,0.0,0.17478418350219727,0.0
20260213_151714,RRCE_PNE,3106,1,31060001,100.0,100.0,3,8,0,2,2,0.0,0.19512295722961426,0.0
20260213_151714,RRCE_PNE,3106,1,31060001,100.0,100.0,4,12,0,3,3,0.0,0.19501495361328125,0.0
20260213_151714,RRCE_PNE,3106,1,31060001,100.0,100.0,5,16,0,1,1,0.0,0.174177885055542,0.0
20260213_151714,RRCE_PNE,3106,1,31060001,100.0,100.0,6,20,0,7,4,12.0,0.0004870891571044922,1000.0
20260213_151714,RRCE_PNE,3106,1,31060001,100.0,100.0,7,24,1,10,5,30.0,0.7060768604278564,825.0
20260213_151714,RRCE_PNE,3106,1,31060001,100.0,100.0,8,28,2,6,5,10.0,0.5160930156707764,395.0
20260213_151714,RRCE_PNE,3106,1,31060001,100.0,100.0,9,32,4,3,3,6.0,0.22707891464233398,240.0
20260213_151714,RRCE_PNE,3106,1,31060001,100.0,100.0,10,36,5,5,5,9.0,0.2531609535217285,535.0
20260213_151714,RRCE_PNE,3106,1,31060001,100.0,100.0,11,40,6,6,4,16.0,0.2502858638763428,1290.0
20260213_151714,RRCE_PNE,3106,1,31060001,100.0,100.0,12,44,6,5,4,20.0,0.25039100646972656,1220.0
20260213_151714,RRCE_PNE,3106,1,31060001,100.0,100.0,13,48,6,7,4,32.0,0.2294788360595703,880.0
20260213_151714,RRCE_PNE,3106,1,31060001,100.0,100.0,14,52,6,10,4,48.0,0.003941059112548828,2040.0
20260213_151714,RRCE_PNE,3106,1,31060001,100.0,100.0,15,56,6,8,5,50.0,0.27853822708129883,1920.0
20260213_151714,RRCE_PNE,3106,1,31060001,100.0,100.0,16,60,7,6,4,32.0,0.23002910614013672,893.3333333333333
20260213_151714,RRCE_PNE,5042,1,50420001,100.0,100.0,1,0,0,1,1,0.0,0.17650198936462402,0.0
20260213_151714,RRCE_PNE,5042,1,50420001,100.0,100.0,2,4,0,1,1,0.0,0.17682099342346191,0.0
20260213_151714,RRCE_PNE,5042,1,50420001,100.0,100.0,3,8,0,2,2,0.0,0.19615912437438965,0.0
20260213_151714,RRCE_PNE,5042,1,50420001,100.0,100.0,4,12,0,3,3,0.0,0.19737505912780762,0.0
20260213_151714,RRCE_PNE,5042,1,50420001,100.0,100.0,5,16,0,1,1,0.0,0.17666101455688477,0.0
20260213_151714,RRCE_PNE,5042,1,50420001,100.0,100.0,6,20,0,7,4,12.0,0.0005960464477539062,1000.0
20260213_151714,RRCE_PNE,5042,1,50420001,100.0,100.0,7,24,1,10,5,30.0,0.9479491710662842,966.6666666666667
20260213_151714,RRCE_PNE,5042,1,50420001,100.0,100.0,8,28,2,6,5,10.0,0.2536489963531494,303.3333333333333
20260213_151714,RRCE_PNE,5042,1,50420001,100.0,100.0,9,32,4,3,3,6.0,0.20428800582885742,170.0
20260213_151714,RRCE_PNE,5042,1,50420001,100.0,100.0,10,36,5,5,5,9.0,0.2521190643310547,535.0
20260213_151714,RRCE_PNE,5042,1,50420001,100.0,100.0,11,40,6,6,4,16.0,0.24848008155822754,1290.0
20260213_151714,RRCE_PNE,5042,1,50420001,100.0,100.0,12,44,6,5,3,16.0,0.24973106384277344,1290.0
20260213_151714,RRCE_PNE,5042,1,50420001,100.0,100.0,13,48,5,8,4,52.0,0.0008020401000976562,838.3333333333333
20260213_151714,RRCE_PNE,5042,1,50420001,100.0,100.0,14,52,7,11,4,48.0,0.006000041961669922,1740.0
20260213_151714,RRCE_PNE,5042,1,50420001,100.0,100.0,15,56,7,9,5,45.0,0.42693185806274414,1570.0
20260213_151714,RRCE_PNE,5042,1,50420001,100.0,100.0,16,60,8,7,5,45.0,0.2539479732513428,1380.0
20260213_151714,RRCE_PNE,7779,1,77790001,100.0,100.0,1,0,0,1,1,0.0,0.17574405670166016,0.0
20260213_151714,RRCE_PNE,7779,1,77790001,100.0,100.0,2,4,0,1,1,0.0,0.17604494094848633,0.0
20260213_151714,RRCE_PNE,7779,1,77790001,100.0,100.0,3,8,0,2,2,0.0,0.1961841583251953,0.0
20260213_151714,RRCE_PNE,7779,1,77790001,100.0,100.0,4,12,0,3,3,0.0,0.19539117813110352,0.0
20260213_151714,RRCE_PNE,7779,1,77790001,100.0,100.0,5,16,0,1,1,0.0,0.17591595649719238,0.0
20260213_151714,RRCE_PNE,7779,1,77790001,100.0,100.0,6,20,0,7,4,12.0,0.0004780292510986328,1000.0
20260213_151714,RRCE_PNE,7779,1,77790001,100.0,100.0,7,24,1,10,5,30.0,0.698685884475708,1250.0
20260213_151714,RRCE_PNE,7779,1,77790001,100.0,100.0,8,28,2,6,5,10.0,0.3017160892486572,720.0
20260213_151714,RRCE_PNE,7779,1,77790001,100.0,100.0,9,32,4,3,3,6.0,0.2286357879638672,240.0
20260213_151714,RRCE_PNE,7779,1,77790001,100.0,100.0,10,36,5,5,5,9.0,0.26473283767700195,535.0
20260213_151714,RRCE_PNE,7779,1,77790001,100.0,100.0,11,40,6,6,4,16.0,0.2500448226928711,1290.0
20260213_151714,RRCE_PNE,7779,1,77790001,100.0,100.0,12,44,6,5,4,20.0,0.2486128807067871,1220.0
20260213_151714,RRCE_PNE,7779,1,77790001,100.0,100.0,13,48,6,7,4,32.0,0.23952984809875488,880.0
20260213_151714,RRCE_PNE,7779,1,77790001,100.0,100.0,14,52,6,10,4,48.0,0.0034508705139160156,2040.0
20260213_151714,RRCE_PNE,7779,1,77790001,100.0,100.0,15,56,6,8,5,50.0,0.27993297576904297,1920.0
20260213_151714,RRCE_PNE,7779,1,77790001,100.0,100.0,16,60,7,6,4,32.0,0.2288990020751953,893.3333333333333
20260213_151714,RRCE_PNE,2047,1,20470001,100.0,100.0,1,0,0,1,1,0.0,0.17519783973693848,0.0
20260213_151714,RRCE_PNE,2047,1,20470001,100.0,100.0,2,4,0,1,1,0.0,0.17522501945495605,0.0
20260213_151714,RRCE_PNE,2047,1,20470001,100.0,100.0,3,8,0,2,2,0.0,0.1961500644683838,0.0
20260213_151714,RRCE_PNE,2047,1,20470001,100.0,100.0,4,12,0,3,3,0.0,0.19637608528137207,0.0
20260213_151714,RRCE_PNE,2047,1,20470001,100.0,100.0,5,16,0,1,1,0.0,0.17591404914855957,0.0
20260213_151714,RRCE_PNE,2047,1,20470001,100.0,100.0,6,20,0,7,4,12.0,0.0004630088806152344,1000.0
20260213_151714,RRCE_PNE,2047,1,20470001,100.0,100.0,7,24,1,10,5,30.0,0.7070791721343994,1285.0
20260213_151714,RRCE_PNE,2047,1,20470001,100.0,100.0,8,28,2,6,5,10.0,0.2798919677734375,395.0
20260213_151714,RRCE_PNE,2047,1,20470001,100.0,100.0,9,32,4,3,3,6.0,0.21459412574768066,170.0
20260213_151714,RRCE_PNE,2047,1,20470001,100.0,100.0,10,36,5,5,5,9.0,0.264894962310791,535.0
20260213_151714,RRCE_PNE,2047,1,20470001,100.0,100.0,11,40,6,6,4,16.0,0.26192593574523926,1290.0
20260213_151714,RRCE_PNE,2047,1,20470001,100.0,100.0,12,44,6,5,4,20.0,0.25496411323547363,1220.0
20260213_151714,RRCE_PNE,2047,1,20470001,100.0,100.0,13,48,6,7,4,32.0,0.23117399215698242,880.0
20260213_151714,RRCE_PNE,2047,1,20470001,100.0,100.0,14,52,6,10,4,48.0,0.004121065139770508,2040.0
20260213_151714,RRCE_PNE,2047,1,20470001,100.0,100.0,15,56,6,8,5,50.0,0.2910490036010742,1920.0
20260213_151714,RRCE_PNE,2047,1,20470001,100.0,100.0,16,60,7,6,4,32.0,0.23237204551696777,893.3333333333333
20260213_151714,RRCE_PNE,4489,1,44890001,100.0,100.0,1,0,0,1,1,0.0,0.17635798454284668,0.0
20260213_151714,RRCE_PNE,4489,1,44890001,100.0,100.0,2,4,0,1,1,0.0,0.17618894577026367,0.0
20260213_151714,RRCE_PNE,4489,1,44890001,100.0,100.0,3,8,0,2,2,0.0,0.19790196418762207,0.0
20260213_151714,RRCE_PNE,4489,1,44890001,100.0,100.0,4,12,0,3,3,0.0,0.19985699653625488,0.0
20260213_151714,RRCE_PNE,4489,1,44890001,100.0,100.0,5,16,0,1,1,0.0,0.18685698509216309,0.0
20260213_151714,RRCE_PNE,4489,1,44890001,100.0,100.0,6,20,0,7,4,12.0,0.0005939006805419922,1000.0
20260213_151714,RRCE_PNE,4489,1,44890001,100.0,100.0,7,24,1,10,5,30.0,0.9400019645690918,825.0
20260213_151714,RRCE_PNE,4489,1,44890001,100.0,100.0,8,28,2,6,5,10.0,0.29860997200012207,395.0
20260213_151714,RRCE_PNE,4489,1,44890001,100.0,100.0,9,32,4,3,3,6.0,0.22877287864685059,240.0
20260213_151714,RRCE_PNE,4489,1,44890001,100.0,100.0,10,36,5,5,5,9.0,0.2533609867095947,535.0
20260213_151714,RRCE_PNE,4489,1,44890001,100.0,100.0,11,40,6,6,4,16.0,0.24978899955749512,1290.0
20260213_151714,RRCE_PNE,4489,1,44890001,100.0,100.0,12,44,6,5,4,20.0,0.24944686889648438,1220.0
20260213_151714,RRCE_PNE,4489,1,44890001,100.0,100.0,13,48,6,7,4,32.0,0.22988581657409668,880.0
20260213_151714,RRCE_PNE,4489,1,44890001,100.0,100.0,14,52,6,10,4,48.0,0.0030059814453125,2040.0
20260213_151714,RRCE_PNE,4489,1,44890001,100.0,100.0,15,56,6,8,5,50.0,0.27906107902526855,1920.0
20260213_151714,RRCE_PNE,4489,1,44890001,100.0,100.0,16,60,7,6,4,32.0,0.22918319702148438,893.3333333333333
20260213_151714,RRCE_PNE,4902,1,49020001,100.0,100.0,1,0,0,1,1,0.0,0.1762409210205078,0.0
20260213_151714,RRCE_PNE,4902,1,49020001,100.0,100.0,2,4,0,1,1,0.0,0.1762549877166748,0.0
20260213_151714,RRCE_PNE,4902,1,49020001,100.0,100.0,3,8,0,2,2,0.0,0.1962120532989502,0.0
20260213_151714,RRCE_PNE,4902,1,49020001,100.0,100.0,4,12,0,3,3,0.0,0.20819592475891113,0.0
20260213_151714,RRCE_PNE,4902,1,49020001,100.0,100.0,5,16,0,1,1,0.0,0.17563891410827637,0.0
20260213_151714,RRCE_PNE,4902,1,49020001,100.0,100.0,6,20,0,7,4,12.0,0.00045990943908691406,1000.0
20260213_151714,RRCE_PNE,4902,1,49020001,100.0,100.0,7,24,1,10,5,30.0,0.6966438293457031,825.0
20260213_151714,RRCE_PNE,4902,1,49020001,100.0,100.0,8,28,2,6,5,10.0,0.2983219623565674,395.0
20260213_151714,RRCE_PNE,4902,1,49020001,100.0,100.0,9,32,4,3,3,6.0,0.21516799926757812,170.0
20260213_151714,RRCE_PNE,4902,1,49020001,100.0,100.0,10,36,5,5,5,9.0,0.25295090675354004,535.0
20260213_151714,RRCE_PNE,4902,1,49020001,100.0,100.0,11,40,6,6,4,16.0,0.24972295761108398,1290.0
20260213_151714,RRCE_PNE,4902,1,49020001,100.0,100.0,12,44,6,5,4,20.0,0.2501518726348877,1220.0
20260213_151714,RRCE_PNE,4902,1,49020001,100.0,100.0,13,48,6,7,4,32.0,0.22990798950195312,880.0
20260213_151714,RRCE_PNE,4902,1,49020001,100.0,100.0,14,52,6,10,4,48.0,0.00415802001953125,2040.0
20260213_151714,RRCE_PNE,4902,1,49020001,100.0,100.0,15,56,6,8,5,50.0,0.27924108505249023,1920.0
20260213_151714,RRCE_PNE,4902,1,49020001,100.0,100.0,16,60,7,6,4,32.0,0.22953319549560547,893.3333333333333
20260213_151714,RRCE_PNE,8084,1,80840001,100.0,100.0,1,0,0,1,1,0.0,0.1758260726928711,0.0
20260213_151714,RRCE_PNE,8084,1,80840001,100.0,100.0,2,4,0,1,1,0.0,0.17718505859375,0.0
20260213_151714,RRCE_PNE,8084,1,80840001,100.0,100.0,3,8,0,2,2,0.0,0.19570207595825195,0.0
20260213_151714,RRCE_PNE,8084,1,80840001,100.0,100.0,4,12,0,3,3,0.0,0.19532179832458496,0.0
20260213_151714,RRCE_PNE,8084,1,80840001,100.0,100.0,5,16,0,1,1,0.0,0.1748659610748291,0.0
20260213_151714,RRCE_PNE,8084,1,80840001,100.0,100.0,6,20,0,7,4,12.0,0.00047397613525390625,1000.0
20260213_151714,RRCE_PNE,8084,1,80840001,100.0,100.0,7,24,1,10,5,30.0,0.7096669673919678,1285.0
20260213_151714,RRCE_PNE,8084,1,80840001,100.0,100.0,8,28,3,6,5,10.0,0.36201000213623047,200.0
20260213_151714,RRCE_PNE,8084,1,80840001,100.0,100.0,9,32,4,3,3,6.0,0.20351815223693848,170.0
20260213_151714,RRCE_PNE,8084,1,80840001,100.0,100.0,10,36,5,5,5,9.0,0.2528879642486572,535.0
20260213_151714,RRCE_PNE,8084,1,80840001,100.0,100.0,11,40,6,6,4,16.0,0.2490231990814209,1290.0
20260213_151714,RRCE_PNE,8084,1,80840001,100.0,100.0,12,44,6,5,4,20.0,0.2507588863372803,1220.0
20260213_151714,RRCE_PNE,8084,1,80840001,100.0,100.0,13,48,6,7,4,32.0,0.22956585884094238,880.0
20260213_151714,RRCE_PNE,8084,1,80840001,100.0,100.0,14,52,6,10,4,48.0,0.004091024398803711,2040.0
20260213_151714,RRCE_PNE,8084,1,80840001,100.0,100.0,15,56,6,8,5,50.0,0.2790868282318115,1920.0
20260213_151714,RRCE_PNE,8084,1,80840001,100.0,100.0,16,60,7,6,4,32.0,0.2287449836730957,893.3333333333333
20260213_151714,RRCE_PNE,6811,1,68110001,100.0,100.0,1,0,0,1,1,0.0,0.17630600929260254,0.0
20260213_151714,RRCE_PNE,6811,1,68110001,100.0,100.0,2,4,0,1,1,0.0,0.17647004127502441,0.0
20260213_151714,RRCE_PNE,6811,1,68110001,100.0,100.0,3,8,0,2,2,0.0,0.19631195068359375,0.0
20260213_151714,RRCE_PNE,6811,1,68110001,100.0,100.0,4,12,0,3,3,0.0,0.1967329978942871,0.0
20260213_151714,RRCE_PNE,6811,1,68110001,100.0,100.0,5,16,0,1,1,0.0,0.17559099197387695,0.0
20260213_151714,RRCE_PNE,6811,1,68110001,100.0,100.0,6,20,0,7,4,12.0,0.0005679130554199219,1000.0
20260213_151714,RRCE_PNE,6811,1,68110001,100.0,100.0,7,24,1,10,5,30.0,0.921273946762085,1285.0
20260213_151714,RRCE_PNE,6811,1,68110001,100.0,100.0,8,28,2,6,5,10.0,0.24770617485046387,436.66666666666663
20260213_151714,RRCE_PNE,6811,1,68110001,100.0,100.0,9,32,4,3,3,6.0,0.22766995429992676,100.0
20260213_151714,RRCE_PNE,6811,1,68110001,100.0,100.0,10,36,5,5,5,9.0,0.26451778411865234,535.0
20260213_151714,RRCE_PNE,6811,1,68110001,100.0,100.0,11,40,6,6,3,12.0,0.2501530647277832,860.0
20260213_151714,RRCE_PNE,6811,1,68110001,100.0,100.0,12,44,5,6,4,18.0,0.26018595695495605,790.0
20260213_151714,RRCE_PNE,6811,1,68110001,100.0,100.0,13,48,5,8,5,44.0,0.253497838973999,983.3333333333333
20260213_151714,RRCE_PNE,6811,1,68110001,100.0,100.0,14,52,6,10,4,48.0,0.0031099319458007812,2040.0
20260213_151714,RRCE_PNE,6811,1,68110001,100.0,100.0,15,56,6,8,5,50.0,0.27986693382263184,1920.0
20260213_151714,RRCE_PNE,6811,1,68110001,100.0,100.0,16,60,7,6,4,32.0,0.22881603240966797,893.3333333333333
20260213_151714,RRCE_PNE,2732,1,27320001,100.0,100.0,1,0,0,1,1,0.0,0.17639994621276855,0.0
20260213_151714,RRCE_PNE,2732,1,27320001,100.0,100.0,2,4,0,1,1,0.0,0.17574596405029297,0.0
20260213_151714,RRCE_PNE,2732,1,27320001,100.0,100.0,3,8,0,2,2,0.0,0.19582390785217285,0.0
20260213_151714,RRCE_PNE,2732,1,27320001,100.0,100.0,4,12,0,3,3,0.0,0.19624996185302734,0.0
20260213_151714,RRCE_PNE,2732,1,27320001,100.0,100.0,5,16,0,1,1,0.0,0.1754910945892334,0.0
20260213_151714,RRCE_PNE,2732,1,27320001,100.0,100.0,6,20,0,7,4,12.0,0.0004999637603759766,1000.0
20260213_151714,RRCE_PNE,2732,1,27320001,100.0,100.0,7,24,1,10,5,30.0,0.6988730430603027,966.6666666666667
20260213_151714,RRCE_PNE,2732,1,27320001,100.0,100.0,8,28,2,6,5,10.0,0.2536599636077881,303.3333333333333
20260213_151714,RRCE_PNE,2732,1,27320001,100.0,100.0,9,32,4,3,3,6.0,0.20453095436096191,170.0
20260213_151714,RRCE_PNE,2732,1,27320001,100.0,100.0,10,36,5,5,4,4.0,0.25264501571655273,720.0
20260213_151714,RRCE_PNE,2732,1,27320001,100.0,100.0,11,40,5,7,4,12.0,0.0004980564117431641,720.0
20260213_151714,RRCE_PNE,2732,1,27320001,100.0,100.0,12,44,5,6,4,18.0,0.2743980884552002,1290.0
20260213_151714,RRCE_PNE,2732,1,27320001,100.0,100.0,13,48,5,8,3,44.0,0.0008699893951416016,813.3333333333333
20260213_151714,RRCE_PNE,2732,1,27320001,100.0,100.0,14,52,6,12,4,56.0,0.013432025909423828,1440.0
20260213_151714,RRCE_PNE,2732,1,27320001,100.0,100.0,15,56,6,10,5,50.0,0.49513697624206543,540.0
20260213_151714,RRCE_PNE,2732,1,27320001,100.0,100.0,16,60,7,8,5,40.0,0.4268300533294678,1695.0
20260213_151714,RRCE_PNE,3069,1,30690001,100.0,100.0,1,0,0,1,1,0.0,0.1754310131072998,0.0
20260213_151714,RRCE_PNE,3069,1,30690001,100.0,100.0,2,4,0,1,1,0.0,0.17519688606262207,0.0
20260213_151714,RRCE_PNE,3069,1,30690001,100.0,100.0,3,8,0,2,2,0.0,0.19537615776062012,0.0
20260213_151714,RRCE_PNE,3069,1,30690001,100.0,100.0,4,12,0,3,3,0.0,0.2064530849456787,0.0
20260213_151714,RRCE_PNE,3069,1,30690001,100.0,100.0,5,16,0,1,1,0.0,0.17560505867004395,0.0
20260213_151714,RRCE_PNE,3069,1,30690001,100.0,100.0,6,20,0,7,4,12.0,0.0005650520324707031,1000.0
20260213_151714,RRCE_PNE,3069,1,30690001,100.0,100.0,7,24,1,10,5,30.0,0.7008957862854004,1285.0
20260213_151714,RRCE_PNE,3069,1,30690001,100.0,100.0,8,28,2,6,4,8.0,0.24873113632202148,360.0
20260213_151714,RRCE_PNE,3069,1,30690001,100.0,100.0,9,32,3,4,4,8.0,0.32040905952453613,170.0
20260213_151714,RRCE_PNE,3069,1,30690001,100.0,100.0,10,36,5,5,5,9.0,0.25372791290283203,535.0
20260213_151714,RRCE_PNE,3069,1,30690001,100.0,100.0,11,40,6,6,4,16.0,0.2493429183959961,1290.0
20260213_151714,RRCE_PNE,3069,1,30690001,100.0,100.0,12,44,6,5,4,20.0,0.2502908706665039,1220.0
20260213_151714,RRCE_PNE,3069,1,30690001,100.0,100.0,13,48,6,7,4,32.0,0.22975683212280273,880.0
20260213_151714,RRCE_PNE,3069,1,30690001,100.0,100.0,14,52,6,10,4,48.0,0.004191875457763672,2040.0
20260213_151714,RRCE_PNE,3069,1,30690001,100.0,100.0,15,56,6,8,5,50.0,0.28041720390319824,1920.0
20260213_151714,RRCE_PNE,3069,1,30690001,100.0,100.0,16,60,7,6,4,32.0,0.23144888877868652,893.3333333333333
20260213_151714,RRCE_PNE,4457,1,44570001,100.0,100.0,1,0,0,1,1,0.0,0.17710208892822266,0.0
20260213_151714,RRCE_PNE,4457,1,44570001,100.0,100.0,2,4,0,1,1,0.0,0.42681097984313965,0.0
20260213_151714,RRCE_PNE,4457,1,44570001,100.0,100.0,3,8,0,2,2,0.0,0.19618701934814453,0.0
20260213_151714,RRCE_PNE,4457,1,44570001,100.0,100.0,4,12,0,3,3,0.0,0.19677114486694336,0.0
20260213_151714,RRCE_PNE,4457,1,44570001,100.0,100.0,5,16,0,1,1,0.0,0.17577600479125977,0.0
20260213_151714,RRCE_PNE,4457,1,44570001,100.0,100.0,6,20,0,7,4,12.0,0.0004360675811767578,1000.0
20260213_151714,RRCE_PNE,4457,1,44570001,100.0,100.0,7,24,1,10,5,30.0,0.6980290412902832,1285.0
20260213_151714,RRCE_PNE,4457,1,44570001,100.0,100.0,8,28,2,6,5,10.0,0.25791478157043457,395.0
20260213_151714,RRCE_PNE,4457,1,44570001,100.0,100.0,9,32,4,3,3,6.0,0.20394301414489746,170.0
20260213_151714,RRCE_PNE,4457,1,44570001,100.0,100.0,10,36,5,5,5,9.0,0.2522709369659424,535.0
20260213_151714,RRCE_PNE,4457,1,44570001,100.0,100.0,11,40,6,6,4,16.0,0.24982905387878418,1290.0
20260213_151714,RRCE_PNE,4457,1,44570001,100.0,100.0,12,44,6,5,4,20.0,0.24948906898498535,1220.0
20260213_151714,RRCE_PNE,4457,1,44570001,100.0,100.0,13,48,6,7,4,32.0,0.2286241054534912,880.0
20260213_151714,RRCE_PNE,4457,1,44570001,100.0,100.0,14,52,6,10,4,48.0,0.0031299591064453125,2040.0
20260213_151714,RRCE_PNE,4457,1,44570001,100.0,100.0,15,56,6,8,5,50.0,0.27991390228271484,1920.0
20260213_151714,RRCE_PNE,4457,1,44570001,100.0,100.0,16,60,7,6,4,32.0,0.22861599922180176,893.3333333333333
20260213_151714,RRCE_PNE,5680,1,56800001,100.0,100.0,1,0,0,1,1,0.0,0.17511796951293945,0.0
20260213_151714,RRCE_PNE,5680,1,56800001,100.0,100.0,2,4,0,1,1,0.0,0.17588210105895996,0.0
20260213_151714,RRCE_PNE,5680,1,56800001,100.0,100.0,3,8,0,2,2,0.0,0.19545888900756836,0.0
20260213_151714,RRCE_PNE,5680,1,56800001,100.0,100.0,4,12,0,3,3,0.0,0.19637703895568848,0.0
20260213_151714,RRCE_PNE,5680,1,56800001,100.0,100.0,5,16,0,1,1,0.0,0.17520809173583984,0.0
20260213_151714,RRCE_PNE,5680,1,56800001,100.0,100.0,6,20,0,7,4,12.0,0.0004799365997314453,1000.0
20260213_151714,RRCE_PNE,5680,1,56800001,100.0,100.0,7,24,1,10,5,30.0,0.7119340896606445,1250.0
20260213_151714,RRCE_PNE,5680,1,56800001,100.0,100.0,8,28,2,6,5,10.0,0.2994120121002197,436.66666666666663
20260213_151714,RRCE_PNE,5680,1,56800001,100.0,100.0,9,32,4,3,3,6.0,0.2297370433807373,100.0
20260213_151714,RRCE_PNE,5680,1,56800001,100.0,100.0,10,36,5,5,5,9.0,0.2543489933013916,535.0
20260213_151714,RRCE_PNE,5680,1,56800001,100.0,100.0,11,40,6,6,4,16.0,0.2503080368041992,1290.0
20260213_151714,RRCE_PNE,5680,1,56800001,100.0,100.0,12,44,6,5,4,20.0,0.24998211860656738,1220.0
20260213_151714,RRCE_PNE,5680,1,56800001,100.0,100.0,13,48,6,7,4,32.0,0.22931599617004395,880.0
20260213_151714,RRCE_PNE,5680,1,56800001,100.0,100.0,14,52,6,10,4,48.0,0.0033080577850341797,2040.0
20260213_151714,RRCE_PNE,5680,1,56800001,100.0,100.0,15,56,6,8,5,50.0,0.28990602493286133,1920.0
20260213_151714,RRCE_PNE,5680,1,56800001,100.0,100.0,16,60,7,6,4,32.0,0.22949910163879395,893.3333333333333
20260213_151714,RRCE_PNE,6485,1,64850001,100.0,100.0,1,0,0,1,1,0.0,0.17692089080810547,0.0
20260213_151714,RRCE_PNE,6485,1,64850001,100.0,100.0,2,4,0,1,1,0.0,0.17533588409423828,0.0
20260213_151714,RRCE_PNE,6485,1,64850001,100.0,100.0,3,8,0,2,2,0.0,0.19624590873718262,0.0
20260213_151714,RRCE_PNE,6485,1,64850001,100.0,100.0,4,12,0,3,3,0.0,0.19571685791015625,0.0
20260213_151714,RRCE_PNE,6485,1,64850001,100.0,100.0,5,16,0,1,1,0.0,0.17539095878601074,0.0
20260213_151714,RRCE_PNE,6485,1,64850001,100.0,100.0,6,20,0,7,4,12.0,0.0005199909210205078,1000.0
20260213_151714,RRCE_PNE,6485,1,64850001,100.0,100.0,7,24,1,10,5,30.0,0.7015550136566162,1285.0
20260213_151714,RRCE_PNE,6485,1,64850001,100.0,100.0,8,28,3,6,5,10.0,0.26828598976135254,395.0
20260213_151714,RRCE_PNE,6485,1,64850001,100.0,100.0,9,32,4,3,3,6.0,0.24163198471069336,240.0
20260213_151714,RRCE_PNE,6485,1,64850001,100.0,100.0,10,36,5,5,5,9.0,0.2533900737762451,535.0
20260213_151714,RRCE_PNE,6485,1,64850001,100.0,100.0,11,40,6,6,5,26.0,0.25086498260498047,1135.0
20260213_151714,RRCE_PNE,6485,1,64850001,100.0,100.0,12,44,7,4,4,18.0,0.2503211498260498,1500.0
20260213_151714,RRCE_PNE,6485,1,64850001,100.0,100.0,13,48,7,6,4,32.0,0.22938895225524902,1460.0
20260213_151714,RRCE_PNE,6485,1,64850001,100.0,100.0,14,52,7,9,4,40.0,0.0020530223846435547,2400.0
20260213_151714,RRCE_PNE,6485,1,64850001,100.0,100.0,15,56,7,7,5,45.0,0.2551231384277344,1850.0
20260213_151714,RRCE_PNE,6485,1,64850001,100.0,100.0,16,60,8,5,4,36.0,0.23022103309631348,1360.0
20260213_151714,RRCE_PNE,3287,1,32870001,100.0,100.0,1,0,0,1,1,0.0,0.17700695991516113,0.0
20260213_151714,RRCE_PNE,3287,1,32870001,100.0,100.0,2,4,0,1,1,0.0,0.17798495292663574,0.0
20260213_151714,RRCE_PNE,3287,1,32870001,100.0,100.0,3,8,0,2,2,0.0,0.4224510192871094,0.0
20260213_151714,RRCE_PNE,3287,1,32870001,100.0,100.0,4,12,0,3,3,0.0,0.19673991203308105,0.0
20260213_151714,RRCE_PNE,3287,1,32870001,100.0,100.0,5,16,0,1,1,0.0,0.17634081840515137,0.0
20260213_151714,RRCE_PNE,3287,1,32870001,100.0,100.0,6,20,0,7,4,12.0,0.00045013427734375,1000.0
20260213_151714,RRCE_PNE,3287,1,32870001,100.0,100.0,7,24,1,10,5,30.0,0.6981041431427002,1285.0
20260213_151714,RRCE_PNE,3287,1,32870001,100.0,100.0,8,28,2,6,4,8.0,0.2494211196899414,400.0
20260213_151714,RRCE_PNE,3287,1,32870001,100.0,100.0,9,32,3,4,4,8.0,0.22954583168029785,170.0
20260213_151714,RRCE_PNE,3287,1,32870001,100.0,100.0,10,36,5,5,4,4.0,0.2548840045928955,720.0
20260213_151714,RRCE_PNE,3287,1,32870001,100.0,100.0,11,40,5,7,4,12.0,0.00043201446533203125,720.0
20260213_151714,RRCE_PNE,3287,1,32870001,100.0,100.0,12,44,5,6,4,18.0,0.27597594261169434,1290.0
20260213_151714,RRCE_PNE,3287,1,32870001,100.0,100.0,13,48,5,8,3,44.0,0.0007870197296142578,813.3333333333333
20260213_151714,RRCE_PNE,3287,1,32870001,100.0,100.0,14,52,6,12,4,56.0,0.013367176055908203,1440.0
20260213_151714,RRCE_PNE,3287,1,32870001,100.0,100.0,15,56,6,10,5,50.0,0.4992978572845459,540.0
20260213_151714,RRCE_PNE,3287,1,32870001,100.0,100.0,16,60,7,8,5,40.0,0.4275319576263428,1695.0
20260213_151714,RRCE_PNE,8179,1,81790001,100.0,100.0,1,0,0,1,1,0.0,0.1770179271697998,0.0
20260213_151714,RRCE_PNE,8179,1,81790001,100.0,100.0,2,4,0,1,1,0.0,0.1768200397491455,0.0
20260213_151714,RRCE_PNE,8179,1,81790001,100.0,100.0,3,8,0,2,2,0.0,0.19803500175476074,0.0
20260213_151714,RRCE_PNE,8179,1,81790001,100.0,100.0,4,12,0,3,3,0.0,0.19732189178466797,0.0
20260213_151714,RRCE_PNE,8179,1,81790001,100.0,100.0,5,16,0,1,1,0.0,0.1761620044708252,0.0
20260213_151714,RRCE_PNE,8179,1,81790001,100.0,100.0,6,20,0,7,4,12.0,0.0004968643188476562,1000.0
20260213_151714,RRCE_PNE,8179,1,81790001,100.0,100.0,7,24,1,10,5,30.0,0.7026050090789795,825.0
20260213_151714,RRCE_PNE,8179,1,81790001,100.0,100.0,8,28,2,6,5,10.0,0.3005790710449219,395.0
20260213_151714,RRCE_PNE,8179,1,81790001,100.0,100.0,9,32,4,3,3,6.0,0.20554804801940918,170.0
20260213_151714,RRCE_PNE,8179,1,81790001,100.0,100.0,10,36,5,5,5,9.0,0.2539651393890381,535.0
20260213_151714,RRCE_PNE,8179,1,81790001,100.0,100.0,11,40,6,6,4,16.0,0.2508101463317871,1290.0
20260213_151714,RRCE_PNE,8179,1,81790001,100.0,100.0,12,44,6,5,4,20.0,0.25113487243652344,1220.0
20260213_151714,RRCE_PNE,8179,1,81790001,100.0,100.0,13,48,6,7,4,32.0,0.2406010627746582,880.0
20260213_151714,RRCE_PNE,8179,1,81790001,100.0,100.0,14,52,6,10,4,48.0,0.0032570362091064453,2040.0
20260213_151714,RRCE_PNE,8179,1,81790001,100.0,100.0,15,56,6,8,5,50.0,0.2789499759674072,1920.0
20260213_151714,RRCE_PNE,8179,1,81790001,100.0,100.0,16,60,7,6,4,32.0,0.2294919490814209,893.3333333333333
20260213_151714,RRCE_PNE,9249,1,92490001,100.0,100.0,1,0,0,1,1,0.0,0.18853998184204102,0.0
20260213_151714,RRCE_PNE,9249,1,92490001,100.0,100.0,2,4,0,1,1,0.0,0.17596697807312012,0.0
20260213_151714,RRCE_PNE,9249,1,92490001,100.0,100.0,3,8,0,2,2,0.0,0.19632697105407715,0.0
20260213_151714,RRCE_PNE,9249,1,92490001,100.0,100.0,4,12,0,3,3,0.0,0.1963191032409668,0.0
20260213_151714,RRCE_PNE,9249,1,92490001,100.0,100.0,5,16,0,1,1,0.0,0.17638111114501953,0.0
20260213_151714,RRCE_PNE,9249,1,92490001,100.0,100.0,6,20,0,7,4,12.0,0.00055694580078125,1000.0
20260213_151714,RRCE_PNE,9249,1,92490001,100.0,100.0,7,24,1,10,5,30.0,0.704185962677002,1285.0
20260213_151714,RRCE_PNE,9249,1,92490001,100.0,100.0,8,28,2,6,4,8.0,0.2500460147857666,733.3333333333334
20260213_151714,RRCE_PNE,9249,1,92490001,100.0,100.0,9,32,4,4,4,6.0,0.4012429714202881,350.0
20260213_151714,RRCE_PNE,9249,1,92490001,100.0,100.0,10,36,5,5,4,4.0,0.25276708602905273,1000.0
20260213_151714,RRCE_PNE,9249,1,92490001,100.0,100.0,11,40,5,7,4,12.0,0.0005300045013427734,720.0
20260213_151714,RRCE_PNE,9249,1,92490001,100.0,100.0,12,44,5,6,4,18.0,0.2757260799407959,1290.0
20260213_151714,RRCE_PNE,9249,1,92490001,100.0,100.0,13,48,5,8,3,44.0,0.001007080078125,813.3333333333333
20260213_151714,RRCE_PNE,9249,1,92490001,100.0,100.0,14,52,6,12,4,56.0,0.018748998641967773,1440.0
20260213_151714,RRCE_PNE,9249,1,92490001,100.0,100.0,15,56,6,10,5,50.0,0.7158021926879883,540.0
20260213_151714,RRCE_PNE,9249,1,92490001,100.0,100.0,16,60,7,8,5,40.0,0.42455601692199707,1695.0
20260213_151714,RRCE_PNE,8304,1,83040001,100.0,100.0,1,0,0,1,1,0.0,0.17671990394592285,0.0
20260213_151714,RRCE_PNE,8304,1,83040001,100.0,100.0,2,4,0,1,1,0.0,0.17459893226623535,0.0
20260213_151714,RRCE_PNE,8304,1,83040001,100.0,100.0,3,8,0,2,2,0.0,0.1950089931488037,0.0
20260213_151714,RRCE_PNE,8304,1,83040001,100.0,100.0,4,12,0,3,3,0.0,0.19514703750610352,0.0
20260213_151714,RRCE_PNE,8304,1,83040001,100.0,100.0,5,16,0,1,1,0.0,0.17475318908691406,0.0
20260213_151714,RRCE_PNE,8304,1,83040001,100.0,100.0,6,20,0,7,4,12.0,0.0004601478576660156,1000.0
20260213_151714,RRCE_PNE,8304,1,83040001,100.0,100.0,7,24,1,10,5,30.0,0.7099840641021729,1250.0
20260213_151714,RRCE_PNE,8304,1,83040001,100.0,100.0,8,28,2,6,5,10.0,0.29950380325317383,720.0
20260213_151714,RRCE_PNE,8304,1,83040001,100.0,100.0,9,32,4,3,3,6.0,0.2290048599243164,240.0
20260213_151714,RRCE_PNE,8304,1,83040001,100.0,100.0,10,36,5,5,5,9.0,0.2534940242767334,535.0
20260213_151714,RRCE_PNE,8304,1,83040001,100.0,100.0,11,40,6,6,4,16.0,0.24974918365478516,1290.0
20260213_151714,RRCE_PNE,8304,1,83040001,100.0,100.0,12,44,6,5,4,20.0,0.2495419979095459,1220.0
20260213_151714,RRCE_PNE,8304,1,83040001,100.0,100.0,13,48,6,7,4,32.0,0.22960305213928223,880.0
20260213_151714,RRCE_PNE,8304,1,83040001,100.0,100.0,14,52,6,10,4,48.0,0.0031440258026123047,2040.0
20260213_151714,RRCE_PNE,8304,1,83040001,100.0,100.0,15,56,6,8,5,50.0,0.27910685539245605,1920.0
20260213_151714,RRCE_PNE,8304,1,83040001,100.0,100.0,16,60,7,6,4,32.0,0.2283639907836914,893.3333333333333
20260213_151714,RRCE_PNE,378,1,3780001,100.0,100.0,1,0,0,1,1,0.0,0.17510604858398438,0.0
20260213_151714,RRCE_PNE,378,1,3780001,100.0,100.0,2,4,0,1,1,0.0,0.17530393600463867,0.0
20260213_151714,RRCE_PNE,378,1,3780001,100.0,100.0,3,8,0,2,2,0.0,0.19594597816467285,0.0
20260213_151714,RRCE_PNE,378,1,3780001,100.0,100.0,4,12,0,3,3,0.0,0.19573497772216797,0.0
20260213_151714,RRCE_PNE,378,1,3780001,100.0,100.0,5,16,0,1,1,0.0,0.17514419555664062,0.0
20260213_151714,RRCE_PNE,378,1,3780001,100.0,100.0,6,20,0,7,4,12.0,0.0005810260772705078,1000.0
20260213_151714,RRCE_PNE,378,1,3780001,100.0,100.0,7,24,1,10,5,30.0,0.7250120639801025,966.6666666666667
20260213_151714,RRCE_PNE,378,1,3780001,100.0,100.0,8,28,2,6,5,10.0,0.2524559497833252,303.3333333333333
20260213_151714,RRCE_PNE,378,1,3780001,100.0,100.0,9,32,4,3,2,4.0,0.20404887199401855,500.0
20260213_151714,RRCE_PNE,378,1,3780001,100.0,100.0,10,36,4,6,4,14.0,0.0003478527069091797,740.0
20260213_151714,RRCE_PNE,378,1,3780001,100.0,100.0,11,40,5,8,4,16.0,0.43025708198547363,860.0
20260213_151714,RRCE_PNE,378,1,3780001,100.0,100.0,12,44,5,7,4,12.0,0.48409104347229004,573.3333333333334
20260213_151714,RRCE_PNE,378,1,3780001,100.0,100.0,13,48,5,9,5,39.0,0.25727200508117676,943.3333333333333
20260213_151714,RRCE_PNE,378,1,3780001,100.0,100.0,14,52,6,11,4,42.0,0.006892204284667969,1530.0
20260213_151714,RRCE_PNE,378,1,3780001,100.0,100.0,15,56,6,9,5,49.0,0.6468539237976074,1570.0
20260213_151714,RRCE_PNE,378,1,3780001,100.0,100.0,16,60,7,7,5,45.0,0.25338101387023926,1380.0
20260213_151714,RRCE_PNE,5168,1,51680001,100.0,100.0,1,0,0,1,1,0.0,0.17568397521972656,0.0
20260213_151714,RRCE_PNE,5168,1,51680001,100.0,100.0,2,4,0,1,1,0.0,0.17577004432678223,0.0
20260213_151714,RRCE_PNE,5168,1,51680001,100.0,100.0,3,8,0,2,2,0.0,0.1963329315185547,0.0
20260213_151714,RRCE_PNE,5168,1,51680001,100.0,100.0,4,12,0,3,3,0.0,0.19631505012512207,0.0
20260213_151714,RRCE_PNE,5168,1,51680001,100.0,100.0,5,16,0,1,1,0.0,0.17572402954101562,0.0
20260213_151714,RRCE_PNE,5168,1,51680001,100.0,100.0,6,20,0,7,4,12.0,0.0005640983581542969,1000.0
20260213_151714,RRCE_PNE,5168,1,51680001,100.0,100.0,7,24,1,10,5,30.0,0.6994528770446777,1250.0
20260213_151714,RRCE_PNE,5168,1,51680001,100.0,100.0,8,28,2,6,5,10.0,0.29860591888427734,436.66666666666663
20260213_151714,RRCE_PNE,5168,1,51680001,100.0,100.0,9,32,4,3,3,6.0,0.24066400527954102,100.0
20260213_151714,RRCE_PNE,5168,1,51680001,100.0,100.0,10,36,5,5,5,9.0,0.48961377143859863,535.0
20260213_151714,RRCE_PNE,5168,1,51680001,100.0,100.0,11,40,6,6,4,16.0,0.24881505966186523,1290.0
20260213_151714,RRCE_PNE,5168,1,51680001,100.0,100.0,12,44,6,5,4,20.0,0.24866008758544922,1220.0
20260213_151714,RRCE_PNE,5168,1,51680001,100.0,100.0,13,48,6,7,4,32.0,0.22967195510864258,880.0
20260213_151714,RRCE_PNE,5168,1,51680001,100.0,100.0,14,52,6,10,4,48.0,0.0029799938201904297,2040.0
20260213_151714,RRCE_PNE,5168,1,51680001,100.0,100.0,15,56,6,8,5,50.0,0.27849912643432617,1920.0
20260213_151714,RRCE_PNE,5168,1,51680001,100.0,100.0,16,60,7,6,4,32.0,0.22884106636047363,893.3333333333333
20260213_151714,RRCE_PNE,3845,1,38450001,100.0,100.0,1,0,0,1,1,0.0,0.1764211654663086,0.0
20260213_151714,RRCE_PNE,3845,1,38450001,100.0,100.0,2,4,0,1,1,0.0,0.1759810447692871,0.0
20260213_151714,RRCE_PNE,3845,1,38450001,100.0,100.0,3,8,0,2,2,0.0,0.19606995582580566,0.0
20260213_151714,RRCE_PNE,3845,1,38450001,100.0,100.0,4,12,0,3,3,0.0,0.19626998901367188,0.0
20260213_151714,RRCE_PNE,3845,1,38450001,100.0,100.0,5,16,0,1,1,0.0,0.17540407180786133,0.0
20260213_151714,RRCE_PNE,3845,1,38450001,100.0,100.0,6,20,0,7,4,12.0,0.00043582916259765625,1000.0
20260213_151714,RRCE_PNE,3845,1,38450001,100.0,100.0,7,24,1,10,5,30.0,0.6984879970550537,825.0
20260213_151714,RRCE_PNE,3845,1,38450001,100.0,100.0,8,28,2,6,5,10.0,0.3025350570678711,395.0
20260213_151714,RRCE_PNE,3845,1,38450001,100.0,100.0,9,32,4,3,3,6.0,0.2050609588623047,170.0
20260213_151714,RRCE_PNE,3845,1,38450001,100.0,100.0,10,36,5,5,5,9.0,0.2540860176086426,535.0
20260213_151714,RRCE_PNE,3845,1,38450001,100.0,100.0,11,40,6,6,4,16.0,0.2502620220184326,1290.0
20260213_151714,RRCE_PNE,3845,1,38450001,100.0,100.0,12,44,6,5,4,20.0,0.25121498107910156,1220.0
20260213_151714,RRCE_PNE,3845,1,38450001,100.0,100.0,13,48,6,7,4,32.0,0.24329018592834473,880.0
20260213_151714,RRCE_PNE,3845,1,38450001,100.0,100.0,14,52,6,10,4,48.0,0.003883838653564453,2040.0
20260213_151714,RRCE_PNE,3845,1,38450001,100.0,100.0,15,56,6,8,5,50.0,0.2790670394897461,1920.0
20260213_151714,RRCE_PNE,3845,1,38450001,100.0,100.0,16,60,7,6,4,32.0,0.2298741340637207,893.3333333333333
20260213_151714,RRCE_PNE,794,1,7940001,100.0,100.0,1,0,0,1,1,0.0,0.18546795845031738,0.0
20260213_151714,RRCE_PNE,794,1,7940001,100.0,100.0,2,4,0,1,1,0.0,0.17517995834350586,0.0
20260213_151714,RRCE_PNE,794,1,7940001,100.0,100.0,3,8,0,2,2,0.0,0.1961829662322998,0.0
20260213_151714,RRCE_PNE,794,1,7940001,100.0,100.0,4,12,0,3,3,0.0,0.19623303413391113,0.0
20260213_151714,RRCE_PNE,794,1,7940001,100.0,100.0,5,16,0,1,1,0.0,0.17582297325134277,0.0
20260213_151714,RRCE_PNE,794,1,7940001,100.0,100.0,6,20,0,7,4,12.0,0.0004889965057373047,1000.0
20260213_151714,RRCE_PNE,794,1,7940001,100.0,100.0,7,24,1,10,5,30.0,0.6994898319244385,1285.0
20260213_151714,RRCE_PNE,794,1,7940001,100.0,100.0,8,28,2,6,5,10.0,0.26956987380981445,436.66666666666663
20260213_151714,RRCE_PNE,794,1,7940001,100.0,100.0,9,32,4,3,3,6.0,0.22803497314453125,100.0
20260213_151714,RRCE_PNE,794,1,7940001,100.0,100.0,10,36,5,5,5,9.0,0.2526400089263916,535.0
20260213_151714,RRCE_PNE,794,1,7940001,100.0,100.0,11,40,6,6,4,16.0,0.24980807304382324,1290.0
20260213_151714,RRCE_PNE,794,1,7940001,100.0,100.0,12,44,6,5,4,20.0,0.24918293952941895,1220.0
20260213_151714,RRCE_PNE,794,1,7940001,100.0,100.0,13,48,6,7,4,32.0,0.22902798652648926,880.0
20260213_151714,RRCE_PNE,794,1,7940001,100.0,100.0,14,52,6,10,4,48.0,0.0030248165130615234,2040.0
20260213_151714,RRCE_PNE,794,1,7940001,100.0,100.0,15,56,6,8,5,50.0,0.2794830799102783,1920.0
20260213_151714,RRCE_PNE,794,1,7940001,100.0,100.0,16,60,7,6,4,32.0,0.23084688186645508,893.3333333333333
20260213_151714,RRCE_PNE,5941,1,59410001,100.0,100.0,1,0,0,1,1,0.0,0.17720508575439453,0.0
20260213_151714,RRCE_PNE,5941,1,59410001,100.0,100.0,2,4,0,1,1,0.0,0.18900799751281738,0.0
20260213_151714,RRCE_PNE,5941,1,59410001,100.0,100.0,3,8,0,2,2,0.0,0.19751596450805664,0.0
20260213_151714,RRCE_PNE,5941,1,59410001,100.0,100.0,4,12,0,3,3,0.0,0.19733190536499023,0.0
20260213_151714,RRCE_PNE,5941,1,59410001,100.0,100.0,5,16,0,1,1,0.0,0.17677783966064453,0.0
20260213_151714,RRCE_PNE,5941,1,59410001,100.0,100.0,6,20,0,7,4,12.0,0.0005428791046142578,1000.0
20260213_151714,RRCE_PNE,5941,1,59410001,100.0,100.0,7,24,1,10,5,30.0,0.7070810794830322,825.0
20260213_151714,RRCE_PNE,5941,1,59410001,100.0,100.0,8,28,2,6,5,10.0,0.30121612548828125,395.0
20260213_151714,RRCE_PNE,5941,1,59410001,100.0,100.0,9,32,4,3,3,6.0,0.23071694374084473,240.0
20260213_151714,RRCE_PNE,5941,1,59410001,100.0,100.0,10,36,5,5,5,9.0,0.49730682373046875,535.0
20260213_151714,RRCE_PNE,5941,1,59410001,100.0,100.0,11,40,6,6,4,16.0,0.24913978576660156,1290.0
20260213_151714,RRCE_PNE,5941,1,59410001,100.0,100.0,12,44,6,5,3,16.0,0.249755859375,1290.0
20260213_151714,RRCE_PNE,5941,1,59410001,100.0,100.0,13,48,5,8,4,52.0,0.0007760524749755859,838.3333333333333
20260213_151714,RRCE_PNE,5941,1,59410001,100.0,100.0,14,52,7,11,4,48.0,0.005937099456787109,1740.0
20260213_151714,RRCE_PNE,5941,1,59410001,100.0,100.0,15,56,7,9,5,45.0,0.42740797996520996,1795.0
20260213_151714,RRCE_PNE,5941,1,59410001,100.0,100.0,16,60,8,7,5,45.0,0.25434088706970215,1645.0
20260213_151714,RRCE_PNE,1980,1,19800001,100.0,100.0,1,0,0,1,1,0.0,0.17644095420837402,0.0
20260213_151714,RRCE_PNE,1980,1,19800001,100.0,100.0,2,4,0,1,1,0.0,0.17583918571472168,0.0
20260213_151714,RRCE_PNE,1980,1,19800001,100.0,100.0,3,8,0,2,2,0.0,0.19581103324890137,0.0
20260213_151714,RRCE_PNE,1980,1,19800001,100.0,100.0,4,12,0,3,3,0.0,0.19608402252197266,0.0
20260213_151714,RRCE_PNE,1980,1,19800001,100.0,100.0,5,16,0,1,1,0.0,0.1765880584716797,0.0
20260213_151714,RRCE_PNE,1980,1,19800001,100.0,100.0,6,20,0,7,4,12.0,0.00042891502380371094,1000.0
20260213_151714,RRCE_PNE,1980,1,19800001,100.0,100.0,7,24,1,10,5,30.0,0.7118029594421387,1001.6666666666667
20260213_151714,RRCE_PNE,1980,1,19800001,100.0,100.0,8,28,3,6,5,10.0,0.4009730815887451,268.3333333333333
20260213_151714,RRCE_PNE,1980,1,19800001,100.0,100.0,9,32,4,3,3,6.0,0.20400118827819824,170.0
20260213_151714,RRCE_PNE,1980,1,19800001,100.0,100.0,10,36,5,5,5,9.0,0.25260090827941895,535.0
20260213_151714,RRCE_PNE,1980,1,19800001,100.0,100.0,11,40,6,6,4,16.0,0.24888896942138672,1290.0
20260213_151714,RRCE_PNE,1980,1,19800001,100.0,100.0,12,44,6,5,4,20.0,0.24851489067077637,1220.0
20260213_151714,RRCE_PNE,1980,1,19800001,100.0,100.0,13,48,6,7,4,32.0,0.22967886924743652,880.0
20260213_151714,RRCE_PNE,1980,1,19800001,100.0,100.0,14,52,6,10,4,48.0,0.0031909942626953125,2040.0
20260213_151714,RRCE_PNE,1980,1,19800001,100.0,100.0,15,56,6,8,5,50.0,0.27939391136169434,1920.0
20260213_151714,RRCE_PNE,1980,1,19800001,100.0,100.0,16,60,7,6,4,32.0,0.230316162109375,893.3333333333333
20260213_151714,RRCE_PNE,8841,1,88410001,100.0,100.0,1,0,0,1,1,0.0,0.17659902572631836,0.0
20260213_151714,RRCE_PNE,8841,1,88410001,100.0,100.0,2,4,0,1,1,0.0,0.17592716217041016,0.0
20260213_151714,RRCE_PNE,8841,1,88410001,100.0,100.0,3,8,0,2,2,0.0,0.1987290382385254,0.0
20260213_151714,RRCE_PNE,8841,1,88410001,100.0,100.0,4,12,0,3,3,0.0,0.1957378387451172,0.0
20260213_151714,RRCE_PNE,8841,1,88410001,100.0,100.0,5,16,0,1,1,0.0,0.1752300262451172,0.0
20260213_151714,RRCE_PNE,8841,1,88410001,100.0,100.0,6,20,0,7,4,12.0,0.00049591064453125,1000.0
20260213_151714,RRCE_PNE,8841,1,88410001,100.0,100.0,7,24,1,10,5,30.0,0.6998770236968994,825.0
20260213_151714,RRCE_PNE,8841,1,88410001,100.0,100.0,8,28,2,6,5,10.0,0.31183695793151855,395.0
20260213_151714,RRCE_PNE,8841,1,88410001,100.0,100.0,9,32,4,3,3,6.0,0.20380902290344238,170.0
20260213_151714,RRCE_PNE,8841,1,88410001,100.0,100.0,10,36,5,5,5,9.0,0.2631559371948242,535.0
20260213_151714,RRCE_PNE,8841,1,88410001,100.0,100.0,11,40,6,6,4,16.0,0.24943208694458008,1290.0
20260213_151714,RRCE_PNE,8841,1,88410001,100.0,100.0,12,44,6,5,4,20.0,0.25014615058898926,1220.0
20260213_151714,RRCE_PNE,8841,1,88410001,100.0,100.0,13,48,6,7,4,32.0,0.2290968894958496,880.0
20260213_151714,RRCE_PNE,8841,1,88410001,100.0,100.0,14,52,6,10,4,48.0,0.003974199295043945,2040.0
20260213_151714,RRCE_PNE,8841,1,88410001,100.0,100.0,15,56,6,8,5,50.0,0.27934718132019043,1920.0
20260213_151714,RRCE_PNE,8841,1,88410001,100.0,100.0,16,60,7,6,4,32.0,0.22942781448364258,893.3333333333333
20260213_151714,RRCE_PNE,2134,1,21340001,100.0,100.0,1,0,0,1,1,0.0,0.17705798149108887,0.0
20260213_151714,RRCE_PNE,2134,1,21340001,100.0,100.0,2,4,0,1,1,0.0,0.1768050193786621,0.0
20260213_151714,RRCE_PNE,2134,1,21340001,100.0,100.0,3,8,0,2,2,0.0,0.19710993766784668,0.0
20260213_151714,RRCE_PNE,2134,1,21340001,100.0,100.0,4,12,0,3,3,0.0,0.19738388061523438,0.0
20260213_151714,RRCE_PNE,2134,1,21340001,100.0,100.0,5,16,0,1,1,0.0,0.176239013671875,0.0
20260213_151714,RRCE_PNE,2134,1,21340001,100.0,100.0,6,20,0,7,4,12.0,0.0005469322204589844,1000.0
20260213_151714,RRCE_PNE,2134,1,21340001,100.0,100.0,7,24,1,10,5,30.0,0.7027490139007568,1250.0
20260213_151714,RRCE_PNE,2134,1,21340001,100.0,100.0,8,28,2,6,5,10.0,0.3017909526824951,436.66666666666663
20260213_151714,RRCE_PNE,2134,1,21340001,100.0,100.0,9,32,4,3,3,6.0,0.45707106590270996,100.0
20260213_151714,RRCE_PNE,2134,1,21340001,100.0,100.0,10,36,5,5,5,9.0,0.25284481048583984,535.0
20260213_151714,RRCE_PNE,2134,1,21340001,100.0,100.0,11,40,6,6,4,16.0,0.261829137802124,1290.0
20260213_151714,RRCE_PNE,2134,1,21340001,100.0,100.0,12,44,6,5,4,20.0,0.24964094161987305,1220.0
20260213_151714,RRCE_PNE,2134,1,21340001,100.0,100.0,13,48,6,7,4,32.0,0.23003697395324707,880.0
20260213_151714,RRCE_PNE,2134,1,21340001,100.0,100.0,14,52,6,10,4,48.0,0.002949953079223633,2040.0
20260213_151714,RRCE_PNE,2134,1,21340001,100.0,100.0,15,56,6,8,5,50.0,0.27968597412109375,1920.0
20260213_151714,RRCE_PNE,2134,1,21340001,100.0,100.0,16,60,7,6,4,32.0,0.23538684844970703,893.3333333333333
20260213_151714,RRCE_PNE,7214,1,72140001,100.0,100.0,1,0,0,1,1,0.0,0.17978906631469727,0.0
20260213_151714,RRCE_PNE,7214,1,72140001,100.0,100.0,2,4,0,1,1,0.0,0.1751539707183838,0.0
20260213_151714,RRCE_PNE,7214,1,72140001,100.0,100.0,3,8,0,2,2,0.0,0.19657588005065918,0.0
20260213_151714,RRCE_PNE,7214,1,72140001,100.0,100.0,4,12,0,3,3,0.0,0.19619297981262207,0.0
20260213_151714,RRCE_PNE,7214,1,72140001,100.0,100.0,5,16,0,1,1,0.0,0.17567896842956543,0.0
20260213_151714,RRCE_PNE,7214,1,72140001,100.0,100.0,6,20,0,7,4,12.0,0.0004520416259765625,1000.0
20260213_151714,RRCE_PNE,7214,1,72140001,100.0,100.0,7,24,1,10,5,30.0,0.7003378868103027,1285.0
20260213_151714,RRCE_PNE,7214,1,72140001,100.0,100.0,8,28,3,6,5,10.0,0.2693929672241211,436.66666666666663
20260213_151714,RRCE_PNE,7214,1,72140001,100.0,100.0,9,32,4,3,3,6.0,0.22907018661499023,100.0
20260213_151714,RRCE_PNE,7214,1,72140001,100.0,100.0,10,36,5,5,5,9.0,0.25250911712646484,535.0
20260213_151714,RRCE_PNE,7214,1,72140001,100.0,100.0,11,40,6,6,4,16.0,0.25012898445129395,1290.0
20260213_151714,RRCE_PNE,7214,1,72140001,100.0,100.0,12,44,6,5,4,20.0,0.25127601623535156,1220.0
20260213_151714,RRCE_PNE,7214,1,72140001,100.0,100.0,13,48,6,7,4,32.0,0.23021292686462402,880.0
20260213_151714,RRCE_PNE,7214,1,72140001,100.0,100.0,14,52,6,10,4,48.0,0.0039370059967041016,2040.0
20260213_151714,RRCE_PNE,7214,1,72140001,100.0,100.0,15,56,6,8,5,50.0,0.27931809425354004,1920.0
20260213_151714,RRCE_PNE,7214,1,72140001,100.0,100.0,16,60,7,6,4,32.0,0.24141693115234375,893.3333333333333
20260213_151714,RRCE_PNE,5987,1,59870001,100.0,100.0,1,0,0,1,1,0.0,0.17604589462280273,0.0
20260213_151714,RRCE_PNE,5987,1,59870001,100.0,100.0,2,4,0,1,1,0.0,0.17543601989746094,0.0
20260213_151714,RRCE_PNE,5987,1,59870001,100.0,100.0,3,8,0,2,2,0.0,0.1965479850769043,0.0
20260213_151714,RRCE_PNE,5987,1,59870001,100.0,100.0,4,12,0,3,3,0.0,0.19675803184509277,0.0
20260213_151714,RRCE_PNE,5987,1,59870001,100.0,100.0,5,16,0,1,1,0.0,0.1754448413848877,0.0
20260213_151714,RRCE_PNE,5987,1,59870001,100.0,100.0,6,20,0,7,4,12.0,0.0004899501800537109,1000.0
20260213_151714,RRCE_PNE,5987,1,59870001,100.0,100.0,7,24,1,10,5,30.0,0.7131009101867676,1285.0
20260213_151714,RRCE_PNE,5987,1,59870001,100.0,100.0,8,28,2,6,5,10.0,0.24741291999816895,436.66666666666663
20260213_151714,RRCE_PNE,5987,1,59870001,100.0,100.0,9,32,4,3,3,6.0,0.22852802276611328,100.0
20260213_151714,RRCE_PNE,5987,1,59870001,100.0,100.0,10,36,5,5,5,9.0,0.25258517265319824,535.0
20260213_151714,RRCE_PNE,5987,1,59870001,100.0,100.0,11,40,6,6,4,16.0,0.2502291202545166,1290.0
20260213_151714,RRCE_PNE,5987,1,59870001,100.0,100.0,12,44,6,5,4,20.0,0.24941492080688477,1220.0
20260213_151714,RRCE_PNE,5987,1,59870001,100.0,100.0,13,48,6,7,4,32.0,0.22939491271972656,880.0
20260213_151714,RRCE_PNE,5987,1,59870001,100.0,100.0,14,52,6,10,4,48.0,0.0030159950256347656,2040.0
20260213_151714,RRCE_PNE,5987,1,59870001,100.0,100.0,15,56,6,8,5,50.0,0.28018712997436523,1920.0
20260213_151714,RRCE_PNE,5987,1,59870001,100.0,100.0,16,60,7,6,4,32.0,0.23029494285583496,893.3333333333333
20260213_151714,RRCE_PNE,3807,1,38070001,100.0,100.0,1,0,0,1,1,0.0,0.1757810115814209,0.0
20260213_151714,RRCE_PNE,3807,1,38070001,100.0,100.0,2,4,0,1,1,0.0,0.17684197425842285,0.0
20260213_151714,RRCE_PNE,3807,1,38070001,100.0,100.0,3,8,0,2,2,0.0,0.19801712036132812,0.0
20260213_151714,RRCE_PNE,3807,1,38070001,100.0,100.0,4,12,0,3,3,0.0,0.19696497917175293,0.0
20260213_151714,RRCE_PNE,3807,1,38070001,100.0,100.0,5,16,0,1,1,0.0,0.17672300338745117,0.0
20260213_151714,RRCE_PNE,3807,1,38070001,100.0,100.0,6,20,0,7,4,12.0,0.0005609989166259766,1000.0
20260213_151714,RRCE_PNE,3807,1,38070001,100.0,100.0,7,24,1,10,5,30.0,0.7192261219024658,825.0
20260213_151714,RRCE_PNE,3807,1,38070001,100.0,100.0,8,28,2,6,5,10.0,0.303149938583374,395.0
20260213_151714,RRCE_PNE,3807,1,38070001,100.0,100.0,9,32,4,3,3,6.0,0.2066960334777832,170.0
20260213_151714,RRCE_PNE,3807,1,38070001,100.0,100.0,10,36,5,5,5,9.0,0.49943089485168457,535.0
20260213_151714,RRCE_PNE,3807,1,38070001,100.0,100.0,11,40,6,6,4,16.0,0.24930381774902344,1290.0
20260213_151714,RRCE_PNE,3807,1,38070001,100.0,100.0,12,44,6,5,4,20.0,0.26040101051330566,1220.0
20260213_151714,RRCE_PNE,3807,1,38070001,100.0,100.0,13,48,6,7,4,32.0,0.22943902015686035,880.0
20260213_151714,RRCE_PNE,3807,1,38070001,100.0,100.0,14,52,6,10,4,48.0,0.0030601024627685547,2040.0
20260213_151714,RRCE_PNE,3807,1,38070001,100.0,100.0,15,56,6,8,5,50.0,0.2797551155090332,1920.0
20260213_151714,RRCE_PNE,3807,1,38070001,100.0,100.0,16,60,7,6,4,32.0,0.2289409637451172,893.3333333333333
20260213_151714,RRCE_PNE,467,1,4670001,100.0,100.0,1,0,0,1,1,0.0,0.1757500171661377,0.0
20260213_151714,RRCE_PNE,467,1,4670001,100.0,100.0,2,4,0,1,1,0.0,0.17582988739013672,0.0
20260213_151714,RRCE_PNE,467,1,4670001,100.0,100.0,3,8,0,2,2,0.0,0.19667387008666992,0.0
20260213_151714,RRCE_PNE,467,1,4670001,100.0,100.0,4,12,0,3,3,0.0,0.19665789604187012,0.0
20260213_151714,RRCE_PNE,467,1,4670001,100.0,100.0,5,16,0,1,1,0.0,0.1755661964416504,0.0
20260213_151714,RRCE_PNE,467,1,4670001,100.0,100.0,6,20,0,7,4,12.0,0.0004589557647705078,1000.0
20260213_151714,RRCE_PNE,467,1,4670001,100.0,100.0,7,24,1,10,5,30.0,0.7116239070892334,1285.0
20260213_151714,RRCE_PNE,467,1,4670001,100.0,100.0,8,28,2,6,5,10.0,0.2553441524505615,436.66666666666663
20260213_151714,RRCE_PNE,467,1,4670001,100.0,100.0,9,32,4,3,3,6.0,0.22858810424804688,100.0
20260213_151714,RRCE_PNE,467,1,4670001,100.0,100.0,10,36,5,5,5,9.0,0.2535240650177002,535.0
20260213_151714,RRCE_PNE,467,1,4670001,100.0,100.0,11,40,6,6,4,16.0,0.24970078468322754,1290.0
20260213_151714,RRCE_PNE,467,1,4670001,100.0,100.0,12,44,6,5,3,16.0,0.2499558925628662,1290.0
20260213_151714,RRCE_PNE,467,1,4670001,100.0,100.0,13,48,5,8,4,52.0,0.0008821487426757812,838.3333333333333
20260213_151714,RRCE_PNE,467,1,4670001,100.0,100.0,14,52,7,11,4,48.0,0.006553173065185547,1740.0
20260213_151714,RRCE_PNE,467,1,4670001,100.0,100.0,15,56,7,9,5,45.0,0.42740797996520996,1795.0
20260213_151714,RRCE_PNE,467,1,4670001,100.0,100.0,16,60,8,7,5,45.0,0.25411415100097656,1645.0
20260213_151714,RRCE_PNE,6478,1,64780001,100.0,100.0,1,0,0,1,1,0.0,0.17606401443481445,0.0
20260213_151714,RRCE_PNE,6478,1,64780001,100.0,100.0,2,4,0,1,1,0.0,0.17609786987304688,0.0
20260213_151714,RRCE_PNE,6478,1,64780001,100.0,100.0,3,8,0,2,2,0.0,0.19606995582580566,0.0
20260213_151714,RRCE_PNE,6478,1,64780001,100.0,100.0,4,12,0,3,3,0.0,0.1972198486328125,0.0
20260213_151714,RRCE_PNE,6478,1,64780001,100.0,100.0,5,16,0,1,1,0.0,0.1756598949432373,0.0
20260213_151714,RRCE_PNE,6478,1,64780001,100.0,100.0,6,20,0,7,4,12.0,0.0005061626434326172,1000.0
20260213_151714,RRCE_PNE,6478,1,64780001,100.0,100.0,7,24,1,10,5,30.0,0.7031898498535156,1285.0
20260213_151714,RRCE_PNE,6478,1,64780001,100.0,100.0,8,28,2,6,5,10.0,0.24880290031433105,436.66666666666663
20260213_151714,RRCE_PNE,6478,1,64780001,100.0,100.0,9,32,4,3,3,6.0,0.22869205474853516,100.0
20260213_151714,RRCE_PNE,6478,1,64780001,100.0,100.0,10,36,5,5,4,4.0,0.25373291969299316,1000.0
20260213_151714,RRCE_PNE,6478,1,64780001,100.0,100.0,11,40,5,7,4,12.0,0.0004551410675048828,720.0
20260213_151714,RRCE_PNE,6478,1,64780001,100.0,100.0,12,44,5,6,4,18.0,0.2873818874359131,1290.0
20260213_151714,RRCE_PNE,6478,1,64780001,100.0,100.0,13,48,5,8,3,44.0,0.0007970333099365234,813.3333333333333
20260213_151714,RRCE_PNE,6478,1,64780001,100.0,100.0,14,52,6,12,4,56.0,0.015158891677856445,1440.0
20260213_151714,RRCE_PNE,6478,1,64780001,100.0,100.0,15,56,6,10,5,50.0,0.48798489570617676,540.0
20260213_151714,RRCE_PNE,6478,1,64780001,100.0,100.0,16,60,7,8,6,70.0,0.4372138977050781,2050.0
20260213_151714,RRCE_PNE,4898,1,48980001,100.0,100.0,1,0,0,1,1,0.0,0.17700505256652832,0.0
20260213_151714,RRCE_PNE,4898,1,48980001,100.0,100.0,2,4,0,1,1,0.0,0.17673301696777344,0.0
20260213_151714,RRCE_PNE,4898,1,48980001,100.0,100.0,3,8,0,2,2,0.0,0.19766998291015625,0.0
20260213_151714,RRCE_PNE,4898,1,48980001,100.0,100.0,4,12,0,3,3,0.0,0.1974790096282959,0.0
20260213_151714,RRCE_PNE,4898,1,48980001,100.0,100.0,5,16,0,1,1,0.0,0.17609190940856934,0.0
20260213_151714,RRCE_PNE,4898,1,48980001,100.0,100.0,6,20,0,7,4,12.0,0.0005779266357421875,1000.0
20260213_151714,RRCE_PNE,4898,1,48980001,100.0,100.0,7,24,1,10,5,30.0,0.7046589851379395,966.6666666666667
20260213_151714,RRCE_PNE,4898,1,48980001,100.0,100.0,8,28,2,6,5,10.0,0.478618860244751,303.3333333333333
20260213_151714,RRCE_PNE,4898,1,48980001,100.0,100.0,9,32,4,3,3,6.0,0.2045600414276123,170.0
20260213_151714,RRCE_PNE,4898,1,48980001,100.0,100.0,10,36,5,5,5,9.0,0.2531719207763672,535.0
20260213_151714,RRCE_PNE,4898,1,48980001,100.0,100.0,11,40,6,6,4,16.0,0.24971985816955566,1290.0
20260213_151714,RRCE_PNE,4898,1,48980001,100.0,100.0,12,44,6,5,4,20.0,0.24950003623962402,1220.0
20260213_151714,RRCE_PNE,4898,1,48980001,100.0,100.0,13,48,6,7,4,32.0,0.2304248809814453,880.0
20260213_151714,RRCE_PNE,4898,1,48980001,100.0,100.0,14,52,6,10,4,48.0,0.0029599666595458984,2040.0
20260213_151714,RRCE_PNE,4898,1,48980001,100.0,100.0,15,56,6,8,5,50.0,0.2918522357940674,1920.0
20260213_151714,RRCE_PNE,4898,1,48980001,100.0,100.0,16,60,7,6,4,32.0,0.22963905334472656,893.3333333333333
20260213_151714,RRCE_PNE,7886,1,78860001,100.0,100.0,1,0,0,1,1,0.0,0.17699289321899414,0.0
20260213_151714,RRCE_PNE,7886,1,78860001,100.0,100.0,2,4,0,1,1,0.0,0.1759200096130371,0.0
20260213_151714,RRCE_PNE,7886,1,78860001,100.0,100.0,3,8,0,2,2,0.0,0.19681501388549805,0.0
20260213_151714,RRCE_PNE,7886,1,78860001,100.0,100.0,4,12,0,3,3,0.0,0.1964418888092041,0.0
20260213_151714,RRCE_PNE,7886,1,78860001,100.0,100.0,5,16,0,1,1,0.0,0.17606782913208008,0.0
20260213_151714,RRCE_PNE,7886,1,78860001,100.0,100.0,6,20,0,7,4,12.0,0.0004410743713378906,1000.0
20260213_151714,RRCE_PNE,7886,1,78860001,100.0,100.0,7,24,1,10,5,30.0,0.7112388610839844,1285.0
20260213_151714,RRCE_PNE,7886,1,78860001,100.0,100.0,8,28,2,6,5,10.0,0.24958086013793945,395.0
20260213_151714,RRCE_PNE,7886,1,78860001,100.0,100.0,9,32,4,3,2,4.0,0.20549893379211426,500.0
20260213_151714,RRCE_PNE,7886,1,78860001,100.0,100.0,10,36,4,6,4,14.0,0.0003299713134765625,740.0
20260213_151714,RRCE_PNE,7886,1,78860001,100.0,100.0,11,40,5,8,5,20.0,0.2487478256225586,895.0
20260213_151714,RRCE_PNE,7886,1,78860001,100.0,100.0,12,44,6,6,3,12.0,0.25289392471313477,860.0
20260213_151714,RRCE_PNE,7886,1,78860001,100.0,100.0,13,48,5,9,3,38.0,0.2573568820953369,1173.3333333333333
20260213_151714,RRCE_PNE,7886,1,78860001,100.0,100.0,14,52,5,13,4,36.0,0.48184800148010254,960.0
20260213_151714,RRCE_PNE,7886,1,78860001,100.0,100.0,15,56,5,11,7,157.0,0.4550909996032715,2070.0
20260213_151714,RRCE_PNE,7886,1,78860001,100.0,100.0,16,60,8,7,5,39.0,0.2570309638977051,1480.0
20260213_151714,RRCE_PNE,4410,1,44100001,100.0,100.0,1,0,0,1,1,0.0,0.17633986473083496,0.0
20260213_151714,RRCE_PNE,4410,1,44100001,100.0,100.0,2,4,0,1,1,0.0,0.17561101913452148,0.0
20260213_151714,RRCE_PNE,4410,1,44100001,100.0,100.0,3,8,0,2,2,0.0,0.1968228816986084,0.0
20260213_151714,RRCE_PNE,4410,1,44100001,100.0,100.0,4,12,0,3,3,0.0,0.20935916900634766,0.0
20260213_151714,RRCE_PNE,4410,1,44100001,100.0,100.0,5,16,0,1,1,0.0,0.17664003372192383,0.0
20260213_151714,RRCE_PNE,4410,1,44100001,100.0,100.0,6,20,0,7,4,12.0,0.0005650520324707031,1000.0
20260213_151714,RRCE_PNE,4410,1,44100001,100.0,100.0,7,24,1,10,5,30.0,0.7029268741607666,1285.0
20260213_151714,RRCE_PNE,4410,1,44100001,100.0,100.0,8,28,2,6,5,10.0,0.24911904335021973,395.0
20260213_151714,RRCE_PNE,4410,1,44100001,100.0,100.0,9,32,4,3,3,6.0,0.20618104934692383,170.0
20260213_151714,RRCE_PNE,4410,1,44100001,100.0,100.0,10,36,5,5,5,9.0,0.2545769214630127,535.0
20260213_151714,RRCE_PNE,4410,1,44100001,100.0,100.0,11,40,6,6,4,16.0,0.25143885612487793,1290.0
20260213_151714,RRCE_PNE,4410,1,44100001,100.0,100.0,12,44,6,5,4,20.0,0.2507328987121582,1220.0
20260213_151714,RRCE_PNE,4410,1,44100001,100.0,100.0,13,48,6,7,4,32.0,0.23144292831420898,880.0
20260213_151714,RRCE_PNE,4410,1,44100001,100.0,100.0,14,52,6,10,4,48.0,0.004297971725463867,2040.0
20260213_151714,RRCE_PNE,4410,1,44100001,100.0,100.0,15,56,6,8,5,50.0,0.2809751033782959,1920.0
20260213_151714,RRCE_PNE,4410,1,44100001,100.0,100.0,16,60,7,6,4,32.0,0.23076200485229492,893.3333333333333
20260213_151714,RRCE_PNE,8260,1,82600001,100.0,100.0,1,0,0,1,1,0.0,0.17791318893432617,0.0
20260213_151714,RRCE_PNE,8260,1,82600001,100.0,100.0,2,4,0,1,1,0.0,0.17755889892578125,0.0
20260213_151714,RRCE_PNE,8260,1,82600001,100.0,100.0,3,8,0,2,2,0.0,0.43537282943725586,0.0
20260213_151714,RRCE_PNE,8260,1,82600001,100.0,100.0,4,12,0,3,3,0.0,0.19641995429992676,0.0
20260213_151714,RRCE_PNE,8260,1,82600001,100.0,100.0,5,16,0,1,1,0.0,0.17624592781066895,0.0
20260213_151714,RRCE_PNE,8260,1,82600001,100.0,100.0,6,20,0,7,4,12.0,0.0004329681396484375,1000.0
20260213_151714,RRCE_PNE,8260,1,82600001,100.0,100.0,7,24,1,10,5,30.0,0.7237610816955566,1285.0
20260213_151714,RRCE_PNE,8260,1,82600001,100.0,100.0,8,28,2,6,5,10.0,0.25017404556274414,436.66666666666663
20260213_151714,RRCE_PNE,8260,1,82600001,100.0,100.0,9,32,4,3,3,6.0,0.22992277145385742,100.0
20260213_151714,RRCE_PNE,8260,1,82600001,100.0,100.0,10,36,5,5,5,9.0,0.2547190189361572,535.0
20260213_151714,RRCE_PNE,8260,1,82600001,100.0,100.0,11,40,6,6,4,16.0,0.25028419494628906,1290.0
20260213_151714,RRCE_PNE,8260,1,82600001,100.0,100.0,12,44,6,5,4,20.0,0.2503359317779541,1220.0
20260213_151714,RRCE_PNE,8260,1,82600001,100.0,100.0,13,48,6,7,4,32.0,0.2297070026397705,880.0
20260213_151714,RRCE_PNE,8260,1,82600001,100.0,100.0,14,52,6,10,4,48.0,0.003058910369873047,2040.0
20260213_151714,RRCE_PNE,8260,1,82600001,100.0,100.0,15,56,6,8,5,50.0,0.28038501739501953,1920.0
20260213_151714,RRCE_PNE,8260,1,82600001,100.0,100.0,16,60,7,6,4,32.0,0.23012685775756836,893.3333333333333
20260213_151714,RRCE_PNE,5346,1,53460001,100.0,100.0,1,0,0,1,1,0.0,0.17694807052612305,0.0
20260213_151714,RRCE_PNE,5346,1,53460001,100.0,100.0,2,4,0,1,1,0.0,0.17680811882019043,0.0
20260213_151714,RRCE_PNE,5346,1,53460001,100.0,100.0,3,8,0,2,2,0.0,0.19650912284851074,0.0
20260213_151714,RRCE_PNE,5346,1,53460001,100.0,100.0,4,12,0,3,3,0.0,0.19647812843322754,0.0
20260213_151714,RRCE_PNE,5346,1,53460001,100.0,100.0,5,16,0,1,1,0.0,0.17543983459472656,0.0
20260213_151714,RRCE_PNE,5346,1,53460001,100.0,100.0,6,20,0,7,4,12.0,0.0004811286926269531,1000.0
20260213_151714,RRCE_PNE,5346,1,53460001,100.0,100.0,7,24,1,10,5,30.0,0.7017650604248047,1285.0
20260213_151714,RRCE_PNE,5346,1,53460001,100.0,100.0,8,28,2,6,5,10.0,0.24986600875854492,436.66666666666663
20260213_151714,RRCE_PNE,5346,1,53460001,100.0,100.0,9,32,4,3,3,6.0,0.2295680046081543,100.0
20260213_151714,RRCE_PNE,5346,1,53460001,100.0,100.0,10,36,5,5,5,9.0,0.26782798767089844,535.0
20260213_151714,RRCE_PNE,5346,1,53460001,100.0,100.0,11,40,6,6,4,16.0,0.2514829635620117,1290.0
20260213_151714,RRCE_PNE,5346,1,53460001,100.0,100.0,12,44,6,5,4,20.0,0.25187087059020996,1220.0
20260213_151714,RRCE_PNE,5346,1,53460001,100.0,100.0,13,48,6,7,4,32.0,0.2398838996887207,880.0
20260213_151714,RRCE_PNE,5346,1,53460001,100.0,100.0,14,52,6,10,4,48.0,0.0035719871520996094,2040.0
20260213_151714,RRCE_PNE,5346,1,53460001,100.0,100.0,15,56,6,8,5,50.0,0.28076910972595215,1920.0
20260213_151714,RRCE_PNE,5346,1,53460001,100.0,100.0,16,60,7,6,4,32.0,0.23089385032653809,893.3333333333333
20260213_151714,RRCE_PNE,1574,1,15740001,100.0,100.0,1,0,0,1,1,0.0,0.17609715461730957,0.0
20260213_151714,RRCE_PNE,1574,1,15740001,100.0,100.0,2,4,0,1,1,0.0,0.17635202407836914,0.0
20260213_151714,RRCE_PNE,1574,1,15740001,100.0,100.0,3,8,0,2,2,0.0,0.1967158317565918,0.0
20260213_151714,RRCE_PNE,1574,1,15740001,100.0,100.0,4,12,0,3,3,0.0,0.1973118782043457,0.0
20260213_151714,RRCE_PNE,1574,1,15740001,100.0,100.0,5,16,0,1,1,0.0,0.17615199089050293,0.0
20260213_151714,RRCE_PNE,1574,1,15740001,100.0,100.0,6,20,0,7,4,12.0,0.0005199909210205078,1000.0
20260213_151714,RRCE_PNE,1574,1,15740001,100.0,100.0,7,24,1,10,5,30.0,0.7030768394470215,1285.0
20260213_151714,RRCE_PNE,1574,1,15740001,100.0,100.0,8,28,2,6,5,10.0,0.24955201148986816,436.66666666666663
20260213_151714,RRCE_PNE,1574,1,15740001,100.0,100.0,9,32,4,3,3,6.0,0.23058295249938965,100.0
20260213_151714,RRCE_PNE,1574,1,15740001,100.0,100.0,10,36,5,5,5,9.0,0.25626301765441895,535.0
20260213_151714,RRCE_PNE,1574,1,15740001,100.0,100.0,11,40,6,6,4,16.0,0.2522459030151367,1290.0
20260213_151714,RRCE_PNE,1574,1,15740001,100.0,100.0,12,44,6,5,4,20.0,0.25187206268310547,1220.0
20260213_151714,RRCE_PNE,1574,1,15740001,100.0,100.0,13,48,6,7,4,32.0,0.23328590393066406,880.0
20260213_151714,RRCE_PNE,1574,1,15740001,100.0,100.0,14,52,6,10,4,48.0,0.004214048385620117,2040.0
20260213_151714,RRCE_PNE,1574,1,15740001,100.0,100.0,15,56,6,8,5,50.0,0.3041231632232666,1920.0
20260213_151714,RRCE_PNE,1574,1,15740001,100.0,100.0,16,60,7,6,4,32.0,0.24453306198120117,893.3333333333333
20260213_151714,RRCE_PNE,4719,1,47190001,100.0,100.0,1,0,0,1,1,0.0,0.18724989891052246,0.0
20260213_151714,RRCE_PNE,4719,1,47190001,100.0,100.0,2,4,0,1,1,0.0,0.18705296516418457,0.0
20260213_151714,RRCE_PNE,4719,1,47190001,100.0,100.0,3,8,0,2,2,0.0,0.20823192596435547,0.0
20260213_151714,RRCE_PNE,4719,1,47190001,100.0,100.0,4,12,0,3,3,0.0,0.20751619338989258,0.0
20260213_151714,RRCE_PNE,4719,1,47190001,100.0,100.0,5,16,0,1,1,0.0,0.4071991443634033,0.0
20260213_151714,RRCE_PNE,4719,1,47190001,100.0,100.0,6,20,0,7,4,12.0,0.00046706199645996094,1000.0
20260213_151714,RRCE_PNE,4719,1,47190001,100.0,100.0,7,24,1,10,5,30.0,0.705096960067749,1250.0
20260213_151714,RRCE_PNE,4719,1,47190001,100.0,100.0,8,28,2,6,5,10.0,0.3025350570678711,436.66666666666663
20260213_151714,RRCE_PNE,4719,1,47190001,100.0,100.0,9,32,4,3,3,6.0,0.2309260368347168,100.0
20260213_151714,RRCE_PNE,4719,1,47190001,100.0,100.0,10,36,5,5,5,9.0,0.25548696517944336,535.0
20260213_151714,RRCE_PNE,4719,1,47190001,100.0,100.0,11,40,6,6,4,16.0,0.2520639896392822,1290.0
20260213_151714,RRCE_PNE,4719,1,47190001,100.0,100.0,12,44,6,5,4,20.0,0.2521169185638428,1220.0
20260213_151714,RRCE_PNE,4719,1,47190001,100.0,100.0,13,48,6,7,4,32.0,0.23145413398742676,880.0
20260213_151714,RRCE_PNE,4719,1,47190001,100.0,100.0,14,52,6,10,4,48.0,0.0031599998474121094,2040.0
20260213_151714,RRCE_PNE,4719,1,47190001,100.0,100.0,15,56,6,8,5,50.0,0.28337597846984863,1920.0
20260213_151714,RRCE_PNE,4719,1,47190001,100.0,100.0,16,60,7,6,4,32.0,0.23133301734924316,893.3333333333333
20260213_151714,RRCE_PNE,6566,1,65660001,100.0,100.0,1,0,0,1,1,0.0,0.17811894416809082,0.0
20260213_151714,RRCE_PNE,6566,1,65660001,100.0,100.0,2,4,0,1,1,0.0,0.1778709888458252,0.0
20260213_151714,RRCE_PNE,6566,1,65660001,100.0,100.0,3,8,0,2,2,0.0,0.2113358974456787,0.0
20260213_151714,RRCE_PNE,6566,1,65660001,100.0,100.0,4,12,0,3,3,0.0,0.19789981842041016,0.0
20260213_151714,RRCE_PNE,6566,1,65660001,100.0,100.0,5,16,0,1,1,0.0,0.17754697799682617,0.0
20260213_151714,RRCE_PNE,6566,1,65660001,100.0,100.0,6,20,0,7,4,12.0,0.00048804283142089844,1000.0
20260213_151714,RRCE_PNE,6566,1,65660001,100.0,100.0,7,24,1,10,5,30.0,0.7072300910949707,1001.6666666666667
20260213_151714,RRCE_PNE,6566,1,65660001,100.0,100.0,8,28,2,6,5,10.0,0.2318110466003418,268.3333333333333
20260213_151714,RRCE_PNE,6566,1,65660001,100.0,100.0,9,32,4,3,3,6.0,0.2074451446533203,170.0
20260213_151714,RRCE_PNE,6566,1,65660001,100.0,100.0,10,36,5,5,5,9.0,0.2693030834197998,535.0
20260213_151714,RRCE_PNE,6566,1,65660001,100.0,100.0,11,40,6,6,4,16.0,0.2520270347595215,1290.0
20260213_151714,RRCE_PNE,6566,1,65660001,100.0,100.0,12,44,6,5,4,20.0,0.25219082832336426,1220.0
20260213_151714,RRCE_PNE,6566,1,65660001,100.0,100.0,13,48,6,7,4,32.0,0.23290085792541504,880.0
20260213_151714,RRCE_PNE,6566,1,65660001,100.0,100.0,14,52,6,10,4,48.0,0.0035500526428222656,2040.0
20260213_151714,RRCE_PNE,6566,1,65660001,100.0,100.0,15,56,6,8,5,50.0,0.28095293045043945,1920.0
20260213_151714,RRCE_PNE,6566,1,65660001,100.0,100.0,16,60,7,6,4,32.0,0.23107194900512695,893.3333333333333
20260213_151714,RRCE_PNE,9071,1,90710001,100.0,100.0,1,0,0,1,1,0.0,0.17635393142700195,0.0
20260213_151714,RRCE_PNE,9071,1,90710001,100.0,100.0,2,4,0,1,1,0.0,0.17645812034606934,0.0
20260213_151714,RRCE_PNE,9071,1,90710001,100.0,100.0,3,8,0,2,2,0.0,0.1967461109161377,0.0
20260213_151714,RRCE_PNE,9071,1,90710001,100.0,100.0,4,12,0,3,3,0.0,0.19643211364746094,0.0
20260213_151714,RRCE_PNE,9071,1,90710001,100.0,100.0,5,16,0,1,1,0.0,0.17545604705810547,0.0
20260213_151714,RRCE_PNE,9071,1,90710001,100.0,100.0,6,20,0,7,4,12.0,0.0004608631134033203,1000.0
20260213_151714,RRCE_PNE,9071,1,90710001,100.0,100.0,7,24,1,10,5,30.0,0.7139561176300049,1285.0
20260213_151714,RRCE_PNE,9071,1,90710001,100.0,100.0,8,28,2,6,5,10.0,0.24962997436523438,436.66666666666663
20260213_151714,RRCE_PNE,9071,1,90710001,100.0,100.0,9,32,4,3,3,6.0,0.22876691818237305,100.0
20260213_151714,RRCE_PNE,9071,1,90710001,100.0,100.0,10,36,5,5,5,9.0,0.2542839050292969,535.0
20260213_151714,RRCE_PNE,9071,1,90710001,100.0,100.0,11,40,6,6,4,16.0,0.25154781341552734,1290.0
20260213_151714,RRCE_PNE,9071,1,90710001,100.0,100.0,12,44,6,5,4,20.0,0.2514028549194336,1220.0
20260213_151714,RRCE_PNE,9071,1,90710001,100.0,100.0,13,48,6,7,4,32.0,0.2312638759613037,880.0
20260213_151714,RRCE_PNE,9071,1,90710001,100.0,100.0,14,52,6,10,4,48.0,0.00409698486328125,2040.0
20260213_151714,RRCE_PNE,9071,1,90710001,100.0,100.0,15,56,6,8,5,50.0,0.28001904487609863,1920.0
20260213_151714,RRCE_PNE,9071,1,90710001,100.0,100.0,16,60,7,6,4,32.0,0.2317640781402588,893.3333333333333
20260213_151714,RRCE_PNE,9416,1,94160001,100.0,100.0,1,0,0,1,1,0.0,0.1778099536895752,0.0
20260213_151714,RRCE_PNE,9416,1,94160001,100.0,100.0,2,4,0,1,1,0.0,0.1776599884033203,0.0
20260213_151714,RRCE_PNE,9416,1,94160001,100.0,100.0,3,8,0,2,2,0.0,0.19842910766601562,0.0
20260213_151714,RRCE_PNE,9416,1,94160001,100.0,100.0,4,12,0,3,3,0.0,0.19893097877502441,0.0
20260213_151714,RRCE_PNE,9416,1,94160001,100.0,100.0,5,16,0,1,1,0.0,0.177962064743042,0.0
20260213_151714,RRCE_PNE,9416,1,94160001,100.0,100.0,6,20,0,7,4,12.0,0.0005688667297363281,1000.0
20260213_151714,RRCE_PNE,9416,1,94160001,100.0,100.0,7,24,1,10,5,30.0,0.9564559459686279,1285.0
20260213_151714,RRCE_PNE,9416,1,94160001,100.0,100.0,8,28,3,6,5,10.0,0.2700948715209961,436.66666666666663
20260213_151714,RRCE_PNE,9416,1,94160001,100.0,100.0,9,32,4,3,3,6.0,0.23017191886901855,100.0
20260213_151714,RRCE_PNE,9416,1,94160001,100.0,100.0,10,36,5,5,5,9.0,0.2773890495300293,535.0
20260213_151714,RRCE_PNE,9416,1,94160001,100.0,100.0,11,40,6,6,4,16.0,0.2512211799621582,1290.0
20260213_151714,RRCE_PNE,9416,1,94160001,100.0,100.0,12,44,6,5,4,20.0,0.2518789768218994,1220.0
20260213_151714,RRCE_PNE,9416,1,94160001,100.0,100.0,13,48,6,7,4,32.0,0.23076605796813965,880.0
20260213_151714,RRCE_PNE,9416,1,94160001,100.0,100.0,14,52,6,10,4,48.0,0.0029900074005126953,2040.0
20260213_151714,RRCE_PNE,9416,1,94160001,100.0,100.0,15,56,6,8,5,50.0,0.2810678482055664,1920.0
20260213_151714,RRCE_PNE,9416,1,94160001,100.0,100.0,16,60,7,6,4,32.0,0.22992587089538574,893.3333333333333
20260213_151714,RRCE_PNE,1942,1,19420001,100.0,100.0,1,0,0,1,1,0.0,0.17728304862976074,0.0
20260213_151714,RRCE_PNE,1942,1,19420001,100.0,100.0,2,4,0,1,1,0.0,0.17629218101501465,0.0
20260213_151714,RRCE_PNE,1942,1,19420001,100.0,100.0,3,8,0,2,2,0.0,0.19715499877929688,0.0
20260213_151714,RRCE_PNE,1942,1,19420001,100.0,100.0,4,12,0,3,3,0.0,0.1965041160583496,0.0
20260213_151714,RRCE_PNE,1942,1,19420001,100.0,100.0,5,16,0,1,1,0.0,0.17675113677978516,0.0
20260213_151714,RRCE_PNE,1942,1,19420001,100.0,100.0,6,20,0,7,4,12.0,0.000453948974609375,1000.0
20260213_151714,RRCE_PNE,1942,1,19420001,100.0,100.0,7,24,1,10,5,30.0,0.704380989074707,1001.6666666666667
20260213_151714,RRCE_PNE,1942,1,19420001,100.0,100.0,8,28,3,6,5,10.0,0.22985315322875977,268.3333333333333
20260213_151714,RRCE_PNE,1942,1,19420001,100.0,100.0,9,32,4,3,3,6.0,0.20517492294311523,170.0
20260213_151714,RRCE_PNE,1942,1,19420001,100.0,100.0,10,36,5,5,5,9.0,0.25377988815307617,535.0
20260213_151714,RRCE_PNE,1942,1,19420001,100.0,100.0,11,40,6,6,4,16.0,0.25126099586486816,1290.0
20260213_151714,RRCE_PNE,1942,1,19420001,100.0,100.0,12,44,6,5,4,20.0,0.2502751350402832,1220.0
20260213_151714,RRCE_PNE,1942,1,19420001,100.0,100.0,13,48,6,7,4,32.0,0.2307720184326172,880.0
20260213_151714,RRCE_PNE,1942,1,19420001,100.0,100.0,14,52,6,10,4,48.0,0.003422975540161133,2040.0
20260213_151714,RRCE_PNE,1942,1,19420001,100.0,100.0,15,56,6,8,5,50.0,0.2924988269805908,1920.0
20260213_151714,RRCE_PNE,1942,1,19420001,100.0,100.0,16,60,7,6,4,32.0,0.23114991188049316,893.3333333333333
20260213_151714,RRCE_PNE,1562,1,15620001,100.0,100.0,1,0,0,1,1,0.0,0.18731403350830078,0.0
20260213_151714,RRCE_PNE,1562,1,15620001,100.0,100.0,2,4,0,1,1,0.0,0.17646098136901855,0.0
20260213_151714,RRCE_PNE,1562,1,15620001,100.0,100.0,3,8,0,2,2,0.0,0.1979811191558838,0.0
20260213_151714,RRCE_PNE,1562,1,15620001,100.0,100.0,4,12,0,3,3,0.0,0.19777202606201172,0.0
20260213_151714,RRCE_PNE,1562,1,15620001,100.0,100.0,5,16,0,1,1,0.0,0.17638111114501953,0.0
20260213_151714,RRCE_PNE,1562,1,15620001,100.0,100.0,6,20,0,7,4,12.0,0.0004990100860595703,1000.0
20260213_151714,RRCE_PNE,1562,1,15620001,100.0,100.0,7,24,1,10,5,30.0,0.7038159370422363,825.0
20260213_151714,RRCE_PNE,1562,1,15620001,100.0,100.0,8,28,2,6,5,10.0,0.30179882049560547,1070.0
20260213_151714,RRCE_PNE,1562,1,15620001,100.0,100.0,9,32,4,3,3,6.0,0.22980403900146484,100.0
20260213_151714,RRCE_PNE,1562,1,15620001,100.0,100.0,10,36,5,5,4,4.0,0.25323009490966797,720.0
20260213_151714,RRCE_PNE,1562,1,15620001,100.0,100.0,11,40,5,7,4,22.0,0.0004508495330810547,1080.0
20260213_151714,RRCE_PNE,1562,1,15620001,100.0,100.0,12,44,5,6,4,16.0,0.48258185386657715,1500.0
20260213_151714,RRCE_PNE,1562,1,15620001,100.0,100.0,13,48,5,8,3,44.0,0.0008499622344970703,1186.6666666666665
20260213_151714,RRCE_PNE,1562,1,15620001,100.0,100.0,14,52,6,12,4,56.0,0.016921043395996094,1440.0
20260213_151714,RRCE_PNE,1562,1,15620001,100.0,100.0,15,56,6,10,5,50.0,0.4886159896850586,540.0
20260213_151714,RRCE_PNE,1562,1,15620001,100.0,100.0,16,60,7,8,5,40.0,0.42923903465270996,1695.0
20260213_151714,RRCE_PNE,2244,1,22440001,100.0,100.0,1,0,0,1,1,0.0,0.17822003364562988,0.0
20260213_151714,RRCE_PNE,2244,1,22440001,100.0,100.0,2,4,0,1,1,0.0,0.18999385833740234,0.0
20260213_151714,RRCE_PNE,2244,1,22440001,100.0,100.0,3,8,0,2,2,0.0,0.19866108894348145,0.0
20260213_151714,RRCE_PNE,2244,1,22440001,100.0,100.0,4,12,0,3,3,0.0,0.19831013679504395,0.0
20260213_151714,RRCE_PNE,2244,1,22440001,100.0,100.0,5,16,0,1,1,0.0,0.17806100845336914,0.0
20260213_151714,RRCE_PNE,2244,1,22440001,100.0,100.0,6,20,0,7,4,12.0,0.0005679130554199219,1000.0
20260213_151714,RRCE_PNE,2244,1,22440001,100.0,100.0,7,24,1,10,5,30.0,0.9296491146087646,825.0
20260213_151714,RRCE_PNE,2244,1,22440001,100.0,100.0,8,28,2,6,5,10.0,0.3003690242767334,395.0
20260213_151714,RRCE_PNE,2244,1,22440001,100.0,100.0,9,32,4,3,3,6.0,0.2304680347442627,240.0
20260213_151714,RRCE_PNE,2244,1,22440001,100.0,100.0,10,36,5,5,5,9.0,0.25388407707214355,535.0
20260213_151714,RRCE_PNE,2244,1,22440001,100.0,100.0,11,40,6,6,4,16.0,0.2505350112915039,1290.0
20260213_151714,RRCE_PNE,2244,1,22440001,100.0,100.0,12,44,6,5,4,20.0,0.25196218490600586,1220.0
20260213_151714,RRCE_PNE,2244,1,22440001,100.0,100.0,13,48,6,7,4,32.0,0.23096108436584473,880.0
20260213_151714,RRCE_PNE,2244,1,22440001,100.0,100.0,14,52,6,10,4,48.0,0.003098011016845703,2040.0
20260213_151714,RRCE_PNE,2244,1,22440001,100.0,100.0,15,56,6,8,5,50.0,0.28173303604125977,1920.0
20260213_151714,RRCE_PNE,2244,1,22440001,100.0,100.0,16,60,7,6,4,32.0,0.23165607452392578,893.3333333333333
20260213_151714,RRCE_PNE,7298,1,72980001,100.0,100.0,1,0,0,1,1,0.0,0.17991018295288086,0.0
20260213_151714,RRCE_PNE,7298,1,72980001,100.0,100.0,2,4,0,1,1,0.0,0.17634296417236328,0.0
20260213_151714,RRCE_PNE,7298,1,72980001,100.0,100.0,3,8,0,2,2,0.0,0.19736814498901367,0.0
20260213_151714,RRCE_PNE,7298,1,72980001,100.0,100.0,4,12,0,3,3,0.0,0.19759583473205566,0.0
20260213_151714,RRCE_PNE,7298,1,72980001,100.0,100.0,5,16,0,1,1,0.0,0.17650294303894043,0.0
20260213_151714,RRCE_PNE,7298,1,72980001,100.0,100.0,6,20,0,7,4,12.0,0.0005230903625488281,1000.0
20260213_151714,RRCE_PNE,7298,1,72980001,100.0,100.0,7,24,1,10,5,30.0,0.7174890041351318,1285.0
20260213_151714,RRCE_PNE,7298,1,72980001,100.0,100.0,8,28,3,6,5,10.0,0.27028679847717285,436.66666666666663
20260213_151714,RRCE_PNE,7298,1,72980001,100.0,100.0,9,32,4,3,3,6.0,0.22948908805847168,100.0
20260213_151714,RRCE_PNE,7298,1,72980001,100.0,100.0,10,36,5,5,5,9.0,0.25393104553222656,535.0
20260213_151714,RRCE_PNE,7298,1,72980001,100.0,100.0,11,40,6,6,4,16.0,0.25145983695983887,1290.0
20260213_151714,RRCE_PNE,7298,1,72980001,100.0,100.0,12,44,6,5,4,20.0,0.2510550022125244,1220.0
20260213_151714,RRCE_PNE,7298,1,72980001,100.0,100.0,13,48,6,7,4,32.0,0.2406301498413086,880.0
20260213_151714,RRCE_PNE,7298,1,72980001,100.0,100.0,14,52,6,10,4,48.0,0.0036160945892333984,2040.0
20260213_151714,RRCE_PNE,7298,1,72980001,100.0,100.0,15,56,6,8,5,50.0,0.2806580066680908,1920.0
20260213_151714,RRCE_PNE,7298,1,72980001,100.0,100.0,16,60,7,6,4,32.0,0.2306230068206787,893.3333333333333
20260213_151714,RRCE_PNE,8847,1,88470001,100.0,100.0,1,0,0,1,1,0.0,0.17712187767028809,0.0
20260213_151714,RRCE_PNE,8847,1,88470001,100.0,100.0,2,4,0,1,1,0.0,0.17590785026550293,0.0
20260213_151714,RRCE_PNE,8847,1,88470001,100.0,100.0,3,8,0,2,2,0.0,0.1971421241760254,0.0
20260213_151714,RRCE_PNE,8847,1,88470001,100.0,100.0,4,12,0,3,3,0.0,0.19733691215515137,0.0
20260213_151714,RRCE_PNE,8847,1,88470001,100.0,100.0,5,16,0,1,1,0.0,0.17636799812316895,0.0
20260213_151714,RRCE_PNE,8847,1,88470001,100.0,100.0,6,20,0,7,4,12.0,0.0004799365997314453,1000.0
20260213_151714,RRCE_PNE,8847,1,88470001,100.0,100.0,7,24,1,10,5,30.0,0.7020459175109863,825.0
20260213_151714,RRCE_PNE,8847,1,88470001,100.0,100.0,8,28,2,6,5,10.0,0.31290102005004883,1070.0
20260213_151714,RRCE_PNE,8847,1,88470001,100.0,100.0,9,32,4,3,3,6.0,0.23087692260742188,100.0
20260213_151714,RRCE_PNE,8847,1,88470001,100.0,100.0,10,36,5,5,5,9.0,0.2547740936279297,535.0
20260213_151714,RRCE_PNE,8847,1,88470001,100.0,100.0,11,40,6,6,4,16.0,0.2512798309326172,1290.0
20260213_151714,RRCE_PNE,8847,1,88470001,100.0,100.0,12,44,6,5,4,20.0,0.2519381046295166,1220.0
20260213_151714,RRCE_PNE,8847,1,88470001,100.0,100.0,13,48,6,7,4,32.0,0.2310199737548828,880.0
20260213_151714,RRCE_PNE,8847,1,88470001,100.0,100.0,14,52,6,10,4,48.0,0.0040280818939208984,2040.0
20260213_151714,RRCE_PNE,8847,1,88470001,100.0,100.0,15,56,6,8,5,50.0,0.2814209461212158,1920.0
20260213_151714,RRCE_PNE,8847,1,88470001,100.0,100.0,16,60,7,6,4,32.0,0.23222589492797852,893.3333333333333
20260213_151714,RRCE_PNE,6318,1,63180001,100.0,100.0,1,0,0,1,1,0.0,0.17806696891784668,0.0
20260213_151714,RRCE_PNE,6318,1,63180001,100.0,100.0,2,4,0,1,1,0.0,0.1802830696105957,0.0
20260213_151714,RRCE_PNE,6318,1,63180001,100.0,100.0,3,8,0,2,2,0.0,0.19808387756347656,0.0
20260213_151714,RRCE_PNE,6318,1,63180001,100.0,100.0,4,12,0,3,3,0.0,0.19838213920593262,0.0
20260213_151714,RRCE_PNE,6318,1,63180001,100.0,100.0,5,16,0,1,1,0.0,0.1870880126953125,0.0
20260213_151714,RRCE_PNE,6318,1,63180001,100.0,100.0,6,20,0,7,4,12.0,0.0005960464477539062,1000.0
20260213_151714,RRCE_PNE,6318,1,63180001,100.0,100.0,7,24,1,10,5,30.0,0.9586188793182373,825.0
20260213_151714,RRCE_PNE,6318,1,63180001,100.0,100.0,8,28,2,6,5,10.0,0.30141592025756836,395.0
20260213_151714,RRCE_PNE,6318,1,63180001,100.0,100.0,9,32,4,3,3,6.0,0.23128294944763184,240.0
20260213_151714,RRCE_PNE,6318,1,63180001,100.0,100.0,10,36,5,5,5,9.0,0.25446391105651855,535.0
20260213_151714,RRCE_PNE,6318,1,63180001,100.0,100.0,11,40,6,6,5,26.0,0.2635829448699951,1135.0
20260213_151714,RRCE_PNE,6318,1,63180001,100.0,100.0,12,44,7,4,4,18.0,0.251392126083374,1500.0
20260213_151714,RRCE_PNE,6318,1,63180001,100.0,100.0,13,48,7,6,4,32.0,0.2302401065826416,1460.0
20260213_151714,RRCE_PNE,6318,1,63180001,100.0,100.0,14,52,7,9,4,40.0,0.0014710426330566406,2400.0
20260213_151714,RRCE_PNE,6318,1,63180001,100.0,100.0,15,56,7,7,5,45.0,0.2553238868713379,1850.0
20260213_151714,RRCE_PNE,6318,1,63180001,100.0,100.0,16,60,8,5,4,36.0,0.2312788963317871,1360.0
20260213_151714,RRCE_PNE,7261,1,72610001,100.0,100.0,1,0,0,1,1,0.0,0.17777299880981445,0.0
20260213_151714,RRCE_PNE,7261,1,72610001,100.0,100.0,2,4,0,1,1,0.0,0.17677712440490723,0.0
20260213_151714,RRCE_PNE,7261,1,72610001,100.0,100.0,3,8,0,2,2,0.0,0.19801092147827148,0.0
20260213_151714,RRCE_PNE,7261,1,72610001,100.0,100.0,4,12,0,3,3,0.0,0.19729995727539062,0.0
20260213_151714,RRCE_PNE,7261,1,72610001,100.0,100.0,5,16,0,1,1,0.0,0.17511606216430664,0.0
20260213_151714,RRCE_PNE,7261,1,72610001,100.0,100.0,6,20,0,7,4,12.0,0.0004608631134033203,1000.0
20260213_151714,RRCE_PNE,7261,1,72610001,100.0,100.0,7,24,1,10,5,30.0,0.7014610767364502,1285.0
20260213_151714,RRCE_PNE,7261,1,72610001,100.0,100.0,8,28,2,6,5,10.0,0.2691218852996826,436.66666666666663
20260213_151714,RRCE_PNE,7261,1,72610001,100.0,100.0,9,32,4,3,3,6.0,0.23924803733825684,100.0
20260213_151714,RRCE_PNE,7261,1,72610001,100.0,100.0,10,36,5,5,5,9.0,0.25374603271484375,535.0
20260213_151714,RRCE_PNE,7261,1,72610001,100.0,100.0,11,40,6,6,4,16.0,0.25095701217651367,1290.0
20260213_151714,RRCE_PNE,7261,1,72610001,100.0,100.0,12,44,6,5,4,20.0,0.2507798671722412,1220.0
20260213_151714,RRCE_PNE,7261,1,72610001,100.0,100.0,13,48,6,7,4,32.0,0.2305600643157959,880.0
20260213_151714,RRCE_PNE,7261,1,72610001,100.0,100.0,14,52,6,10,4,48.0,0.0035109519958496094,2040.0
20260213_151714,RRCE_PNE,7261,1,72610001,100.0,100.0,15,56,6,8,5,50.0,0.28117990493774414,1920.0
20260213_151714,RRCE_PNE,7261,1,72610001,100.0,100.0,16,60,7,6,4,32.0,0.2432258129119873,893.3333333333333
20260213_151714,RRCE_PNE,3149,1,31490001,100.0,100.0,1,0,0,1,1,0.0,0.17808294296264648,0.0
20260213_151714,RRCE_PNE,3149,1,31490001,100.0,100.0,2,4,0,1,1,0.0,0.1764521598815918,0.0
20260213_151714,RRCE_PNE,3149,1,31490001,100.0,100.0,3,8,0,2,2,0.0,0.19704890251159668,0.0
20260213_151714,RRCE_PNE,3149,1,31490001,100.0,100.0,4,12,0,3,3,0.0,0.19691991806030273,0.0
20260213_151714,RRCE_PNE,3149,1,31490001,100.0,100.0,5,16,0,1,1,0.0,0.17624592781066895,0.0
20260213_151714,RRCE_PNE,3149,1,31490001,100.0,100.0,6,20,0,7,4,12.0,0.0004839897155761719,1000.0
20260213_151714,RRCE_PNE,3149,1,31490001,100.0,100.0,7,24,1,10,5,30.0,0.7047932147979736,825.0
20260213_151714,RRCE_PNE,3149,1,31490001,100.0,100.0,8,28,2,6,5,10.0,0.30024290084838867,395.0
20260213_151714,RRCE_PNE,3149,1,31490001,100.0,100.0,9,32,4,3,3,6.0,0.20493197441101074,170.0
20260213_151714,RRCE_PNE,3149,1,31490001,100.0,100.0,10,36,5,5,5,9.0,0.25330185890197754,535.0
20260213_151714,RRCE_PNE,3149,1,31490001,100.0,100.0,11,40,6,6,4,16.0,0.24919700622558594,1290.0
20260213_151714,RRCE_PNE,3149,1,31490001,100.0,100.0,12,44,6,5,4,20.0,0.2498939037322998,1220.0
20260213_151714,RRCE_PNE,3149,1,31490001,100.0,100.0,13,48,6,7,4,32.0,0.23044800758361816,880.0
20260213_151714,RRCE_PNE,3149,1,31490001,100.0,100.0,14,52,6,10,4,48.0,0.003534078598022461,2040.0
20260213_151714,RRCE_PNE,3149,1,31490001,100.0,100.0,15,56,6,8,5,50.0,0.2805600166320801,1920.0
20260213_151714,RRCE_PNE,3149,1,31490001,100.0,100.0,16,60,7,6,4,32.0,0.241469144821167,893.3333333333333
20260213_151714,RRCE_PNE,7427,1,74270001,100.0,100.0,1,0,0,1,1,0.0,0.17833995819091797,0.0
20260213_151714,RRCE_PNE,7427,1,74270001,100.0,100.0,2,4,0,1,1,0.0,0.17748284339904785,0.0
20260213_151714,RRCE_PNE,7427,1,74270001,100.0,100.0,3,8,0,2,2,0.0,0.19827604293823242,0.0
20260213_151714,RRCE_PNE,7427,1,74270001,100.0,100.0,4,12,0,3,3,0.0,0.19811511039733887,0.0
20260213_151714,RRCE_PNE,7427,1,74270001,100.0,100.0,5,16,0,1,1,0.0,0.190032958984375,0.0
20260213_151714,RRCE_PNE,7427,1,74270001,100.0,100.0,6,20,0,7,4,12.0,0.0005140304565429688,1000.0
20260213_151714,RRCE_PNE,7427,1,74270001,100.0,100.0,7,24,1,10,5,30.0,0.7098309993743896,825.0
20260213_151714,RRCE_PNE,7427,1,74270001,100.0,100.0,8,28,2,6,5,10.0,0.5301370620727539,685.0
20260213_151714,RRCE_PNE,7427,1,74270001,100.0,100.0,9,32,4,3,3,6.0,0.20530295372009277,170.0
20260213_151714,RRCE_PNE,7427,1,74270001,100.0,100.0,10,36,5,5,5,9.0,0.2541790008544922,535.0
20260213_151714,RRCE_PNE,7427,1,74270001,100.0,100.0,11,40,6,6,4,16.0,0.2512509822845459,1290.0
20260213_151714,RRCE_PNE,7427,1,74270001,100.0,100.0,12,44,6,5,3,16.0,0.25125694274902344,1290.0
20260213_151714,RRCE_PNE,7427,1,74270001,100.0,100.0,13,48,5,8,4,52.0,0.0007851123809814453,838.3333333333333
20260213_151714,RRCE_PNE,7427,1,74270001,100.0,100.0,14,52,7,11,4,48.0,0.005940914154052734,1740.0
20260213_151714,RRCE_PNE,7427,1,74270001,100.0,100.0,15,56,7,9,5,45.0,0.4289071559906006,1795.0
20260213_151714,RRCE_PNE,7427,1,74270001,100.0,100.0,16,60,8,7,4,32.0,0.2556610107421875,1360.0
20260213_151714,RRCE_PNE,6882,1,68820001,100.0,100.0,1,0,0,1,1,0.0,0.17715883255004883,0.0
20260213_151714,RRCE_PNE,6882,1,68820001,100.0,100.0,2,4,0,1,1,0.0,0.17650985717773438,0.0
20260213_151714,RRCE_PNE,6882,1,68820001,100.0,100.0,3,8,0,2,2,0.0,0.19803190231323242,0.0
20260213_151714,RRCE_PNE,6882,1,68820001,100.0,100.0,4,12,0,3,3,0.0,0.19829297065734863,0.0
20260213_151714,RRCE_PNE,6882,1,68820001,100.0,100.0,5,16,0,1,1,0.0,0.17701506614685059,0.0
20260213_151714,RRCE_PNE,6882,1,68820001,100.0,100.0,6,20,0,7,4,12.0,0.0004870891571044922,1000.0
20260213_151714,RRCE_PNE,6882,1,68820001,100.0,100.0,7,24,1,10,5,30.0,0.7276139259338379,1285.0
20260213_151714,RRCE_PNE,6882,1,68820001,100.0,100.0,8,28,2,6,5,10.0,0.26993489265441895,436.66666666666663
20260213_151714,RRCE_PNE,6882,1,68820001,100.0,100.0,9,32,4,3,3,6.0,0.2312610149383545,100.0
20260213_151714,RRCE_PNE,6882,1,68820001,100.0,100.0,10,36,5,5,5,9.0,0.256101131439209,535.0
20260213_151714,RRCE_PNE,6882,1,68820001,100.0,100.0,11,40,6,6,4,16.0,0.2541050910949707,1290.0
20260213_151714,RRCE_PNE,6882,1,68820001,100.0,100.0,12,44,6,5,4,20.0,0.2517361640930176,1220.0
20260213_151714,RRCE_PNE,6882,1,68820001,100.0,100.0,13,48,6,7,4,32.0,0.23225712776184082,880.0
20260213_151714,RRCE_PNE,6882,1,68820001,100.0,100.0,14,52,6,10,4,48.0,0.003513813018798828,2040.0
20260213_151714,RRCE_PNE,6882,1,68820001,100.0,100.0,15,56,6,8,5,50.0,0.28225183486938477,1920.0
20260213_151714,RRCE_PNE,6882,1,68820001,100.0,100.0,16,60,7,6,4,32.0,0.2314770221710205,893.3333333333333
20260213_151714,RRCE_PNE,9841,1,98410001,100.0,100.0,1,0,0,1,1,0.0,0.17846393585205078,0.0
20260213_151714,RRCE_PNE,9841,1,98410001,100.0,100.0,2,4,0,1,1,0.0,0.1775190830230713,0.0
20260213_151714,RRCE_PNE,9841,1,98410001,100.0,100.0,3,8,0,2,2,0.0,0.19779515266418457,0.0
20260213_151714,RRCE_PNE,9841,1,98410001,100.0,100.0,4,12,0,3,3,0.0,0.19800901412963867,0.0
20260213_151714,RRCE_PNE,9841,1,98410001,100.0,100.0,5,16,0,1,1,0.0,0.176652193069458,0.0
20260213_151714,RRCE_PNE,9841,1,98410001,100.0,100.0,6,20,0,7,4,12.0,0.0004699230194091797,1000.0
20260213_151714,RRCE_PNE,9841,1,98410001,100.0,100.0,7,24,1,10,5,30.0,0.7017619609832764,1285.0
20260213_151714,RRCE_PNE,9841,1,98410001,100.0,100.0,8,28,2,6,5,10.0,0.269334077835083,436.66666666666663
20260213_151714,RRCE_PNE,9841,1,98410001,100.0,100.0,9,32,4,3,3,6.0,0.23007702827453613,100.0
20260213_151714,RRCE_PNE,9841,1,98410001,100.0,100.0,10,36,5,5,5,9.0,0.25437092781066895,535.0
20260213_151714,RRCE_PNE,9841,1,98410001,100.0,100.0,11,40,6,6,4,16.0,0.2645759582519531,1290.0
20260213_151714,RRCE_PNE,9841,1,98410001,100.0,100.0,12,44,6,5,4,20.0,0.25176000595092773,1220.0
20260213_151714,RRCE_PNE,9841,1,98410001,100.0,100.0,13,48,6,7,4,32.0,0.24259305000305176,880.0
20260213_151714,RRCE_PNE,9841,1,98410001,100.0,100.0,14,52,6,10,4,48.0,0.003957986831665039,2040.0
20260213_151714,RRCE_PNE,9841,1,98410001,100.0,100.0,15,56,6,8,5,50.0,0.2834899425506592,1920.0
20260213_151714,RRCE_PNE,9841,1,98410001,100.0,100.0,16,60,7,6,4,32.0,0.2320718765258789,893.3333333333333
20260213_151714,RRCE_PNE,6351,1,63510001,100.0,100.0,1,0,0,1,1,0.0,0.1784200668334961,0.0
20260213_151714,RRCE_PNE,6351,1,63510001,100.0,100.0,2,4,0,1,1,0.0,0.17813897132873535,0.0
20260213_151714,RRCE_PNE,6351,1,63510001,100.0,100.0,3,8,0,2,2,0.0,0.19889307022094727,0.0
20260213_151714,RRCE_PNE,6351,1,63510001,100.0,100.0,4,12,0,3,3,0.0,0.19955682754516602,0.0
20260213_151714,RRCE_PNE,6351,1,63510001,100.0,100.0,5,16,0,1,1,0.0,0.17826604843139648,0.0
20260213_151714,RRCE_PNE,6351,1,63510001,100.0,100.0,6,20,0,7,4,12.0,0.0005898475646972656,1000.0
20260213_151714,RRCE_PNE,6351,1,63510001,100.0,100.0,7,24,1,10,5,30.0,0.7124178409576416,825.0
20260213_151714,RRCE_PNE,6351,1,63510001,100.0,100.0,8,28,2,6,6,36.0,0.30666589736938477,420.0
20260213_151714,RRCE_PNE,6351,1,63510001,100.0,100.0,9,32,5,2,2,4.0,0.4549429416656494,100.0
20260213_151714,RRCE_PNE,6351,1,63510001,100.0,100.0,10,36,5,5,5,9.0,0.25829601287841797,535.0
20260213_151714,RRCE_PNE,6351,1,63510001,100.0,100.0,11,40,6,6,4,16.0,0.2525811195373535,1290.0
20260213_151714,RRCE_PNE,6351,1,63510001,100.0,100.0,12,44,6,5,4,20.0,0.2528378963470459,1220.0
20260213_151714,RRCE_PNE,6351,1,63510001,100.0,100.0,13,48,6,7,4,32.0,0.23161602020263672,880.0
20260213_151714,RRCE_PNE,6351,1,63510001,100.0,100.0,14,52,6,10,4,48.0,0.00304412841796875,2040.0
20260213_151714,RRCE_PNE,6351,1,63510001,100.0,100.0,15,56,6,8,5,50.0,0.29575681686401367,1920.0
20260213_151714,RRCE_PNE,6351,1,63510001,100.0,100.0,16,60,7,6,4,32.0,0.2310628890991211,893.3333333333333
20260213_151714,RRCE_PNE,9611,1,96110001,100.0,100.0,1,0,0,1,1,0.0,0.1776888370513916,0.0
20260213_151714,RRCE_PNE,9611,1,96110001,100.0,100.0,2,4,0,1,1,0.0,0.17752289772033691,0.0
20260213_151714,RRCE_PNE,9611,1,96110001,100.0,100.0,3,8,0,2,2,0.0,0.20807695388793945,0.0
20260213_151714,RRCE_PNE,9611,1,96110001,100.0,100.0,4,12,0,3,3,0.0,0.19787311553955078,0.0
20260213_151714,RRCE_PNE,9611,1,96110001,100.0,100.0,5,16,0,1,1,0.0,0.1767110824584961,0.0
20260213_151714,RRCE_PNE,9611,1,96110001,100.0,100.0,6,20,0,7,4,12.0,0.00044989585876464844,1000.0
20260213_151714,RRCE_PNE,9611,1,96110001,100.0,100.0,7,24,1,10,5,30.0,0.7046048641204834,1285.0
20260213_151714,RRCE_PNE,9611,1,96110001,100.0,100.0,8,28,2,6,6,34.0,0.2507798671722412,420.0
20260213_151714,RRCE_PNE,9611,1,96110001,100.0,100.0,9,32,5,2,2,4.0,0.20674800872802734,100.0
20260213_151714,RRCE_PNE,9611,1,96110001,100.0,100.0,10,36,5,5,5,9.0,0.254957914352417,535.0
20260213_151714,RRCE_PNE,9611,1,96110001,100.0,100.0,11,40,6,6,4,16.0,0.2512180805206299,1290.0
20260213_151714,RRCE_PNE,9611,1,96110001,100.0,100.0,12,44,6,5,4,20.0,0.250993013381958,1220.0
20260213_151714,RRCE_PNE,9611,1,96110001,100.0,100.0,13,48,6,7,4,32.0,0.2310330867767334,880.0
20260213_151714,RRCE_PNE,9611,1,96110001,100.0,100.0,14,52,6,10,4,48.0,0.0034477710723876953,2040.0
20260213_151714,RRCE_PNE,9611,1,96110001,100.0,100.0,15,56,6,8,5,50.0,0.28232502937316895,1920.0
20260213_151714,RRCE_PNE,9611,1,96110001,100.0,100.0,16,60,7,6,4,32.0,0.23020505905151367,893.3333333333333
20260213_151714,RRCE_PNE,5178,1,51780001,100.0,100.0,1,0,0,1,1,0.0,0.17747902870178223,0.0
20260213_151714,RRCE_PNE,5178,1,51780001,100.0,100.0,2,4,0,1,1,0.0,0.17675995826721191,0.0
20260213_151714,RRCE_PNE,5178,1,51780001,100.0,100.0,3,8,0,2,2,0.0,0.19760894775390625,0.0
20260213_151714,RRCE_PNE,5178,1,51780001,100.0,100.0,4,12,0,3,3,0.0,0.21027517318725586,0.0
20260213_151714,RRCE_PNE,5178,1,51780001,100.0,100.0,5,16,0,1,1,0.0,0.178056001663208,0.0
20260213_151714,RRCE_PNE,5178,1,51780001,100.0,100.0,6,20,0,7,4,12.0,0.0005290508270263672,1000.0
20260213_151714,RRCE_PNE,5178,1,51780001,100.0,100.0,7,24,1,10,5,30.0,0.7062408924102783,1001.6666666666667
20260213_151714,RRCE_PNE,5178,1,51780001,100.0,100.0,8,28,3,6,5,10.0,0.2319049835205078,268.3333333333333
20260213_151714,RRCE_PNE,5178,1,51780001,100.0,100.0,9,32,4,3,3,6.0,0.21974897384643555,170.0
20260213_151714,RRCE_PNE,5178,1,51780001,100.0,100.0,10,36,5,5,4,4.0,0.25481414794921875,1000.0
20260213_151714,RRCE_PNE,5178,1,51780001,100.0,100.0,11,40,5,7,4,22.0,0.0005240440368652344,830.0
20260213_151714,RRCE_PNE,5178,1,51780001,100.0,100.0,12,44,5,6,5,26.0,0.27924108505249023,1025.0
20260213_151714,RRCE_PNE,5178,1,51780001,100.0,100.0,13,48,6,7,2,40.0,0.00044798851013183594,1280.0
20260213_151714,RRCE_PNE,5178,1,51780001,100.0,100.0,14,52,6,12,4,56.0,0.012971878051757812,1440.0
20260213_151714,RRCE_PNE,5178,1,51780001,100.0,100.0,15,56,6,10,5,50.0,0.48968505859375,540.0
20260213_151714,RRCE_PNE,5178,1,51780001,100.0,100.0,16,60,7,8,5,40.0,0.428908109664917,1695.0
20260213_151714,RRCE_PNE,8915,1,89150001,100.0,100.0,1,0,0,1,1,0.0,0.1775660514831543,0.0
20260213_151714,RRCE_PNE,8915,1,89150001,100.0,100.0,2,4,0,1,1,0.0,0.17777395248413086,0.0
20260213_151714,RRCE_PNE,8915,1,89150001,100.0,100.0,3,8,0,2,2,0.0,0.19805002212524414,0.0
20260213_151714,RRCE_PNE,8915,1,89150001,100.0,100.0,4,12,0,3,3,0.0,0.19820785522460938,0.0
20260213_151714,RRCE_PNE,8915,1,89150001,100.0,100.0,5,16,0,1,1,0.0,0.17734098434448242,0.0
20260213_151714,RRCE_PNE,8915,1,89150001,100.0,100.0,6,20,0,7,4,12.0,0.0005338191986083984,1000.0
20260213_151714,RRCE_PNE,8915,1,89150001,100.0,100.0,7,24,1,10,5,30.0,0.7213771343231201,825.0
20260213_151714,RRCE_PNE,8915,1,89150001,100.0,100.0,8,28,2,6,5,10.0,0.30381011962890625,395.0
20260213_151714,RRCE_PNE,8915,1,89150001,100.0,100.0,9,32,4,3,3,6.0,0.43499088287353516,170.0
20260213_151714,RRCE_PNE,8915,1,89150001,100.0,100.0,10,36,5,5,4,4.0,0.2541182041168213,720.0
20260213_151714,RRCE_PNE,8915,1,89150001,100.0,100.0,11,40,5,7,4,22.0,0.0004191398620605469,1080.0
20260213_151714,RRCE_PNE,8915,1,89150001,100.0,100.0,12,44,5,6,4,16.0,0.2801380157470703,1080.0
20260213_151714,RRCE_PNE,8915,1,89150001,100.0,100.0,13,48,5,8,5,44.0,0.2569119930267334,983.3333333333333
20260213_151714,RRCE_PNE,8915,1,89150001,100.0,100.0,14,52,6,10,4,48.0,0.002933979034423828,2040.0
20260213_151714,RRCE_PNE,8915,1,89150001,100.0,100.0,15,56,6,8,5,50.0,0.2805781364440918,1920.0
20260213_151714,RRCE_PNE,8915,1,89150001,100.0,100.0,16,60,7,6,4,32.0,0.23106598854064941,893.3333333333333
20260213_151714,RRCE_PNE,361,1,3610001,100.0,100.0,1,0,0,1,1,0.0,0.17720794677734375,0.0
20260213_151714,RRCE_PNE,361,1,3610001,100.0,100.0,2,4,0,1,1,0.0,0.17681002616882324,0.0
20260213_151714,RRCE_PNE,361,1,3610001,100.0,100.0,3,8,0,2,2,0.0,0.19762492179870605,0.0
20260213_151714,RRCE_PNE,361,1,3610001,100.0,100.0,4,12,0,3,3,0.0,0.1974170207977295,0.0
20260213_151714,RRCE_PNE,361,1,3610001,100.0,100.0,5,16,0,1,1,0.0,0.17657017707824707,0.0
20260213_151714,RRCE_PNE,361,1,3610001,100.0,100.0,6,20,0,7,4,12.0,0.0004470348358154297,1000.0
20260213_151714,RRCE_PNE,361,1,3610001,100.0,100.0,7,24,1,10,5,30.0,0.7052500247955322,825.0
20260213_151714,RRCE_PNE,361,1,3610001,100.0,100.0,8,28,2,6,5,10.0,0.30269289016723633,1070.0
20260213_151714,RRCE_PNE,361,1,3610001,100.0,100.0,9,32,4,3,3,6.0,0.23128795623779297,100.0
20260213_151714,RRCE_PNE,361,1,3610001,100.0,100.0,10,36,5,5,5,9.0,0.2553110122680664,535.0
20260213_151714,RRCE_PNE,361,1,3610001,100.0,100.0,11,40,6,6,3,12.0,0.26442503929138184,860.0
20260213_151714,RRCE_PNE,361,1,3610001,100.0,100.0,12,44,5,6,4,18.0,0.4895789623260498,1290.0
20260213_151714,RRCE_PNE,361,1,3610001,100.0,100.0,13,48,5,8,4,52.0,0.001043081283569336,838.3333333333333
20260213_151714,RRCE_PNE,361,1,3610001,100.0,100.0,14,52,7,11,4,48.0,0.008507966995239258,1740.0
20260213_151714,RRCE_PNE,361,1,3610001,100.0,100.0,15,56,7,9,5,45.0,0.4304778575897217,1795.0
20260213_151714,RRCE_PNE,361,1,3610001,100.0,100.0,16,60,8,7,5,45.0,0.2579381465911865,1645.0
20260213_151714,RRCE_PNE,3803,1,38030001,100.0,100.0,1,0,0,1,1,0.0,0.17743301391601562,0.0
20260213_151714,RRCE_PNE,3803,1,38030001,100.0,100.0,2,4,0,1,1,0.0,0.17712998390197754,0.0
20260213_151714,RRCE_PNE,3803,1,38030001,100.0,100.0,3,8,0,2,2,0.0,0.19896888732910156,0.0
20260213_151714,RRCE_PNE,3803,1,38030001,100.0,100.0,4,12,0,3,3,0.0,0.19933199882507324,0.0
20260213_151714,RRCE_PNE,3803,1,38030001,100.0,100.0,5,16,0,1,1,0.0,0.17688608169555664,0.0
20260213_151714,RRCE_PNE,3803,1,38030001,100.0,100.0,6,20,0,7,4,12.0,0.00044918060302734375,1000.0
20260213_151714,RRCE_PNE,3803,1,38030001,100.0,100.0,7,24,1,10,5,30.0,0.7036261558532715,1001.6666666666667
20260213_151714,RRCE_PNE,3803,1,38030001,100.0,100.0,8,28,3,6,5,10.0,0.2315378189086914,268.3333333333333
20260213_151714,RRCE_PNE,3803,1,38030001,100.0,100.0,9,32,4,3,2,4.0,0.20644211769104004,500.0
20260213_151714,RRCE_PNE,3803,1,38030001,100.0,100.0,10,36,4,6,4,14.0,0.0002880096435546875,740.0
20260213_151714,RRCE_PNE,3803,1,38030001,100.0,100.0,11,40,5,8,4,16.0,0.24919891357421875,860.0
20260213_151714,RRCE_PNE,3803,1,38030001,100.0,100.0,12,44,5,7,4,12.0,0.26635003089904785,573.3333333333334
20260213_151714,RRCE_PNE,3803,1,38030001,100.0,100.0,13,48,5,9,5,39.0,0.2594330310821533,943.3333333333333
20260213_151714,RRCE_PNE,3803,1,38030001,100.0,100.0,14,52,6,11,4,42.0,0.0067789554595947266,1530.0
20260213_151714,RRCE_PNE,3803,1,38030001,100.0,100.0,15,56,6,9,5,49.0,0.44407200813293457,1795.0
20260213_151714,RRCE_PNE,3803,1,38030001,100.0,100.0,16,60,7,7,5,45.0,0.2607300281524658,1645.0
20260213_151714,RRCE_PNE,1030,1,10300001,100.0,100.0,1,0,0,1,1,0.0,0.17692899703979492,0.0
20260213_151714,RRCE_PNE,1030,1,10300001,100.0,100.0,2,4,0,1,1,0.0,0.17757797241210938,0.0
20260213_151714,RRCE_PNE,1030,1,10300001,100.0,100.0,3,8,0,2,2,0.0,0.19929814338684082,0.0
20260213_151714,RRCE_PNE,1030,1,10300001,100.0,100.0,4,12,0,3,3,0.0,0.20917415618896484,0.0
20260213_151714,RRCE_PNE,1030,1,10300001,100.0,100.0,5,16,0,1,1,0.0,0.1791529655456543,0.0
20260213_151714,RRCE_PNE,1030,1,10300001,100.0,100.0,6,20,0,7,4,12.0,0.0005650520324707031,1000.0
20260213_151714,RRCE_PNE,1030,1,10300001,100.0,100.0,7,24,1,10,5,30.0,0.7122161388397217,825.0
20260213_151714,RRCE_PNE,1030,1,10300001,100.0,100.0,8,28,2,6,5,10.0,0.30555200576782227,395.0
20260213_151714,RRCE_PNE,1030,1,10300001,100.0,100.0,9,32,4,3,3,6.0,0.23334312438964844,240.0
20260213_151714,RRCE_PNE,1030,1,10300001,100.0,100.0,10,36,5,5,5,9.0,0.5060670375823975,535.0
20260213_151714,RRCE_PNE,1030,1,10300001,100.0,100.0,11,40,6,6,4,16.0,0.25245189666748047,1290.0
20260213_151714,RRCE_PNE,1030,1,10300001,100.0,100.0,12,44,6,5,4,20.0,0.2522428035736084,1360.0
20260213_151714,RRCE_PNE,1030,1,10300001,100.0,100.0,13,48,6,7,4,32.0,0.23177385330200195,880.0
20260213_151714,RRCE_PNE,1030,1,10300001,100.0,100.0,14,52,6,10,4,48.0,0.0030961036682128906,2040.0
20260213_151714,RRCE_PNE,1030,1,10300001,100.0,100.0,15,56,6,8,5,50.0,0.2822589874267578,1920.0
20260213_151714,RRCE_PNE,1030,1,10300001,100.0,100.0,16,60,7,6,4,32.0,0.23237299919128418,893.3333333333333
20260213_151714,RRCE_PNE,6073,1,60730001,100.0,100.0,1,0,0,1,1,0.0,0.1777970790863037,0.0
20260213_151714,RRCE_PNE,6073,1,60730001,100.0,100.0,2,4,0,1,1,0.0,0.1773848533630371,0.0
20260213_151714,RRCE_PNE,6073,1,60730001,100.0,100.0,3,8,0,2,2,0.0,0.1987287998199463,0.0
20260213_151714,RRCE_PNE,6073,1,60730001,100.0,100.0,4,12,0,3,3,0.0,0.21059298515319824,0.0
20260213_151714,RRCE_PNE,6073,1,60730001,100.0,100.0,5,16,0,1,1,0.0,0.17725610733032227,0.0
20260213_151714,RRCE_PNE,6073,1,60730001,100.0,100.0,6,20,0,7,4,12.0,0.0004642009735107422,1000.0
20260213_151714,RRCE_PNE,6073,1,60730001,100.0,100.0,7,24,1,10,5,30.0,0.705794095993042,1285.0
20260213_151714,RRCE_PNE,6073,1,60730001,100.0,100.0,8,28,2,6,5,10.0,0.2617521286010742,436.66666666666663
20260213_151714,RRCE_PNE,6073,1,60730001,100.0,100.0,9,32,4,3,3,6.0,0.23073601722717285,100.0
20260213_151714,RRCE_PNE,6073,1,60730001,100.0,100.0,10,36,5,5,5,9.0,0.2558619976043701,535.0
20260213_151714,RRCE_PNE,6073,1,60730001,100.0,100.0,11,40,6,6,4,16.0,0.2514629364013672,1290.0
20260213_151714,RRCE_PNE,6073,1,60730001,100.0,100.0,12,44,6,5,4,20.0,0.2522909641265869,1220.0
20260213_151714,RRCE_PNE,6073,1,60730001,100.0,100.0,13,48,6,7,4,32.0,0.23090887069702148,880.0
20260213_151714,RRCE_PNE,6073,1,60730001,100.0,100.0,14,52,6,10,4,48.0,0.0033190250396728516,2040.0
20260213_151714,RRCE_PNE,6073,1,60730001,100.0,100.0,15,56,6,8,5,50.0,0.28152918815612793,1920.0
20260213_151714,RRCE_PNE,6073,1,60730001,100.0,100.0,16,60,7,6,4,32.0,0.23074603080749512,893.3333333333333
20260213_151714,RRCE_PNE,532,1,5320001,100.0,100.0,1,0,0,1,1,0.0,0.17800116539001465,0.0
20260213_151714,RRCE_PNE,532,1,5320001,100.0,100.0,2,4,0,1,1,0.0,0.17723298072814941,0.0
20260213_151714,RRCE_PNE,532,1,5320001,100.0,100.0,3,8,0,2,2,0.0,0.19745802879333496,0.0
20260213_151714,RRCE_PNE,532,1,5320001,100.0,100.0,4,12,0,3,3,0.0,0.19861197471618652,0.0
20260213_151714,RRCE_PNE,532,1,5320001,100.0,100.0,5,16,0,1,1,0.0,0.1772611141204834,0.0
20260213_151714,RRCE_PNE,532,1,5320001,100.0,100.0,6,20,0,7,4,12.0,0.00047707557678222656,1000.0
20260213_151714,RRCE_PNE,532,1,5320001,100.0,100.0,7,24,1,10,5,30.0,0.7213089466094971,825.0
20260213_151714,RRCE_PNE,532,1,5320001,100.0,100.0,8,28,2,6,5,10.0,0.30330586433410645,395.0
20260213_151714,RRCE_PNE,532,1,5320001,100.0,100.0,9,32,4,3,3,6.0,0.2312450408935547,240.0
20260213_151714,RRCE_PNE,532,1,5320001,100.0,100.0,10,36,5,5,5,9.0,0.2546041011810303,535.0
20260213_151714,RRCE_PNE,532,1,5320001,100.0,100.0,11,40,6,6,4,16.0,0.2516629695892334,1290.0
20260213_151714,RRCE_PNE,532,1,5320001,100.0,100.0,12,44,6,5,4,20.0,0.25147509574890137,1220.0
20260213_151714,RRCE_PNE,532,1,5320001,100.0,100.0,13,48,6,7,4,32.0,0.23233485221862793,880.0
20260213_151714,RRCE_PNE,532,1,5320001,100.0,100.0,14,52,6,10,4,48.0,0.0032219886779785156,2040.0
20260213_151714,RRCE_PNE,532,1,5320001,100.0,100.0,15,56,6,8,5,50.0,0.2910141944885254,1920.0
20260213_151714,RRCE_PNE,532,1,5320001,100.0,100.0,16,60,7,6,4,32.0,0.23127412796020508,893.3333333333333
20260213_151714,RRCE_PNE,9099,1,90990001,100.0,100.0,1,0,0,1,1,0.0,0.17730998992919922,0.0
20260213_151714,RRCE_PNE,9099,1,90990001,100.0,100.0,2,4,0,1,1,0.0,0.17757511138916016,0.0
20260213_151714,RRCE_PNE,9099,1,90990001,100.0,100.0,3,8,0,2,2,0.0,0.19910788536071777,0.0
20260213_151714,RRCE_PNE,9099,1,90990001,100.0,100.0,4,12,0,3,3,0.0,0.1986241340637207,0.0
20260213_151714,RRCE_PNE,9099,1,90990001,100.0,100.0,5,16,0,1,1,0.0,0.17826104164123535,0.0
20260213_151714,RRCE_PNE,9099,1,90990001,100.0,100.0,6,20,0,7,4,12.0,0.0005328655242919922,1000.0
20260213_151714,RRCE_PNE,9099,1,90990001,100.0,100.0,7,24,1,10,5,30.0,0.7116341590881348,1285.0
20260213_151714,RRCE_PNE,9099,1,90990001,100.0,100.0,8,28,3,6,5,10.0,0.20831012725830078,200.0
20260213_151714,RRCE_PNE,9099,1,90990001,100.0,100.0,9,32,4,3,2,4.0,0.2083749771118164,500.0
20260213_151714,RRCE_PNE,9099,1,90990001,100.0,100.0,10,36,4,6,4,14.0,0.00037407875061035156,740.0
20260213_151714,RRCE_PNE,9099,1,90990001,100.0,100.0,11,40,5,8,4,16.0,0.26503586769104004,860.0
20260213_151714,RRCE_PNE,9099,1,90990001,100.0,100.0,12,44,5,7,4,12.0,0.26862502098083496,573.3333333333334
20260213_151714,RRCE_PNE,9099,1,90990001,100.0,100.0,13,48,5,9,4,48.0,0.002056121826171875,719.9999999999999
20260213_151714,RRCE_PNE,9099,1,90990001,100.0,100.0,14,52,6,12,4,56.0,0.2430272102355957,1440.0
20260213_151714,RRCE_PNE,9099,1,90990001,100.0,100.0,15,56,6,10,5,50.0,0.49132299423217773,540.0
20260213_151714,RRCE_PNE,9099,1,90990001,100.0,100.0,16,60,7,8,5,40.0,0.43108296394348145,1695.0
20260213_151714,RRCE_PNE,3999,1,39990001,100.0,100.0,1,0,0,1,1,0.0,0.17892217636108398,0.0
20260213_151714,RRCE_PNE,3999,1,39990001,100.0,100.0,2,4,0,1,1,0.0,0.17799687385559082,0.0
20260213_151714,RRCE_PNE,3999,1,39990001,100.0,100.0,3,8,0,2,2,0.0,0.1986830234527588,0.0
20260213_151714,RRCE_PNE,3999,1,39990001,100.0,100.0,4,12,0,3,3,0.0,0.19907903671264648,0.0
20260213_151714,RRCE_PNE,3999,1,39990001,100.0,100.0,5,16,0,1,1,0.0,0.17856693267822266,0.0
20260213_151714,RRCE_PNE,3999,1,39990001,100.0,100.0,6,20,0,7,4,12.0,0.0004761219024658203,1000.0
20260213_151714,RRCE_PNE,3999,1,39990001,100.0,100.0,7,24,1,10,5,30.0,0.7200469970703125,1285.0
20260213_151714,RRCE_PNE,3999,1,39990001,100.0,100.0,8,28,3,6,5,10.0,0.27278685569763184,395.0
20260213_151714,RRCE_PNE,3999,1,39990001,100.0,100.0,9,32,4,3,3,6.0,0.23224902153015137,240.0
20260213_151714,RRCE_PNE,3999,1,39990001,100.0,100.0,10,36,5,5,5,9.0,0.259857177734375,535.0
20260213_151714,RRCE_PNE,3999,1,39990001,100.0,100.0,11,40,6,6,4,16.0,0.2530820369720459,1290.0
20260213_151714,RRCE_PNE,3999,1,39990001,100.0,100.0,12,44,6,5,4,20.0,0.2534749507904053,1220.0
20260213_151714,RRCE_PNE,3999,1,39990001,100.0,100.0,13,48,6,7,4,32.0,0.23298287391662598,880.0
20260213_151714,RRCE_PNE,3999,1,39990001,100.0,100.0,14,52,6,10,4,48.0,0.004542827606201172,2040.0
20260213_151714,RRCE_PNE,3999,1,39990001,100.0,100.0,15,56,6,8,5,50.0,0.2950139045715332,1920.0
20260213_151714,RRCE_PNE,3999,1,39990001,100.0,100.0,16,60,7,6,4,32.0,0.23172211647033691,893.3333333333333
20260213_151714,RRCE_PNE,9370,1,93700001,100.0,100.0,1,0,0,1,1,0.0,0.17799997329711914,0.0
20260213_151714,RRCE_PNE,9370,1,93700001,100.0,100.0,2,4,0,1,1,0.0,0.17778801918029785,0.0
20260213_151714,RRCE_PNE,9370,1,93700001,100.0,100.0,3,8,0,2,2,0.0,0.1985940933227539,0.0
20260213_151714,RRCE_PNE,9370,1,93700001,100.0,100.0,4,12,0,3,3,0.0,0.19849491119384766,0.0
20260213_151714,RRCE_PNE,9370,1,93700001,100.0,100.0,5,16,0,1,1,0.0,0.17772388458251953,0.0
20260213_151714,RRCE_PNE,9370,1,93700001,100.0,100.0,6,20,0,7,4,12.0,0.0004849433898925781,1000.0
20260213_151714,RRCE_PNE,9370,1,93700001,100.0,100.0,7,24,1,10,5,30.0,0.7075450420379639,825.0
20260213_151714,RRCE_PNE,9370,1,93700001,100.0,100.0,8,28,2,6,5,10.0,0.30402207374572754,685.0
20260213_151714,RRCE_PNE,9370,1,93700001,100.0,100.0,9,32,4,3,3,6.0,0.23052501678466797,240.0
20260213_151714,RRCE_PNE,9370,1,93700001,100.0,100.0,10,36,5,5,5,9.0,0.2569429874420166,535.0
20260213_151714,RRCE_PNE,9370,1,93700001,100.0,100.0,11,40,6,6,4,16.0,0.25229310989379883,1290.0
20260213_151714,RRCE_PNE,9370,1,93700001,100.0,100.0,12,44,6,5,3,16.0,0.25216102600097656,1290.0
20260213_151714,RRCE_PNE,9370,1,93700001,100.0,100.0,13,48,5,8,4,52.0,0.0008368492126464844,838.3333333333333
20260213_151714,RRCE_PNE,9370,1,93700001,100.0,100.0,14,52,7,11,4,48.0,0.005877017974853516,1740.0
20260213_151714,RRCE_PNE,9370,1,93700001,100.0,100.0,15,56,7,9,5,45.0,0.4422919750213623,1570.0
20260213_151714,RRCE_PNE,9370,1,93700001,100.0,100.0,16,60,8,7,5,45.0,0.2574028968811035,1380.0
20260213_151714,RRCE_PNE,5010,1,50100001,100.0,100.0,1,0,0,1,1,0.0,0.17844891548156738,0.0
20260213_151714,RRCE_PNE,5010,1,50100001,100.0,100.0,2,4,0,1,1,0.0,0.1785109043121338,0.0
20260213_151714,RRCE_PNE,5010,1,50100001,100.0,100.0,3,8,0,2,2,0.0,0.21156597137451172,0.0
20260213_151714,RRCE_PNE,5010,1,50100001,100.0,100.0,4,12,0,3,3,0.0,0.19956302642822266,0.0
20260213_151714,RRCE_PNE,5010,1,50100001,100.0,100.0,5,16,0,1,1,0.0,0.17893505096435547,0.0
20260213_151714,RRCE_PNE,5010,1,50100001,100.0,100.0,6,20,0,7,4,12.0,0.0005331039428710938,1000.0
20260213_151714,RRCE_PNE,5010,1,50100001,100.0,100.0,7,24,1,10,5,30.0,0.7129850387573242,825.0
20260213_151714,RRCE_PNE,5010,1,50100001,100.0,100.0,8,28,2,6,5,10.0,0.30620312690734863,395.0
20260213_151714,RRCE_PNE,5010,1,50100001,100.0,100.0,9,32,4,3,3,6.0,0.2336580753326416,240.0
20260213_151714,RRCE_PNE,5010,1,50100001,100.0,100.0,10,36,5,5,5,9.0,0.2572770118713379,535.0
20260213_151714,RRCE_PNE,5010,1,50100001,100.0,100.0,11,40,6,6,4,16.0,0.5051560401916504,1290.0
20260213_151714,RRCE_PNE,5010,1,50100001,100.0,100.0,12,44,6,5,4,20.0,0.25261402130126953,1220.0
20260213_151714,RRCE_PNE,5010,1,50100001,100.0,100.0,13,48,6,7,4,32.0,0.23156285285949707,880.0
20260213_151714,RRCE_PNE,5010,1,50100001,100.0,100.0,14,52,6,10,4,48.0,0.0029680728912353516,2040.0
20260213_151714,RRCE_PNE,5010,1,50100001,100.0,100.0,15,56,6,8,5,50.0,0.28275609016418457,1920.0
20260213_151714,RRCE_PNE,5010,1,50100001,100.0,100.0,16,60,7,6,4,32.0,0.23452401161193848,893.3333333333333
20260213_151714,RRCE_PNE,7048,1,70480001,100.0,100.0,1,0,0,1,1,0.0,0.1781940460205078,0.0
20260213_151714,RRCE_PNE,7048,1,70480001,100.0,100.0,2,4,0,1,1,0.0,0.17738699913024902,0.0
20260213_151714,RRCE_PNE,7048,1,70480001,100.0,100.0,3,8,0,2,2,0.0,0.19932794570922852,0.0
20260213_151714,RRCE_PNE,7048,1,70480001,100.0,100.0,4,12,0,3,3,0.0,0.19800281524658203,0.0
20260213_151714,RRCE_PNE,7048,1,70480001,100.0,100.0,5,16,0,1,1,0.0,0.17675495147705078,0.0
20260213_151714,RRCE_PNE,7048,1,70480001,100.0,100.0,6,20,0,7,4,12.0,0.0004639625549316406,1000.0
20260213_151714,RRCE_PNE,7048,1,70480001,100.0,100.0,7,24,1,10,5,30.0,0.7185111045837402,1285.0
20260213_151714,RRCE_PNE,7048,1,70480001,100.0,100.0,8,28,3,6,5,10.0,0.27089905738830566,436.66666666666663
20260213_151714,RRCE_PNE,7048,1,70480001,100.0,100.0,9,32,4,3,3,6.0,0.23107385635375977,100.0
20260213_151714,RRCE_PNE,7048,1,70480001,100.0,100.0,10,36,5,5,4,4.0,0.25573110580444336,720.0
20260213_151714,RRCE_PNE,7048,1,70480001,100.0,100.0,11,40,5,7,4,12.0,0.0004088878631591797,720.0
20260213_151714,RRCE_PNE,7048,1,70480001,100.0,100.0,12,44,5,6,4,18.0,0.2774059772491455,1290.0
20260213_151714,RRCE_PNE,7048,1,70480001,100.0,100.0,13,48,5,8,3,44.0,0.0007841587066650391,813.3333333333333
20260213_151714,RRCE_PNE,7048,1,70480001,100.0,100.0,14,52,6,12,4,56.0,0.013571023941040039,1440.0
20260213_151714,RRCE_PNE,7048,1,70480001,100.0,100.0,15,56,6,10,5,50.0,0.4895930290222168,540.0
20260213_151714,RRCE_PNE,7048,1,70480001,100.0,100.0,16,60,7,8,5,40.0,0.4287698268890381,1695.0
20260213_151714,RRCE_PNE,4111,1,41110001,100.0,100.0,1,0,0,1,1,0.0,0.17775392532348633,0.0
20260213_151714,RRCE_PNE,4111,1,41110001,100.0,100.0,2,4,0,1,1,0.0,0.1776280403137207,0.0
20260213_151714,RRCE_PNE,4111,1,41110001,100.0,100.0,3,8,0,2,2,0.0,0.19811201095581055,0.0
20260213_151714,RRCE_PNE,4111,1,41110001,100.0,100.0,4,12,0,3,3,0.0,0.19814515113830566,0.0
20260213_151714,RRCE_PNE,4111,1,41110001,100.0,100.0,5,16,0,1,1,0.0,0.178786039352417,0.0
20260213_151714,RRCE_PNE,4111,1,41110001,100.0,100.0,6,20,0,7,4,12.0,0.0005550384521484375,1000.0
20260213_151714,RRCE_PNE,4111,1,41110001,100.0,100.0,7,24,1,10,5,30.0,0.7107830047607422,1250.0
20260213_151714,RRCE_PNE,4111,1,41110001,100.0,100.0,8,28,2,6,5,10.0,0.32826900482177734,720.0
20260213_151714,RRCE_PNE,4111,1,41110001,100.0,100.0,9,32,4,3,3,6.0,0.23088693618774414,240.0
20260213_151714,RRCE_PNE,4111,1,41110001,100.0,100.0,10,36,5,5,5,9.0,0.25565600395202637,535.0
20260213_151714,RRCE_PNE,4111,1,41110001,100.0,100.0,11,40,6,6,4,16.0,0.25298190116882324,1290.0
20260213_151714,RRCE_PNE,4111,1,41110001,100.0,100.0,12,44,6,5,4,20.0,0.2509469985961914,1220.0
20260213_151714,RRCE_PNE,4111,1,41110001,100.0,100.0,13,48,6,7,4,32.0,0.23061680793762207,880.0
20260213_151714,RRCE_PNE,4111,1,41110001,100.0,100.0,14,52,6,10,4,48.0,0.0030820369720458984,2040.0
20260213_151714,RRCE_PNE,4111,1,41110001,100.0,100.0,15,56,6,8,5,50.0,0.2814819812774658,1920.0
20260213_151714,RRCE_PNE,4111,1,41110001,100.0,100.0,16,60,7,6,4,32.0,0.2315220832824707,893.3333333333333
20260213_151714,RRCE_PNE,2921,1,29210001,100.0,100.0,1,0,0,1,1,0.0,0.17747807502746582,0.0
20260213_151714,RRCE_PNE,2921,1,29210001,100.0,100.0,2,4,0,1,1,0.0,0.17730212211608887,0.0
20260213_151714,RRCE_PNE,2921,1,29210001,100.0,100.0,3,8,0,2,2,0.0,0.19867897033691406,0.0
20260213_151714,RRCE_PNE,2921,1,29210001,100.0,100.0,4,12,0,3,3,0.0,0.1988208293914795,0.0
20260213_151714,RRCE_PNE,2921,1,29210001,100.0,100.0,5,16,0,1,1,0.0,0.17796087265014648,0.0
20260213_151714,RRCE_PNE,2921,1,29210001,100.0,100.0,6,20,0,7,4,12.0,0.0005500316619873047,1000.0
20260213_151714,RRCE_PNE,2921,1,29210001,100.0,100.0,7,24,1,10,5,30.0,0.7091310024261475,1250.0
20260213_151714,RRCE_PNE,2921,1,29210001,100.0,100.0,8,28,2,6,4,8.0,0.30316591262817383,720.0
20260213_151714,RRCE_PNE,2921,1,29210001,100.0,100.0,9,32,3,4,4,8.0,0.23265290260314941,170.0
20260213_151714,RRCE_PNE,2921,1,29210001,100.0,100.0,10,36,5,5,5,9.0,0.25687098503112793,535.0
20260213_151714,RRCE_PNE,2921,1,29210001,100.0,100.0,11,40,6,6,4,16.0,0.25412416458129883,1290.0
20260213_151714,RRCE_PNE,2921,1,29210001,100.0,100.0,12,44,6,5,4,20.0,0.4951040744781494,1220.0
20260213_151714,RRCE_PNE,2921,1,29210001,100.0,100.0,13,48,6,7,4,32.0,0.24222207069396973,880.0
20260213_151714,RRCE_PNE,2921,1,29210001,100.0,100.0,14,52,6,10,4,48.0,0.003017902374267578,2040.0
20260213_151714,RRCE_PNE,2921,1,29210001,100.0,100.0,15,56,6,8,5,50.0,0.28202009201049805,1920.0
20260213_151714,RRCE_PNE,2921,1,29210001,100.0,100.0,16,60,7,6,4,32.0,0.23141813278198242,893.3333333333333
20260213_151714,RRCE_PNE,8503,1,85030001,100.0,100.0,1,0,0,1,1,0.0,0.17787599563598633,0.0
20260213_151714,RRCE_PNE,8503,1,85030001,100.0,100.0,2,4,0,1,1,0.0,0.17709684371948242,0.0
20260213_151714,RRCE_PNE,8503,1,85030001,100.0,100.0,3,8,0,2,2,0.0,0.19829893112182617,0.0
20260213_151714,RRCE_PNE,8503,1,85030001,100.0,100.0,4,12,0,3,3,0.0,0.19826412200927734,0.0
20260213_151714,RRCE_PNE,8503,1,85030001,100.0,100.0,5,16,0,1,1,0.0,0.17772817611694336,0.0
20260213_151714,RRCE_PNE,8503,1,85030001,100.0,100.0,6,20,0,7,4,12.0,0.0004429817199707031,1000.0
20260213_151714,RRCE_PNE,8503,1,85030001,100.0,100.0,7,24,1,10,5,30.0,0.7105569839477539,825.0
20260213_151714,RRCE_PNE,8503,1,85030001,100.0,100.0,8,28,2,6,5,10.0,0.30266714096069336,395.0
20260213_151714,RRCE_PNE,8503,1,85030001,100.0,100.0,9,32,4,3,2,4.0,0.20684003829956055,500.0
20260213_151714,RRCE_PNE,8503,1,85030001,100.0,100.0,10,36,4,6,4,14.0,0.00032901763916015625,740.0
20260213_151714,RRCE_PNE,8503,1,85030001,100.0,100.0,11,40,5,8,5,20.0,0.25132179260253906,895.0
20260213_151714,RRCE_PNE,8503,1,85030001,100.0,100.0,12,44,6,6,4,18.0,0.2526240348815918,790.0
20260213_151714,RRCE_PNE,8503,1,85030001,100.0,100.0,13,48,6,8,5,44.0,0.25944995880126953,983.3333333333333
20260213_151714,RRCE_PNE,8503,1,85030001,100.0,100.0,14,52,7,10,4,48.0,0.003268003463745117,2040.0
20260213_151714,RRCE_PNE,8503,1,85030001,100.0,100.0,15,56,7,8,5,50.0,0.2847461700439453,1920.0
20260213_151714,RRCE_PNE,8503,1,85030001,100.0,100.0,16,60,8,6,4,32.0,0.23277807235717773,893.3333333333333
20260213_151714,RRCE_PNE,4576,1,45760001,100.0,100.0,1,0,0,1,1,0.0,0.19147086143493652,0.0
20260213_151714,RRCE_PNE,4576,1,45760001,100.0,100.0,2,4,0,1,1,0.0,0.18108582496643066,0.0
20260213_151714,RRCE_PNE,4576,1,45760001,100.0,100.0,3,8,0,2,2,0.0,0.20940089225769043,0.0
20260213_151714,RRCE_PNE,4576,1,45760001,100.0,100.0,4,12,0,3,3,0.0,0.2090129852294922,0.0
20260213_151714,RRCE_PNE,4576,1,45760001,100.0,100.0,5,16,0,1,1,0.0,0.18612217903137207,0.0
20260213_151714,RRCE_PNE,4576,1,45760001,100.0,100.0,6,20,0,7,4,12.0,0.0005528926849365234,1000.0
20260213_151714,RRCE_PNE,4576,1,45760001,100.0,100.0,7,24,1,10,5,30.0,0.7512040138244629,1285.0
20260213_151714,RRCE_PNE,4576,1,45760001,100.0,100.0,8,28,3,6,5,10.0,0.2711200714111328,436.66666666666663
20260213_151714,RRCE_PNE,4576,1,45760001,100.0,100.0,9,32,4,3,3,6.0,0.23151397705078125,100.0
20260213_151714,RRCE_PNE,4576,1,45760001,100.0,100.0,10,36,5,5,5,9.0,0.25605082511901855,535.0
20260213_151714,RRCE_PNE,4576,1,45760001,100.0,100.0,11,40,6,6,5,26.0,0.2525348663330078,1135.0
20260213_151714,RRCE_PNE,4576,1,45760001,100.0,100.0,12,44,7,4,4,18.0,0.251568078994751,1500.0
20260213_151714,RRCE_PNE,4576,1,45760001,100.0,100.0,13,48,7,6,4,32.0,0.23190903663635254,1460.0
20260213_151714,RRCE_PNE,4576,1,45760001,100.0,100.0,14,52,7,9,4,40.0,0.0014960765838623047,2400.0
20260213_151714,RRCE_PNE,4576,1,45760001,100.0,100.0,15,56,7,7,5,45.0,0.25652194023132324,1850.0
20260213_151714,RRCE_PNE,4576,1,45760001,100.0,100.0,16,60,8,5,3,32.0,0.2315201759338379,1610.0
20260213_151714,RRCE_PNE,4863,1,48630001,100.0,100.0,1,0,0,1,1,0.0,0.17786002159118652,0.0
20260213_151714,RRCE_PNE,4863,1,48630001,100.0,100.0,2,4,0,1,1,0.0,0.17793798446655273,0.0
20260213_151714,RRCE_PNE,4863,1,48630001,100.0,100.0,3,8,0,2,2,0.0,0.19812798500061035,0.0
20260213_151714,RRCE_PNE,4863,1,48630001,100.0,100.0,4,12,0,3,3,0.0,0.19824719429016113,0.0
20260213_151714,RRCE_PNE,4863,1,48630001,100.0,100.0,5,16,0,1,1,0.0,0.17748093605041504,0.0
20260213_151714,RRCE_PNE,4863,1,48630001,100.0,100.0,6,20,0,7,4,12.0,0.0004589557647705078,1000.0
20260213_151714,RRCE_PNE,4863,1,48630001,100.0,100.0,7,24,1,10,5,30.0,0.722480058670044,1285.0
20260213_151714,RRCE_PNE,4863,1,48630001,100.0,100.0,8,28,2,6,5,10.0,0.2524421215057373,436.66666666666663
20260213_151714,RRCE_PNE,4863,1,48630001,100.0,100.0,9,32,4,3,3,6.0,0.23296785354614258,100.0
20260213_151714,RRCE_PNE,4863,1,48630001,100.0,100.0,10,36,5,5,5,9.0,0.2561070919036865,535.0
20260213_151714,RRCE_PNE,4863,1,48630001,100.0,100.0,11,40,6,6,4,16.0,0.25342392921447754,1290.0
20260213_151714,RRCE_PNE,4863,1,48630001,100.0,100.0,12,44,6,5,4,20.0,0.25481486320495605,1220.0
20260213_151714,RRCE_PNE,4863,1,48630001,100.0,100.0,13,48,6,7,4,32.0,0.24511194229125977,880.0
20260213_151714,RRCE_PNE,4863,1,48630001,100.0,100.0,14,52,6,10,4,48.0,0.00421595573425293,2040.0
20260213_151714,RRCE_PNE,4863,1,48630001,100.0,100.0,15,56,6,8,5,50.0,0.2860450744628906,1920.0
20260213_151714,RRCE_PNE,4863,1,48630001,100.0,100.0,16,60,7,6,4,32.0,0.48509907722473145,893.3333333333333
20260213_151714,RRCE_PNE,1157,1,11570001,100.0,100.0,1,0,0,1,1,0.0,0.1777791976928711,0.0
20260213_151714,RRCE_PNE,1157,1,11570001,100.0,100.0,2,4,0,1,1,0.0,0.17834091186523438,0.0
20260213_151714,RRCE_PNE,1157,1,11570001,100.0,100.0,3,8,0,2,2,0.0,0.19894909858703613,0.0
20260213_151714,RRCE_PNE,1157,1,11570001,100.0,100.0,4,12,0,3,3,0.0,0.19934606552124023,0.0
20260213_151714,RRCE_PNE,1157,1,11570001,100.0,100.0,5,16,0,1,1,0.0,0.17868399620056152,0.0
20260213_151714,RRCE_PNE,1157,1,11570001,100.0,100.0,6,20,0,7,4,12.0,0.0004210472106933594,1000.0
20260213_151714,RRCE_PNE,1157,1,11570001,100.0,100.0,7,24,1,10,5,30.0,0.7087340354919434,1285.0
20260213_151714,RRCE_PNE,1157,1,11570001,100.0,100.0,8,28,2,6,5,10.0,0.26421189308166504,685.0
20260213_151714,RRCE_PNE,1157,1,11570001,100.0,100.0,9,32,4,3,3,6.0,0.20759201049804688,170.0
20260213_151714,RRCE_PNE,1157,1,11570001,100.0,100.0,10,36,5,5,5,9.0,0.25554680824279785,535.0
20260213_151714,RRCE_PNE,1157,1,11570001,100.0,100.0,11,40,6,6,4,16.0,0.2527961730957031,1290.0
20260213_151714,RRCE_PNE,1157,1,11570001,100.0,100.0,12,44,6,5,4,20.0,0.2527048587799072,1220.0
20260213_151714,RRCE_PNE,1157,1,11570001,100.0,100.0,13,48,6,7,4,32.0,0.23203492164611816,880.0
20260213_151714,RRCE_PNE,1157,1,11570001,100.0,100.0,14,52,6,10,4,48.0,0.0031740665435791016,2040.0
20260213_151714,RRCE_PNE,1157,1,11570001,100.0,100.0,15,56,6,8,5,50.0,0.28269410133361816,1920.0
20260213_151714,RRCE_PNE,1157,1,11570001,100.0,100.0,16,60,7,6,4,32.0,0.232072114944458,893.3333333333333
20260213_151714,RRCE_PNE,7445,1,74450001,100.0,100.0,1,0,0,1,1,0.0,0.17716598510742188,0.0
20260213_151714,RRCE_PNE,7445,1,74450001,100.0,100.0,2,4,0,1,1,0.0,0.178239107131958,0.0
20260213_151714,RRCE_PNE,7445,1,74450001,100.0,100.0,3,8,0,2,2,0.0,0.19880318641662598,0.0
20260213_151714,RRCE_PNE,7445,1,74450001,100.0,100.0,4,12,0,3,3,0.0,0.1988999843597412,0.0
20260213_151714,RRCE_PNE,7445,1,74450001,100.0,100.0,5,16,0,1,1,0.0,0.17795014381408691,0.0
20260213_151714,RRCE_PNE,7445,1,74450001,100.0,100.0,6,20,0,7,4,12.0,0.0004329681396484375,1000.0
20260213_151714,RRCE_PNE,7445,1,74450001,100.0,100.0,7,24,1,10,5,30.0,0.7086060047149658,1250.0
20260213_151714,RRCE_PNE,7445,1,74450001,100.0,100.0,8,28,2,6,5,10.0,0.3080129623413086,436.66666666666663
20260213_151714,RRCE_PNE,7445,1,74450001,100.0,100.0,9,32,4,3,3,6.0,0.23076891899108887,100.0
20260213_151714,RRCE_PNE,7445,1,74450001,100.0,100.0,10,36,5,5,5,9.0,0.2577829360961914,535.0
20260213_151714,RRCE_PNE,7445,1,74450001,100.0,100.0,11,40,6,6,4,16.0,0.2521800994873047,1290.0
20260213_151714,RRCE_PNE,7445,1,74450001,100.0,100.0,12,44,6,5,4,20.0,0.2653679847717285,1220.0
20260213_151714,RRCE_PNE,7445,1,74450001,100.0,100.0,13,48,6,7,4,32.0,0.24322104454040527,880.0
20260213_151714,RRCE_PNE,7445,1,74450001,100.0,100.0,14,52,6,10,4,48.0,0.0037398338317871094,2040.0
20260213_151714,RRCE_PNE,7445,1,74450001,100.0,100.0,15,56,6,8,5,50.0,0.2819828987121582,1920.0
20260213_151714,RRCE_PNE,7445,1,74450001,100.0,100.0,16,60,7,6,4,32.0,0.23116588592529297,893.3333333333333
20260213_151714,RRCE_PNE,7919,1,79190001,100.0,100.0,1,0,0,1,1,0.0,0.17708206176757812,0.0
20260213_151714,RRCE_PNE,7919,1,79190001,100.0,100.0,2,4,0,1,1,0.0,0.17682290077209473,0.0
20260213_151714,RRCE_PNE,7919,1,79190001,100.0,100.0,3,8,0,2,2,0.0,0.19788122177124023,0.0
20260213_151714,RRCE_PNE,7919,1,79190001,100.0,100.0,4,12,0,3,3,0.0,0.19829106330871582,0.0
20260213_151714,RRCE_PNE,7919,1,79190001,100.0,100.0,5,16,0,1,1,0.0,0.17682695388793945,0.0
20260213_151714,RRCE_PNE,7919,1,79190001,100.0,100.0,6,20,0,7,4,12.0,0.00046896934509277344,1000.0
20260213_151714,RRCE_PNE,7919,1,79190001,100.0,100.0,7,24,1,10,5,30.0,0.704866886138916,1285.0
20260213_151714,RRCE_PNE,7919,1,79190001,100.0,100.0,8,28,3,6,5,10.0,0.27225303649902344,436.66666666666663
20260213_151714,RRCE_PNE,7919,1,79190001,100.0,100.0,9,32,4,3,3,6.0,0.23273491859436035,100.0
20260213_151714,RRCE_PNE,7919,1,79190001,100.0,100.0,10,36,5,5,5,9.0,0.25592517852783203,535.0
20260213_151714,RRCE_PNE,7919,1,79190001,100.0,100.0,11,40,6,6,4,16.0,0.25242185592651367,1290.0
20260213_151714,RRCE_PNE,7919,1,79190001,100.0,100.0,12,44,6,5,4,20.0,0.25347185134887695,1220.0
20260213_151714,RRCE_PNE,7919,1,79190001,100.0,100.0,13,48,6,7,4,32.0,0.233123779296875,880.0
20260213_151714,RRCE_PNE,7919,1,79190001,100.0,100.0,14,52,6,10,4,48.0,0.004032135009765625,2040.0
20260213_151714,RRCE_PNE,7919,1,79190001,100.0,100.0,15,56,6,8,5,50.0,0.284149169921875,1920.0
20260213_151714,RRCE_PNE,7919,1,79190001,100.0,100.0,16,60,7,6,4,32.0,0.2464299201965332,893.3333333333333
20260213_151714,RRCE_PNE,9026,1,90260001,100.0,100.0,1,0,0,1,1,0.0,0.17937397956848145,0.0
20260213_151714,RRCE_PNE,9026,1,90260001,100.0,100.0,2,4,0,1,1,0.0,0.17958617210388184,0.0
20260213_151714,RRCE_PNE,9026,1,90260001,100.0,100.0,3,8,0,2,2,0.0,0.4337038993835449,0.0
20260213_151714,RRCE_PNE,9026,1,90260001,100.0,100.0,4,12,0,3,3,0.0,0.2097620964050293,0.0
20260213_151714,RRCE_PNE,9026,1,90260001,100.0,100.0,5,16,0,1,1,0.0,0.1781160831451416,0.0
20260213_151714,RRCE_PNE,9026,1,90260001,100.0,100.0,6,20,0,7,4,12.0,0.0004189014434814453,1000.0
20260213_151714,RRCE_PNE,9026,1,90260001,100.0,100.0,7,24,1,10,5,30.0,0.7092070579528809,1001.6666666666667
20260213_151714,RRCE_PNE,9026,1,90260001,100.0,100.0,8,28,3,6,5,10.0,0.2323310375213623,268.3333333333333
20260213_151714,RRCE_PNE,9026,1,90260001,100.0,100.0,9,32,4,3,2,4.0,0.20705699920654297,500.0
20260213_151714,RRCE_PNE,9026,1,90260001,100.0,100.0,10,36,4,6,4,14.0,0.0002720355987548828,740.0
20260213_151714,RRCE_PNE,9026,1,90260001,100.0,100.0,11,40,5,8,5,20.0,0.25107812881469727,895.0
20260213_151714,RRCE_PNE,9026,1,90260001,100.0,100.0,12,44,6,6,4,18.0,0.25380420684814453,790.0
20260213_151714,RRCE_PNE,9026,1,90260001,100.0,100.0,13,48,6,8,4,40.0,0.2577848434448242,1213.3333333333333
20260213_151714,RRCE_PNE,9026,1,90260001,100.0,100.0,14,52,6,11,4,52.0,0.006381034851074219,2040.0
20260213_151714,RRCE_PNE,9026,1,90260001,100.0,100.0,15,56,6,9,5,45.0,0.4338090419769287,1795.0
20260213_151714,RRCE_PNE,9026,1,90260001,100.0,100.0,16,60,7,7,5,45.0,0.2571420669555664,1645.0
20260213_151714,RRCE_PNE,8825,1,88250001,100.0,100.0,1,0,0,1,1,0.0,0.1789400577545166,0.0
20260213_151714,RRCE_PNE,8825,1,88250001,100.0,100.0,2,4,0,1,1,0.0,0.17841219902038574,0.0
20260213_151714,RRCE_PNE,8825,1,88250001,100.0,100.0,3,8,0,2,2,0.0,0.19953107833862305,0.0
20260213_151714,RRCE_PNE,8825,1,88250001,100.0,100.0,4,12,0,3,3,0.0,0.19884991645812988,0.0
20260213_151714,RRCE_PNE,8825,1,88250001,100.0,100.0,5,16,0,1,1,0.0,0.17816400527954102,0.0
20260213_151714,RRCE_PNE,8825,1,88250001,100.0,100.0,6,20,0,7,4,12.0,0.0004889965057373047,1000.0
20260213_151714,RRCE_PNE,8825,1,88250001,100.0,100.0,7,24,1,10,5,30.0,0.7260611057281494,1285.0
20260213_151714,RRCE_PNE,8825,1,88250001,100.0,100.0,8,28,2,6,4,8.0,0.25221800804138184,360.0
20260213_151714,RRCE_PNE,8825,1,88250001,100.0,100.0,9,32,3,4,4,8.0,0.2334451675415039,170.0
20260213_151714,RRCE_PNE,8825,1,88250001,100.0,100.0,10,36,5,5,5,9.0,0.2679259777069092,535.0
20260213_151714,RRCE_PNE,8825,1,88250001,100.0,100.0,11,40,6,6,4,16.0,0.25422000885009766,1290.0
20260213_151714,RRCE_PNE,8825,1,88250001,100.0,100.0,12,44,6,5,4,20.0,0.25414204597473145,1220.0
20260213_151714,RRCE_PNE,8825,1,88250001,100.0,100.0,13,48,6,7,4,32.0,0.23299312591552734,880.0
20260213_151714,RRCE_PNE,8825,1,88250001,100.0,100.0,14,52,6,10,4,48.0,0.003303050994873047,2040.0
20260213_151714,RRCE_PNE,8825,1,88250001,100.0,100.0,15,56,6,8,5,50.0,0.28398704528808594,1920.0
20260213_151714,RRCE_PNE,8825,1,88250001,100.0,100.0,16,60,7,6,4,32.0,0.23296093940734863,893.3333333333333
20260213_151714,RRCE_PNE,7801,1,78010001,100.0,100.0,1,0,0,1,1,0.0,0.17871499061584473,0.0
20260213_151714,RRCE_PNE,7801,1,78010001,100.0,100.0,2,4,0,1,1,0.0,0.17795395851135254,0.0
20260213_151714,RRCE_PNE,7801,1,78010001,100.0,100.0,3,8,0,2,2,0.0,0.19873785972595215,0.0
20260213_151714,RRCE_PNE,7801,1,78010001,100.0,100.0,4,12,0,3,3,0.0,0.19927000999450684,0.0
20260213_151714,RRCE_PNE,7801,1,78010001,100.0,100.0,5,16,0,1,1,0.0,0.17791390419006348,0.0
20260213_151714,RRCE_PNE,7801,1,78010001,100.0,100.0,6,20,0,7,4,12.0,0.0004971027374267578,1000.0
20260213_151714,RRCE_PNE,7801,1,78010001,100.0,100.0,7,24,1,10,5,30.0,0.7088608741760254,1285.0
20260213_151714,RRCE_PNE,7801,1,78010001,100.0,100.0,8,28,2,6,5,10.0,0.2852048873901367,436.66666666666663
20260213_151714,RRCE_PNE,7801,1,78010001,100.0,100.0,9,32,4,3,3,6.0,0.23267698287963867,100.0
20260213_151714,RRCE_PNE,7801,1,78010001,100.0,100.0,10,36,5,5,5,9.0,0.258059024810791,535.0
20260213_151714,RRCE_PNE,7801,1,78010001,100.0,100.0,11,40,6,6,4,16.0,0.2541239261627197,1290.0
20260213_151714,RRCE_PNE,7801,1,78010001,100.0,100.0,12,44,6,5,4,20.0,0.2544059753417969,1220.0
20260213_151714,RRCE_PNE,7801,1,78010001,100.0,100.0,13,48,6,7,4,32.0,0.23471713066101074,880.0
20260213_151714,RRCE_PNE,7801,1,78010001,100.0,100.0,14,52,6,10,4,48.0,0.003993034362792969,2040.0
20260213_151714,RRCE_PNE,7801,1,78010001,100.0,100.0,15,56,6,8,5,50.0,0.2859351634979248,1920.0
20260213_151714,RRCE_PNE,7801,1,78010001,100.0,100.0,16,60,7,6,4,32.0,0.23401808738708496,893.3333333333333
20260213_151714,RRCE_PNE,3576,1,35760001,100.0,100.0,1,0,0,1,1,0.0,0.19037985801696777,0.0
20260213_151714,RRCE_PNE,3576,1,35760001,100.0,100.0,2,4,0,1,1,0.0,0.179548978805542,0.0
20260213_151714,RRCE_PNE,3576,1,35760001,100.0,100.0,3,8,0,2,2,0.0,0.20159292221069336,0.0
20260213_151714,RRCE_PNE,3576,1,35760001,100.0,100.0,4,12,0,3,3,0.0,0.20177316665649414,0.0
20260213_151714,RRCE_PNE,3576,1,35760001,100.0,100.0,5,16,0,1,1,0.0,0.17958617210388184,0.0
20260213_151714,RRCE_PNE,3576,1,35760001,100.0,100.0,6,20,0,7,4,12.0,0.0005409717559814453,1000.0
20260213_151714,RRCE_PNE,3576,1,35760001,100.0,100.0,7,24,1,10,5,30.0,0.9661130905151367,1285.0
20260213_151714,RRCE_PNE,3576,1,35760001,100.0,100.0,8,28,2,6,5,10.0,0.2528860569000244,395.0
20260213_151714,RRCE_PNE,3576,1,35760001,100.0,100.0,9,32,4,3,3,6.0,0.20827603340148926,170.0
20260213_151714,RRCE_PNE,3576,1,35760001,100.0,100.0,10,36,5,5,4,4.0,0.2568800449371338,1000.0
20260213_151714,RRCE_PNE,3576,1,35760001,100.0,100.0,11,40,5,7,4,12.0,0.00043201446533203125,720.0
20260213_151714,RRCE_PNE,3576,1,35760001,100.0,100.0,12,44,5,6,4,18.0,0.2787930965423584,1290.0
20260213_151714,RRCE_PNE,3576,1,35760001,100.0,100.0,13,48,5,8,3,44.0,0.0007829666137695312,813.3333333333333
20260213_151714,RRCE_PNE,3576,1,35760001,100.0,100.0,14,52,6,12,4,56.0,0.012601137161254883,1440.0
20260213_151714,RRCE_PNE,3576,1,35760001,100.0,100.0,15,56,6,10,5,50.0,0.5039849281311035,540.0
20260213_151714,RRCE_PNE,3576,1,35760001,100.0,100.0,16,60,7,8,5,40.0,0.4307680130004883,1695.0
20260213_151714,RRCE_PNE,5108,1,51080001,100.0,100.0,1,0,0,1,1,0.0,0.17825913429260254,0.0
20260213_151714,RRCE_PNE,5108,1,51080001,100.0,100.0,2,4,0,1,1,0.0,0.17794084548950195,0.0
20260213_151714,RRCE_PNE,5108,1,51080001,100.0,100.0,3,8,0,2,2,0.0,0.1984860897064209,0.0
20260213_151714,RRCE_PNE,5108,1,51080001,100.0,100.0,4,12,0,3,3,0.0,0.1982710361480713,0.0
20260213_151714,RRCE_PNE,5108,1,51080001,100.0,100.0,5,16,0,1,1,0.0,0.1772780418395996,0.0
20260213_151714,RRCE_PNE,5108,1,51080001,100.0,100.0,6,20,0,7,4,12.0,0.0004470348358154297,1000.0
20260213_151714,RRCE_PNE,5108,1,51080001,100.0,100.0,7,24,1,10,5,30.0,0.7207558155059814,1250.0
20260213_151714,RRCE_PNE,5108,1,51080001,100.0,100.0,8,28,2,6,5,10.0,0.3035240173339844,436.66666666666663
20260213_151714,RRCE_PNE,5108,1,51080001,100.0,100.0,9,32,4,3,3,6.0,0.23242998123168945,100.0
20260213_151714,RRCE_PNE,5108,1,51080001,100.0,100.0,10,36,5,5,4,4.0,0.25614094734191895,720.0
20260213_151714,RRCE_PNE,5108,1,51080001,100.0,100.0,11,40,5,7,4,12.0,0.0004570484161376953,720.0
20260213_151714,RRCE_PNE,5108,1,51080001,100.0,100.0,12,44,5,6,4,18.0,0.2784900665283203,1290.0
20260213_151714,RRCE_PNE,5108,1,51080001,100.0,100.0,13,48,5,8,3,44.0,0.0008859634399414062,813.3333333333333
20260213_151714,RRCE_PNE,5108,1,51080001,100.0,100.0,14,52,6,12,4,56.0,0.015391111373901367,1440.0
20260213_151714,RRCE_PNE,5108,1,51080001,100.0,100.0,15,56,6,10,5,50.0,0.48985815048217773,540.0
20260213_151714,RRCE_PNE,5108,1,51080001,100.0,100.0,16,60,7,8,5,40.0,0.4431910514831543,1695.0
20260213_151714,RRCE_PNE,7346,1,73460001,100.0,100.0,1,0,0,1,1,0.0,0.17920303344726562,0.0
20260213_151714,RRCE_PNE,7346,1,73460001,100.0,100.0,2,4,0,1,1,0.0,0.17763304710388184,0.0
20260213_151714,RRCE_PNE,7346,1,73460001,100.0,100.0,3,8,0,2,2,0.0,0.198822021484375,0.0
20260213_151714,RRCE_PNE,7346,1,73460001,100.0,100.0,4,12,0,3,3,0.0,0.19818401336669922,0.0
20260213_151714,RRCE_PNE,7346,1,73460001,100.0,100.0,5,16,0,1,1,0.0,0.1767749786376953,0.0
20260213_151714,RRCE_PNE,7346,1,73460001,100.0,100.0,6,20,0,7,4,12.0,0.0004420280456542969,1000.0
20260213_151714,RRCE_PNE,7346,1,73460001,100.0,100.0,7,24,1,10,5,30.0,0.7096829414367676,1285.0
20260213_151714,RRCE_PNE,7346,1,73460001,100.0,100.0,8,28,2,6,5,10.0,0.27304697036743164,436.66666666666663
20260213_151714,RRCE_PNE,7346,1,73460001,100.0,100.0,9,32,4,3,3,6.0,0.23194313049316406,100.0
20260213_151714,RRCE_PNE,7346,1,73460001,100.0,100.0,10,36,5,5,5,9.0,0.25675392150878906,535.0
20260213_151714,RRCE_PNE,7346,1,73460001,100.0,100.0,11,40,6,6,4,16.0,0.25586605072021484,1290.0
20260213_151714,RRCE_PNE,7346,1,73460001,100.0,100.0,12,44,6,5,4,20.0,0.253554105758667,1220.0
20260213_151714,RRCE_PNE,7346,1,73460001,100.0,100.0,13,48,6,7,4,32.0,0.24513697624206543,880.0
20260213_151714,RRCE_PNE,7346,1,73460001,100.0,100.0,14,52,6,10,4,48.0,0.004191875457763672,2040.0
20260213_151714,RRCE_PNE,7346,1,73460001,100.0,100.0,15,56,6,8,5,50.0,0.2838170528411865,1920.0
20260213_151714,RRCE_PNE,7346,1,73460001,100.0,100.0,16,60,7,6,4,32.0,0.23387479782104492,893.3333333333333
20260213_151714,RRCE_PNE,2659,1,26590001,100.0,100.0,1,0,0,1,1,0.0,0.17950892448425293,0.0
20260213_151714,RRCE_PNE,2659,1,26590001,100.0,100.0,2,4,0,1,1,0.0,0.17914795875549316,0.0
20260213_151714,RRCE_PNE,2659,1,26590001,100.0,100.0,3,8,0,2,2,0.0,0.20041394233703613,0.0
20260213_151714,RRCE_PNE,2659,1,26590001,100.0,100.0,4,12,0,3,3,0.0,0.20054006576538086,0.0
20260213_151714,RRCE_PNE,2659,1,26590001,100.0,100.0,5,16,0,1,1,0.0,0.19276189804077148,0.0
20260213_151714,RRCE_PNE,2659,1,26590001,100.0,100.0,6,20,0,7,4,12.0,0.23009896278381348,1000.0
20260213_151714,RRCE_PNE,2659,1,26590001,100.0,100.0,7,24,1,10,5,30.0,0.7096531391143799,1285.0
20260213_151714,RRCE_PNE,2659,1,26590001,100.0,100.0,8,28,3,6,5,10.0,0.27350902557373047,685.0
20260213_151714,RRCE_PNE,2659,1,26590001,100.0,100.0,9,32,4,3,3,6.0,0.2078111171722412,170.0
20260213_151714,RRCE_PNE,2659,1,26590001,100.0,100.0,10,36,5,5,5,9.0,0.2579219341278076,535.0
20260213_151714,RRCE_PNE,2659,1,26590001,100.0,100.0,11,40,6,6,4,16.0,0.2542428970336914,1290.0
20260213_151714,RRCE_PNE,2659,1,26590001,100.0,100.0,12,44,6,5,4,20.0,0.25414609909057617,1220.0
20260213_151714,RRCE_PNE,2659,1,26590001,100.0,100.0,13,48,6,7,4,32.0,0.23331308364868164,880.0
20260213_151714,RRCE_PNE,2659,1,26590001,100.0,100.0,14,52,6,10,4,48.0,0.0031309127807617188,2040.0
20260213_151714,RRCE_PNE,2659,1,26590001,100.0,100.0,15,56,6,8,5,50.0,0.28447699546813965,1920.0
20260213_151714,RRCE_PNE,2659,1,26590001,100.0,100.0,16,60,7,6,3,28.0,0.23273396492004395,1080.0
20260213_151714,RRCE_PNE,1301,1,13010001,100.0,100.0,1,0,0,1,1,0.0,0.17936182022094727,0.0
20260213_151714,RRCE_PNE,1301,1,13010001,100.0,100.0,2,4,0,1,1,0.0,0.17842507362365723,0.0
20260213_151714,RRCE_PNE,1301,1,13010001,100.0,100.0,3,8,0,2,2,0.0,0.19990897178649902,0.0
20260213_151714,RRCE_PNE,1301,1,13010001,100.0,100.0,4,12,0,3,3,0.0,0.210007905960083,0.0
20260213_151714,RRCE_PNE,1301,1,13010001,100.0,100.0,5,16,0,1,1,0.0,0.1802058219909668,0.0
20260213_151714,RRCE_PNE,1301,1,13010001,100.0,100.0,6,20,0,7,4,12.0,0.00048804283142089844,1000.0
20260213_151714,RRCE_PNE,1301,1,13010001,100.0,100.0,7,24,1,10,5,30.0,0.7218489646911621,825.0
20260213_151714,RRCE_PNE,1301,1,13010001,100.0,100.0,8,28,2,6,5,10.0,0.3067460060119629,1070.0
20260213_151714,RRCE_PNE,1301,1,13010001,100.0,100.0,9,32,4,3,3,6.0,0.23340511322021484,100.0
20260213_151714,RRCE_PNE,1301,1,13010001,100.0,100.0,10,36,5,5,5,9.0,0.25838589668273926,535.0
20260213_151714,RRCE_PNE,1301,1,13010001,100.0,100.0,11,40,6,6,4,16.0,0.2546110153198242,1290.0
20260213_151714,RRCE_PNE,1301,1,13010001,100.0,100.0,12,44,6,5,4,20.0,0.25612497329711914,1220.0
20260213_151714,RRCE_PNE,1301,1,13010001,100.0,100.0,13,48,6,7,4,32.0,0.23427987098693848,880.0
20260213_151714,RRCE_PNE,1301,1,13010001,100.0,100.0,14,52,6,10,4,48.0,0.0035240650177001953,2040.0
20260213_151714,RRCE_PNE,1301,1,13010001,100.0,100.0,15,56,6,8,5,50.0,0.28514885902404785,1920.0
20260213_151714,RRCE_PNE,1301,1,13010001,100.0,100.0,16,60,7,6,4,32.0,0.23334002494812012,893.3333333333333
20260213_151714,RRCE_PNE,5519,1,55190001,100.0,100.0,1,0,0,1,1,0.0,0.17916417121887207,0.0
20260213_151714,RRCE_PNE,5519,1,55190001,100.0,100.0,2,4,0,1,1,0.0,0.1789870262145996,0.0
20260213_151714,RRCE_PNE,5519,1,55190001,100.0,100.0,3,8,0,2,2,0.0,0.19924211502075195,0.0
20260213_151714,RRCE_PNE,5519,1,55190001,100.0,100.0,4,12,0,3,3,0.0,0.19939708709716797,0.0
20260213_151714,RRCE_PNE,5519,1,55190001,100.0,100.0,5,16,0,1,1,0.0,0.17888998985290527,0.0
20260213_151714,RRCE_PNE,5519,1,55190001,100.0,100.0,6,20,0,7,4,12.0,0.00045800209045410156,1000.0
20260213_151714,RRCE_PNE,5519,1,55190001,100.0,100.0,7,24,1,10,5,30.0,0.7090060710906982,1250.0
20260213_151714,RRCE_PNE,5519,1,55190001,100.0,100.0,8,28,2,6,5,10.0,0.3047778606414795,436.66666666666663
20260213_151714,RRCE_PNE,5519,1,55190001,100.0,100.0,9,32,4,3,3,6.0,0.23317790031433105,100.0
20260213_151714,RRCE_PNE,5519,1,55190001,100.0,100.0,10,36,5,5,5,9.0,0.28380393981933594,535.0
20260213_151714,RRCE_PNE,5519,1,55190001,100.0,100.0,11,40,6,6,4,16.0,0.25216197967529297,1290.0
20260213_151714,RRCE_PNE,5519,1,55190001,100.0,100.0,12,44,6,5,4,20.0,0.25293493270874023,1220.0
20260213_151714,RRCE_PNE,5519,1,55190001,100.0,100.0,13,48,6,7,4,32.0,0.23187589645385742,880.0
20260213_151714,RRCE_PNE,5519,1,55190001,100.0,100.0,14,52,6,10,4,48.0,0.003911018371582031,2040.0
20260213_151714,RRCE_PNE,5519,1,55190001,100.0,100.0,15,56,6,8,5,50.0,0.2863810062408447,1920.0
20260213_151714,RRCE_PNE,5519,1,55190001,100.0,100.0,16,60,7,6,4,32.0,0.23491787910461426,893.3333333333333
20260213_151714,RRCE_PNE,1736,1,17360001,100.0,100.0,1,0,0,1,1,0.0,0.1803898811340332,0.0
20260213_151714,RRCE_PNE,1736,1,17360001,100.0,100.0,2,4,0,1,1,0.0,0.179548978805542,0.0
20260213_151714,RRCE_PNE,1736,1,17360001,100.0,100.0,3,8,0,2,2,0.0,0.20082306861877441,0.0
20260213_151714,RRCE_PNE,1736,1,17360001,100.0,100.0,4,12,0,3,3,0.0,0.20122098922729492,0.0
20260213_151714,RRCE_PNE,1736,1,17360001,100.0,100.0,5,16,0,1,1,0.0,0.1799149513244629,0.0
20260213_151714,RRCE_PNE,1736,1,17360001,100.0,100.0,6,20,0,7,4,12.0,0.0006041526794433594,1000.0
20260213_151714,RRCE_PNE,1736,1,17360001,100.0,100.0,7,24,1,10,5,30.0,0.9715709686279297,1285.0
20260213_151714,RRCE_PNE,1736,1,17360001,100.0,100.0,8,28,2,6,5,10.0,0.2522110939025879,436.66666666666663
20260213_151714,RRCE_PNE,1736,1,17360001,100.0,100.0,9,32,4,3,3,6.0,0.23288416862487793,100.0
20260213_151714,RRCE_PNE,1736,1,17360001,100.0,100.0,10,36,5,5,5,9.0,0.25687289237976074,535.0
20260213_151714,RRCE_PNE,1736,1,17360001,100.0,100.0,11,40,6,6,4,16.0,0.25395894050598145,1290.0
20260213_151714,RRCE_PNE,1736,1,17360001,100.0,100.0,12,44,6,5,4,20.0,0.25495004653930664,1220.0
20260213_151714,RRCE_PNE,1736,1,17360001,100.0,100.0,13,48,6,7,4,32.0,0.23290586471557617,880.0
20260213_151714,RRCE_PNE,1736,1,17360001,100.0,100.0,14,52,6,10,4,48.0,0.002995014190673828,2040.0
20260213_151714,RRCE_PNE,1736,1,17360001,100.0,100.0,15,56,6,8,5,50.0,0.2970161437988281,1920.0
20260213_151714,RRCE_PNE,1736,1,17360001,100.0,100.0,16,60,7,6,4,32.0,0.24326300621032715,893.3333333333333
20260213_151714,RRCE_PNE,618,1,6180001,100.0,100.0,1,0,0,1,1,0.0,0.17839598655700684,0.0
20260213_151714,RRCE_PNE,618,1,6180001,100.0,100.0,2,4,0,1,1,0.0,0.17876386642456055,0.0
20260213_151714,RRCE_PNE,618,1,6180001,100.0,100.0,3,8,0,2,2,0.0,0.19919300079345703,0.0
20260213_151714,RRCE_PNE,618,1,6180001,100.0,100.0,4,12,0,3,3,0.0,0.19962191581726074,0.0
20260213_151714,RRCE_PNE,618,1,6180001,100.0,100.0,5,16,0,1,1,0.0,0.17853999137878418,0.0
20260213_151714,RRCE_PNE,618,1,6180001,100.0,100.0,6,20,0,7,4,12.0,0.0004570484161376953,1000.0
20260213_151714,RRCE_PNE,618,1,6180001,100.0,100.0,7,24,1,10,5,30.0,0.7111568450927734,825.0
20260213_151714,RRCE_PNE,618,1,6180001,100.0,100.0,8,28,2,6,5,10.0,0.30413103103637695,1070.0
20260213_151714,RRCE_PNE,618,1,6180001,100.0,100.0,9,32,4,3,3,6.0,0.23301196098327637,100.0
20260213_151714,RRCE_PNE,618,1,6180001,100.0,100.0,10,36,5,5,5,9.0,0.25833892822265625,535.0
20260213_151714,RRCE_PNE,618,1,6180001,100.0,100.0,11,40,6,6,4,16.0,0.25718092918395996,1290.0
20260213_151714,RRCE_PNE,618,1,6180001,100.0,100.0,12,44,6,5,3,16.0,0.252993106842041,1290.0
20260213_151714,RRCE_PNE,618,1,6180001,100.0,100.0,13,48,5,8,4,52.0,0.0008761882781982422,838.3333333333333
20260213_151714,RRCE_PNE,618,1,6180001,100.0,100.0,14,52,7,11,4,48.0,0.006663084030151367,1740.0
20260213_151714,RRCE_PNE,618,1,6180001,100.0,100.0,15,56,7,9,5,45.0,0.4342219829559326,1795.0
20260213_151714,RRCE_PNE,618,1,6180001,100.0,100.0,16,60,8,7,5,45.0,0.25966310501098633,1645.0
20260213_151714,RRCE_PNE,8254,1,82540001,100.0,100.0,1,0,0,1,1,0.0,0.17953205108642578,0.0
20260213_151714,RRCE_PNE,8254,1,82540001,100.0,100.0,2,4,0,1,1,0.0,0.17857909202575684,0.0
20260213_151714,RRCE_PNE,8254,1,82540001,100.0,100.0,3,8,0,2,2,0.0,0.2009449005126953,0.0
20260213_151714,RRCE_PNE,8254,1,82540001,100.0,100.0,4,12,0,3,3,0.0,0.21382808685302734,0.0
20260213_151714,RRCE_PNE,8254,1,82540001,100.0,100.0,5,16,0,1,1,0.0,0.1779179573059082,0.0
20260213_151714,RRCE_PNE,8254,1,82540001,100.0,100.0,6,20,0,7,4,12.0,0.0004949569702148438,1000.0
20260213_151714,RRCE_PNE,8254,1,82540001,100.0,100.0,7,24,1,10,5,30.0,0.710003137588501,1285.0
20260213_151714,RRCE_PNE,8254,1,82540001,100.0,100.0,8,28,2,6,5,10.0,0.24982881546020508,436.66666666666663
20260213_151714,RRCE_PNE,8254,1,82540001,100.0,100.0,9,32,4,3,3,6.0,0.23041486740112305,100.0
20260213_151714,RRCE_PNE,8254,1,82540001,100.0,100.0,10,36,5,5,5,9.0,0.25449395179748535,535.0
20260213_151714,RRCE_PNE,8254,1,82540001,100.0,100.0,11,40,6,6,4,16.0,0.25196194648742676,1290.0
20260213_151714,RRCE_PNE,8254,1,82540001,100.0,100.0,12,44,6,5,4,20.0,0.2520298957824707,1220.0
20260213_151714,RRCE_PNE,8254,1,82540001,100.0,100.0,13,48,6,7,4,32.0,0.23150110244750977,880.0
20260213_151714,RRCE_PNE,8254,1,82540001,100.0,100.0,14,52,6,10,4,48.0,0.003030061721801758,2040.0
20260213_151714,RRCE_PNE,8254,1,82540001,100.0,100.0,15,56,6,8,5,50.0,0.28307485580444336,1920.0
20260213_151714,RRCE_PNE,8254,1,82540001,100.0,100.0,16,60,7,6,4,32.0,0.2318580150604248,893.3333333333333
20260213_151714,RRCE_PNE,7340,1,73400001,100.0,100.0,1,0,0,1,1,0.0,0.17746591567993164,0.0
20260213_151714,RRCE_PNE,7340,1,73400001,100.0,100.0,2,4,0,1,1,0.0,0.17783689498901367,0.0
20260213_151714,RRCE_PNE,7340,1,73400001,100.0,100.0,3,8,0,2,2,0.0,0.19771695137023926,0.0
20260213_151714,RRCE_PNE,7340,1,73400001,100.0,100.0,4,12,0,3,3,0.0,0.1983790397644043,0.0
20260213_151714,RRCE_PNE,7340,1,73400001,100.0,100.0,5,16,0,1,1,0.0,0.17799687385559082,0.0
20260213_151714,RRCE_PNE,7340,1,73400001,100.0,100.0,6,20,0,7,4,12.0,0.0005290508270263672,1000.0
20260213_151714,RRCE_PNE,7340,1,73400001,100.0,100.0,7,24,1,10,5,30.0,0.7217099666595459,966.6666666666667
20260213_151714,RRCE_PNE,7340,1,73400001,100.0,100.0,8,28,2,6,5,10.0,0.2572810649871826,303.3333333333333
20260213_151714,RRCE_PNE,7340,1,73400001,100.0,100.0,9,32,4,3,2,4.0,0.20786190032958984,500.0
20260213_151714,RRCE_PNE,7340,1,73400001,100.0,100.0,10,36,4,6,4,14.0,0.0003628730773925781,740.0
20260213_151714,RRCE_PNE,7340,1,73400001,100.0,100.0,11,40,5,8,4,16.0,0.48598814010620117,860.0
20260213_151714,RRCE_PNE,7340,1,73400001,100.0,100.0,12,44,5,7,4,12.0,0.2667269706726074,573.3333333333334
20260213_151714,RRCE_PNE,7340,1,73400001,100.0,100.0,13,48,5,9,5,39.0,0.2702291011810303,943.3333333333333
20260213_151714,RRCE_PNE,7340,1,73400001,100.0,100.0,14,52,6,11,4,42.0,0.0061740875244140625,1530.0
20260213_151714,RRCE_PNE,7340,1,73400001,100.0,100.0,15,56,6,9,5,49.0,0.4322319030761719,1570.0
20260213_151714,RRCE_PNE,7340,1,73400001,100.0,100.0,16,60,7,7,5,45.0,0.2582700252532959,1380.0
