timestamp,solver,seed,rep,run_seed,coord_sigma,real_sigma,epoch,t,Qsum,n_backlog,n_pushed,J_coord,solver_time_sec,fairness_ep
20260204_181530,GREEDY_CENTRALIZED,764,1,7640001,0.0,0.0,1,0,0,1,1,0.0,0.00019598007202148438,0.0
20260204_181530,GREEDY_CENTRALIZED,764,1,7640001,0.0,0.0,2,4,0,1,1,0.0,2.86102294921875e-6,0.0
20260204_181530,GREEDY_CENTRALIZED,764,1,7640001,0.0,0.0,3,8,0,2,2,0.0,7.486343383789062e-5,0.0
20260204_181530,GREEDY_CENTRALIZED,764,1,7640001,0.0,0.0,4,12,0,3,3,0.0,9.059906005859375e-6,0.0
20260204_181530,GREEDY_CENTRALIZED,764,1,7640001,0.0,0.0,5,16,0,1,1,0.0,3.0994415283203125e-6,0.0
20260204_181530,GREEDY_CENTRALIZED,764,1,7640001,0.0,0.0,6,20,0,7,4,12.0,0.00022101402282714844,1000.0
20260204_181530,GREEDY_CENTRALIZED,764,1,7640001,0.0,0.0,7,24,1,10,4,24.0,0.0016760826110839844,1000.0
20260204_181530,GREEDY_CENTRALIZED,764,1,7640001,0.0,0.0,8,28,1,7,4,12.0,0.0001480579376220703,1000.0
20260204_181530,GREEDY_CENTRALIZED,764,1,7640001,0.0,0.0,9,32,3,5,4,4.0,7.987022399902344e-5,333.3333333333333
20260204_181530,GREEDY_CENTRALIZED,764,1,7640001,0.0,0.0,10,36,4,6,4,8.0,5.2928924560546875e-5,573.3333333333334
20260204_181530,GREEDY_CENTRALIZED,764,1,7640001,0.0,0.0,11,40,4,8,4,16.0,0.0002129077911376953,720.0
20260204_181530,GREEDY_CENTRALIZED,764,1,7640001,0.0,0.0,12,44,4,7,4,12.0,0.00011396408081054688,720.0
20260204_181530,GREEDY_CENTRALIZED,764,1,7640001,0.0,0.0,13,48,4,9,4,20.0,0.0006959438323974609,800.0
20260204_181530,GREEDY_CENTRALIZED,764,1,7640001,0.0,0.0,14,52,4,12,4,32.0,0.016307830810546875,680.0
20260204_181530,GREEDY_CENTRALIZED,764,1,7640001,0.0,0.0,15,56,4,10,4,52.0,0.0015411376953125,980.0
20260204_181530,GREEDY_CENTRALIZED,764,1,7640001,0.0,0.0,16,60,6,9,4,40.0,0.0008180141448974609,1480.0
20260204_181530,GREEDY_CENTRALIZED,744,1,7440001,0.0,0.0,1,0,0,1,1,0.0,1.4066696166992188e-5,0.0
20260204_181530,GREEDY_CENTRALIZED,744,1,7440001,0.0,0.0,2,4,0,1,1,0.0,2.86102294921875e-6,0.0
20260204_181530,GREEDY_CENTRALIZED,744,1,7440001,0.0,0.0,3,8,0,2,2,0.0,1.0967254638671875e-5,0.0
20260204_181530,GREEDY_CENTRALIZED,744,1,7440001,0.0,0.0,4,12,0,3,3,0.0,1.0013580322265625e-5,0.0
20260204_181530,GREEDY_CENTRALIZED,744,1,7440001,0.0,0.0,5,16,0,1,1,0.0,1.9073486328125e-6,0.0
20260204_181530,GREEDY_CENTRALIZED,744,1,7440001,0.0,0.0,6,20,0,7,4,12.0,0.00019097328186035156,1000.0
20260204_181530,GREEDY_CENTRALIZED,744,1,7440001,0.0,0.0,7,24,1,10,4,24.0,0.0020210742950439453,1000.0
20260204_181530,GREEDY_CENTRALIZED,744,1,7440001,0.0,0.0,8,28,1,7,4,12.0,0.00024700164794921875,1000.0
20260204_181530,GREEDY_CENTRALIZED,744,1,7440001,0.0,0.0,9,32,3,5,4,4.0,5.793571472167969e-5,333.3333333333333
20260204_181530,GREEDY_CENTRALIZED,744,1,7440001,0.0,0.0,10,36,4,6,4,8.0,8.893013000488281e-5,573.3333333333334
20260204_181530,GREEDY_CENTRALIZED,744,1,7440001,0.0,0.0,11,40,4,8,4,16.0,0.00033283233642578125,720.0
20260204_181530,GREEDY_CENTRALIZED,744,1,7440001,0.0,0.0,12,44,4,7,4,12.0,0.0001678466796875,720.0
20260204_181530,GREEDY_CENTRALIZED,744,1,7440001,0.0,0.0,13,48,4,9,4,20.0,0.0007300376892089844,800.0
20260204_181530,GREEDY_CENTRALIZED,744,1,7440001,0.0,0.0,14,52,4,12,4,32.0,0.010349035263061523,680.0
20260204_181530,GREEDY_CENTRALIZED,744,1,7440001,0.0,0.0,15,56,4,10,4,52.0,0.001283884048461914,980.0
20260204_181530,GREEDY_CENTRALIZED,744,1,7440001,0.0,0.0,16,60,6,9,4,40.0,0.0005440711975097656,1480.0
20260204_181530,GREEDY_CENTRALIZED,855,1,8550001,0.0,0.0,1,0,0,1,1,0.0,1.0013580322265625e-5,0.0
20260204_181530,GREEDY_CENTRALIZED,855,1,8550001,0.0,0.0,2,4,0,1,1,0.0,2.1457672119140625e-6,0.0
20260204_181530,GREEDY_CENTRALIZED,855,1,8550001,0.0,0.0,3,8,0,2,2,0.0,9.059906005859375e-6,0.0
20260204_181530,GREEDY_CENTRALIZED,855,1,8550001,0.0,0.0,4,12,0,3,3,0.0,5.9604644775390625e-6,0.0
20260204_181530,GREEDY_CENTRALIZED,855,1,8550001,0.0,0.0,5,16,0,1,1,0.0,1.9073486328125e-6,0.0
20260204_181530,GREEDY_CENTRALIZED,855,1,8550001,0.0,0.0,6,20,0,7,4,12.0,0.0001239776611328125,1000.0
20260204_181530,GREEDY_CENTRALIZED,855,1,8550001,0.0,0.0,7,24,1,10,4,24.0,0.0011179447174072266,1000.0
20260204_181530,GREEDY_CENTRALIZED,855,1,8550001,0.0,0.0,8,28,1,7,4,12.0,0.0001220703125,1000.0
20260204_181530,GREEDY_CENTRALIZED,855,1,8550001,0.0,0.0,9,32,3,5,4,4.0,3.4809112548828125e-5,333.3333333333333
20260204_181530,GREEDY_CENTRALIZED,855,1,8550001,0.0,0.0,10,36,4,6,4,8.0,5.91278076171875e-5,573.3333333333334
20260204_181530,GREEDY_CENTRALIZED,855,1,8550001,0.0,0.0,11,40,4,8,4,16.0,0.0002391338348388672,720.0
20260204_181530,GREEDY_CENTRALIZED,855,1,8550001,0.0,0.0,12,44,4,7,4,12.0,0.0001380443572998047,720.0
20260204_181530,GREEDY_CENTRALIZED,855,1,8550001,0.0,0.0,13,48,4,9,4,20.0,0.0005648136138916016,800.0
20260204_181530,GREEDY_CENTRALIZED,855,1,8550001,0.0,0.0,14,52,4,12,4,32.0,0.007010936737060547,680.0
20260204_181530,GREEDY_CENTRALIZED,855,1,8550001,0.0,0.0,15,56,4,10,4,52.0,0.0011148452758789062,980.0
20260204_181530,GREEDY_CENTRALIZED,855,1,8550001,0.0,0.0,16,60,6,9,4,40.0,0.0004940032958984375,1480.0
20260204_181530,GREEDY_CENTRALIZED,218,1,2180001,0.0,0.0,1,0,0,1,1,0.0,1.1205673217773438e-5,0.0
20260204_181530,GREEDY_CENTRALIZED,218,1,2180001,0.0,0.0,2,4,0,1,1,0.0,2.1457672119140625e-6,0.0
20260204_181530,GREEDY_CENTRALIZED,218,1,2180001,0.0,0.0,3,8,0,2,2,0.0,8.106231689453125e-6,0.0
20260204_181530,GREEDY_CENTRALIZED,218,1,2180001,0.0,0.0,4,12,0,3,3,0.0,5.9604644775390625e-6,0.0
20260204_181530,GREEDY_CENTRALIZED,218,1,2180001,0.0,0.0,5,16,0,1,1,0.0,2.1457672119140625e-6,0.0
20260204_181530,GREEDY_CENTRALIZED,218,1,2180001,0.0,0.0,6,20,0,7,4,12.0,0.00011706352233886719,1000.0
20260204_181530,GREEDY_CENTRALIZED,218,1,2180001,0.0,0.0,7,24,1,10,4,24.0,0.0010030269622802734,1000.0
20260204_181530,GREEDY_CENTRALIZED,218,1,2180001,0.0,0.0,8,28,1,7,4,12.0,0.0001068115234375,1000.0
20260204_181530,GREEDY_CENTRALIZED,218,1,2180001,0.0,0.0,9,32,3,5,4,4.0,2.9087066650390625e-5,333.3333333333333
20260204_181530,GREEDY_CENTRALIZED,218,1,2180001,0.0,0.0,10,36,4,6,4,8.0,6.413459777832031e-5,573.3333333333334
20260204_181530,GREEDY_CENTRALIZED,218,1,2180001,0.0,0.0,11,40,4,8,4,16.0,0.00021791458129882812,720.0
20260204_181530,GREEDY_CENTRALIZED,218,1,2180001,0.0,0.0,12,44,4,7,4,12.0,0.00011491775512695312,720.0
20260204_181530,GREEDY_CENTRALIZED,218,1,2180001,0.0,0.0,13,48,4,9,4,20.0,0.00047397613525390625,800.0
20260204_181530,GREEDY_CENTRALIZED,218,1,2180001,0.0,0.0,14,52,4,12,4,32.0,0.006631135940551758,680.0
20260204_181530,GREEDY_CENTRALIZED,218,1,2180001,0.0,0.0,15,56,4,10,4,52.0,0.0011398792266845703,980.0
20260204_181530,GREEDY_CENTRALIZED,218,1,2180001,0.0,0.0,16,60,6,9,4,40.0,0.0005271434783935547,1480.0
20260204_181530,GREEDY_CENTRALIZED,321,1,3210001,0.0,0.0,1,0,0,1,1,0.0,1.2159347534179688e-5,0.0
20260204_181530,GREEDY_CENTRALIZED,321,1,3210001,0.0,0.0,2,4,0,1,1,0.0,2.1457672119140625e-6,0.0
20260204_181530,GREEDY_CENTRALIZED,321,1,3210001,0.0,0.0,3,8,0,2,2,0.0,9.059906005859375e-6,0.0
20260204_181530,GREEDY_CENTRALIZED,321,1,3210001,0.0,0.0,4,12,0,3,3,0.0,5.0067901611328125e-6,0.0
20260204_181530,GREEDY_CENTRALIZED,321,1,3210001,0.0,0.0,5,16,0,1,1,0.0,1.1920928955078125e-6,0.0
20260204_181530,GREEDY_CENTRALIZED,321,1,3210001,0.0,0.0,6,20,0,7,4,12.0,0.00011396408081054688,1000.0
20260204_181530,GREEDY_CENTRALIZED,321,1,3210001,0.0,0.0,7,24,1,10,4,24.0,0.0009238719940185547,1000.0
20260204_181530,GREEDY_CENTRALIZED,321,1,3210001,0.0,0.0,8,28,1,7,4,12.0,9.989738464355469e-5,1000.0
20260204_181530,GREEDY_CENTRALIZED,321,1,3210001,0.0,0.0,9,32,3,5,4,4.0,2.8133392333984375e-5,333.3333333333333
20260204_181530,GREEDY_CENTRALIZED,321,1,3210001,0.0,0.0,10,36,4,6,4,8.0,5.0067901611328125e-5,573.3333333333334
20260204_181530,GREEDY_CENTRALIZED,321,1,3210001,0.0,0.0,11,40,4,8,4,16.0,0.0002009868621826172,720.0
20260204_181530,GREEDY_CENTRALIZED,321,1,3210001,0.0,0.0,12,44,4,7,4,12.0,0.00010609626770019531,720.0
20260204_181530,GREEDY_CENTRALIZED,321,1,3210001,0.0,0.0,13,48,4,9,4,20.0,0.0004379749298095703,800.0
20260204_181530,GREEDY_CENTRALIZED,321,1,3210001,0.0,0.0,14,52,4,12,4,32.0,0.006829023361206055,680.0
20260204_181530,GREEDY_CENTRALIZED,321,1,3210001,0.0,0.0,15,56,4,10,4,52.0,0.0010039806365966797,980.0
20260204_181530,GREEDY_CENTRALIZED,321,1,3210001,0.0,0.0,16,60,6,9,4,40.0,0.0004820823669433594,1480.0
20260204_181530,GREEDY_CENTRALIZED,477,1,4770001,0.0,0.0,1,0,0,1,1,0.0,1.0967254638671875e-5,0.0
20260204_181530,GREEDY_CENTRALIZED,477,1,4770001,0.0,0.0,2,4,0,1,1,0.0,2.1457672119140625e-6,0.0
20260204_181530,GREEDY_CENTRALIZED,477,1,4770001,0.0,0.0,3,8,0,2,2,0.0,8.106231689453125e-6,0.0
20260204_181530,GREEDY_CENTRALIZED,477,1,4770001,0.0,0.0,4,12,0,3,3,0.0,5.9604644775390625e-6,0.0
20260204_181530,GREEDY_CENTRALIZED,477,1,4770001,0.0,0.0,5,16,0,1,1,0.0,2.1457672119140625e-6,0.0
20260204_181530,GREEDY_CENTRALIZED,477,1,4770001,0.0,0.0,6,20,0,7,4,12.0,0.00010800361633300781,1000.0
20260204_181530,GREEDY_CENTRALIZED,477,1,4770001,0.0,0.0,7,24,1,10,4,24.0,0.0010271072387695312,1000.0
20260204_181530,GREEDY_CENTRALIZED,477,1,4770001,0.0,0.0,8,28,1,7,4,12.0,0.0001220703125,1000.0
20260204_181530,GREEDY_CENTRALIZED,477,1,4770001,0.0,0.0,9,32,3,5,4,4.0,2.7894973754882812e-5,333.3333333333333
20260204_181530,GREEDY_CENTRALIZED,477,1,4770001,0.0,0.0,10,36,4,6,4,8.0,4.982948303222656e-5,573.3333333333334
20260204_181530,GREEDY_CENTRALIZED,477,1,4770001,0.0,0.0,11,40,4,8,4,16.0,0.00019311904907226562,720.0
20260204_181530,GREEDY_CENTRALIZED,477,1,4770001,0.0,0.0,12,44,4,7,4,12.0,0.00011086463928222656,720.0
20260204_181530,GREEDY_CENTRALIZED,477,1,4770001,0.0,0.0,13,48,4,9,4,20.0,0.00043892860412597656,800.0
20260204_181530,GREEDY_CENTRALIZED,477,1,4770001,0.0,0.0,14,52,4,12,4,32.0,0.006021022796630859,680.0
20260204_181530,GREEDY_CENTRALIZED,477,1,4770001,0.0,0.0,15,56,4,10,4,52.0,0.0011630058288574219,980.0
20260204_181530,GREEDY_CENTRALIZED,477,1,4770001,0.0,0.0,16,60,6,9,4,40.0,0.0004241466522216797,1480.0
20260204_181530,GREEDY_CENTRALIZED,878,1,8780001,0.0,0.0,1,0,0,1,1,0.0,5.9604644775390625e-6,0.0
20260204_181530,GREEDY_CENTRALIZED,878,1,8780001,0.0,0.0,2,4,0,1,1,0.0,9.5367431640625e-7,0.0
20260204_181530,GREEDY_CENTRALIZED,878,1,8780001,0.0,0.0,3,8,0,2,2,0.0,8.106231689453125e-6,0.0
20260204_181530,GREEDY_CENTRALIZED,878,1,8780001,0.0,0.0,4,12,0,3,3,0.0,5.0067901611328125e-6,0.0
20260204_181530,GREEDY_CENTRALIZED,878,1,8780001,0.0,0.0,5,16,0,1,1,0.0,2.1457672119140625e-6,0.0
20260204_181530,GREEDY_CENTRALIZED,878,1,8780001,0.0,0.0,6,20,0,7,4,12.0,9.679794311523438e-5,1000.0
20260204_181530,GREEDY_CENTRALIZED,878,1,8780001,0.0,0.0,7,24,1,10,4,24.0,0.0008559226989746094,1000.0
20260204_181530,GREEDY_CENTRALIZED,878,1,8780001,0.0,0.0,8,28,1,7,4,12.0,0.00010585784912109375,1000.0
20260204_181530,GREEDY_CENTRALIZED,878,1,8780001,0.0,0.0,9,32,3,5,4,4.0,2.9087066650390625e-5,333.3333333333333
20260204_181530,GREEDY_CENTRALIZED,878,1,8780001,0.0,0.0,10,36,4,6,4,8.0,4.792213439941406e-5,573.3333333333334
20260204_181530,GREEDY_CENTRALIZED,878,1,8780001,0.0,0.0,11,40,4,8,4,16.0,0.00019097328186035156,720.0
20260204_181530,GREEDY_CENTRALIZED,878,1,8780001,0.0,0.0,12,44,4,7,4,12.0,0.00010204315185546875,720.0
20260204_181530,GREEDY_CENTRALIZED,878,1,8780001,0.0,0.0,13,48,4,9,4,20.0,0.00044083595275878906,800.0
20260204_181530,GREEDY_CENTRALIZED,878,1,8780001,0.0,0.0,14,52,4,12,4,32.0,0.005672931671142578,680.0
20260204_181530,GREEDY_CENTRALIZED,878,1,8780001,0.0,0.0,15,56,4,10,4,52.0,0.0009329319000244141,980.0
20260204_181530,GREEDY_CENTRALIZED,878,1,8780001,0.0,0.0,16,60,6,9,4,40.0,0.0004551410675048828,1480.0
20260204_181530,GREEDY_CENTRALIZED,112,1,1120001,0.0,0.0,1,0,0,1,1,0.0,9.059906005859375e-6,0.0
20260204_181530,GREEDY_CENTRALIZED,112,1,1120001,0.0,0.0,2,4,0,1,1,0.0,9.5367431640625e-7,0.0
20260204_181530,GREEDY_CENTRALIZED,112,1,1120001,0.0,0.0,3,8,0,2,2,0.0,9.059906005859375e-6,0.0
20260204_181530,GREEDY_CENTRALIZED,112,1,1120001,0.0,0.0,4,12,0,3,3,0.0,5.0067901611328125e-6,0.0
20260204_181530,GREEDY_CENTRALIZED,112,1,1120001,0.0,0.0,5,16,0,1,1,0.0,9.5367431640625e-7,0.0
20260204_181530,GREEDY_CENTRALIZED,112,1,1120001,0.0,0.0,6,20,0,7,4,12.0,0.00011110305786132812,1000.0
20260204_181530,GREEDY_CENTRALIZED,112,1,1120001,0.0,0.0,7,24,1,10,4,24.0,0.0012111663818359375,1000.0
20260204_181530,GREEDY_CENTRALIZED,112,1,1120001,0.0,0.0,8,28,1,7,4,12.0,0.00012087821960449219,1000.0
20260204_181530,GREEDY_CENTRALIZED,112,1,1120001,0.0,0.0,9,32,3,5,4,4.0,3.1948089599609375e-5,333.3333333333333
20260204_181530,GREEDY_CENTRALIZED,112,1,1120001,0.0,0.0,10,36,4,6,4,8.0,5.1975250244140625e-5,573.3333333333334
20260204_181530,GREEDY_CENTRALIZED,112,1,1120001,0.0,0.0,11,40,4,8,4,16.0,0.000247955322265625,720.0
20260204_181530,GREEDY_CENTRALIZED,112,1,1120001,0.0,0.0,12,44,4,7,4,12.0,0.00011396408081054688,720.0
20260204_181530,GREEDY_CENTRALIZED,112,1,1120001,0.0,0.0,13,48,4,9,4,20.0,0.0005888938903808594,800.0
20260204_181530,GREEDY_CENTRALIZED,112,1,1120001,0.0,0.0,14,52,4,12,4,32.0,0.006534099578857422,680.0
20260204_181530,GREEDY_CENTRALIZED,112,1,1120001,0.0,0.0,15,56,4,10,4,52.0,0.00109100341796875,980.0
20260204_181530,GREEDY_CENTRALIZED,112,1,1120001,0.0,0.0,16,60,6,9,4,40.0,0.00042819976806640625,1480.0
20260204_181530,GREEDY_CENTRALIZED,570,1,5700001,0.0,0.0,1,0,0,1,1,0.0,1.0967254638671875e-5,0.0
20260204_181530,GREEDY_CENTRALIZED,570,1,5700001,0.0,0.0,2,4,0,1,1,0.0,1.9073486328125e-6,0.0
20260204_181530,GREEDY_CENTRALIZED,570,1,5700001,0.0,0.0,3,8,0,2,2,0.0,9.059906005859375e-6,0.0
20260204_181530,GREEDY_CENTRALIZED,570,1,5700001,0.0,0.0,4,12,0,3,3,0.0,5.0067901611328125e-6,0.0
20260204_181530,GREEDY_CENTRALIZED,570,1,5700001,0.0,0.0,5,16,0,1,1,0.0,1.9073486328125e-6,0.0
20260204_181530,GREEDY_CENTRALIZED,570,1,5700001,0.0,0.0,6,20,0,7,4,12.0,0.000102996826171875,1000.0
20260204_181530,GREEDY_CENTRALIZED,570,1,5700001,0.0,0.0,7,24,1,10,4,24.0,0.0009081363677978516,1000.0
20260204_181530,GREEDY_CENTRALIZED,570,1,5700001,0.0,0.0,8,28,1,7,4,12.0,0.00010204315185546875,1000.0
20260204_181530,GREEDY_CENTRALIZED,570,1,5700001,0.0,0.0,9,32,3,5,4,4.0,3.1948089599609375e-5,333.3333333333333
20260204_181530,GREEDY_CENTRALIZED,570,1,5700001,0.0,0.0,10,36,4,6,4,8.0,5.602836608886719e-5,573.3333333333334
20260204_181530,GREEDY_CENTRALIZED,570,1,5700001,0.0,0.0,11,40,4,8,4,16.0,0.00019407272338867188,720.0
20260204_181530,GREEDY_CENTRALIZED,570,1,5700001,0.0,0.0,12,44,4,7,4,12.0,0.000102996826171875,720.0
20260204_181530,GREEDY_CENTRALIZED,570,1,5700001,0.0,0.0,13,48,4,9,4,20.0,0.0004298686981201172,800.0
20260204_181530,GREEDY_CENTRALIZED,570,1,5700001,0.0,0.0,14,52,4,12,4,32.0,0.006133079528808594,680.0
20260204_181530,GREEDY_CENTRALIZED,570,1,5700001,0.0,0.0,15,56,4,10,4,52.0,0.0009200572967529297,980.0
20260204_181530,GREEDY_CENTRALIZED,570,1,5700001,0.0,0.0,16,60,6,9,4,40.0,0.0004489421844482422,1480.0
20260204_181530,GREEDY_CENTRALIZED,657,1,6570001,0.0,0.0,1,0,0,1,1,0.0,8.106231689453125e-6,0.0
20260204_181530,GREEDY_CENTRALIZED,657,1,6570001,0.0,0.0,2,4,0,1,1,0.0,1.9073486328125e-6,0.0
20260204_181530,GREEDY_CENTRALIZED,657,1,6570001,0.0,0.0,3,8,0,2,2,0.0,1.0967254638671875e-5,0.0
20260204_181530,GREEDY_CENTRALIZED,657,1,6570001,0.0,0.0,4,12,0,3,3,0.0,6.9141387939453125e-6,0.0
20260204_181530,GREEDY_CENTRALIZED,657,1,6570001,0.0,0.0,5,16,0,1,1,0.0,4.0531158447265625e-6,0.0
20260204_181530,GREEDY_CENTRALIZED,657,1,6570001,0.0,0.0,6,20,0,7,4,12.0,0.0001399517059326172,1000.0
20260204_181530,GREEDY_CENTRALIZED,657,1,6570001,0.0,0.0,7,24,1,10,4,24.0,0.0008950233459472656,1000.0
20260204_181530,GREEDY_CENTRALIZED,657,1,6570001,0.0,0.0,8,28,1,7,4,12.0,0.00010609626770019531,1000.0
20260204_181530,GREEDY_CENTRALIZED,657,1,6570001,0.0,0.0,9,32,3,5,4,4.0,2.5987625122070312e-5,333.3333333333333
20260204_181530,GREEDY_CENTRALIZED,657,1,6570001,0.0,0.0,10,36,4,6,4,8.0,4.696846008300781e-5,573.3333333333334
20260204_181530,GREEDY_CENTRALIZED,657,1,6570001,0.0,0.0,11,40,4,8,4,16.0,0.00020885467529296875,720.0
20260204_181530,GREEDY_CENTRALIZED,657,1,6570001,0.0,0.0,12,44,4,7,4,12.0,0.0001010894775390625,720.0
20260204_181530,GREEDY_CENTRALIZED,657,1,6570001,0.0,0.0,13,48,4,9,4,20.0,0.0004241466522216797,800.0
20260204_181530,GREEDY_CENTRALIZED,657,1,6570001,0.0,0.0,14,52,4,12,4,32.0,0.006118059158325195,680.0
20260204_181530,GREEDY_CENTRALIZED,657,1,6570001,0.0,0.0,15,56,4,10,4,52.0,0.0010538101196289062,980.0
20260204_181530,GREEDY_CENTRALIZED,657,1,6570001,0.0,0.0,16,60,6,9,4,40.0,0.0004999637603759766,1480.0
20260204_181530,GREEDY_CENTRALIZED,423,1,4230001,0.0,0.0,1,0,0,1,1,0.0,1.0967254638671875e-5,0.0
20260204_181530,GREEDY_CENTRALIZED,423,1,4230001,0.0,0.0,2,4,0,1,1,0.0,9.5367431640625e-7,0.0
20260204_181530,GREEDY_CENTRALIZED,423,1,4230001,0.0,0.0,3,8,0,2,2,0.0,8.106231689453125e-6,0.0
20260204_181530,GREEDY_CENTRALIZED,423,1,4230001,0.0,0.0,4,12,0,3,3,0.0,5.0067901611328125e-6,0.0
20260204_181530,GREEDY_CENTRALIZED,423,1,4230001,0.0,0.0,5,16,0,1,1,0.0,9.5367431640625e-7,0.0
20260204_181530,GREEDY_CENTRALIZED,423,1,4230001,0.0,0.0,6,20,0,7,4,12.0,0.00011491775512695312,1000.0
20260204_181530,GREEDY_CENTRALIZED,423,1,4230001,0.0,0.0,7,24,1,10,4,24.0,0.0010638236999511719,1000.0
20260204_181530,GREEDY_CENTRALIZED,423,1,4230001,0.0,0.0,8,28,1,7,4,12.0,9.512901306152344e-5,1000.0
20260204_181530,GREEDY_CENTRALIZED,423,1,4230001,0.0,0.0,9,32,3,5,4,4.0,3.790855407714844e-5,333.3333333333333
20260204_181530,GREEDY_CENTRALIZED,423,1,4230001,0.0,0.0,10,36,4,6,4,8.0,4.7206878662109375e-5,573.3333333333334
20260204_181530,GREEDY_CENTRALIZED,423,1,4230001,0.0,0.0,11,40,4,8,4,16.0,0.0002079010009765625,720.0
20260204_181530,GREEDY_CENTRALIZED,423,1,4230001,0.0,0.0,12,44,4,7,4,12.0,9.799003601074219e-5,720.0
20260204_181530,GREEDY_CENTRALIZED,423,1,4230001,0.0,0.0,13,48,4,9,4,20.0,0.0004100799560546875,800.0
20260204_181530,GREEDY_CENTRALIZED,423,1,4230001,0.0,0.0,14,52,4,12,4,32.0,0.006364107131958008,680.0
20260204_181530,GREEDY_CENTRALIZED,423,1,4230001,0.0,0.0,15,56,4,10,4,52.0,0.0008831024169921875,980.0
20260204_181530,GREEDY_CENTRALIZED,423,1,4230001,0.0,0.0,16,60,6,9,4,40.0,0.0004229545593261719,1480.0
20260204_181530,GREEDY_CENTRALIZED,902,1,9020001,0.0,0.0,1,0,0,1,1,0.0,9.059906005859375e-6,0.0
20260204_181530,GREEDY_CENTRALIZED,902,1,9020001,0.0,0.0,2,4,0,1,1,0.0,9.5367431640625e-7,0.0
20260204_181530,GREEDY_CENTRALIZED,902,1,9020001,0.0,0.0,3,8,0,2,2,0.0,8.106231689453125e-6,0.0
20260204_181530,GREEDY_CENTRALIZED,902,1,9020001,0.0,0.0,4,12,0,3,3,0.0,5.0067901611328125e-6,0.0
20260204_181530,GREEDY_CENTRALIZED,902,1,9020001,0.0,0.0,5,16,0,1,1,0.0,2.1457672119140625e-6,0.0
20260204_181530,GREEDY_CENTRALIZED,902,1,9020001,0.0,0.0,6,20,0,7,4,12.0,9.512901306152344e-5,1000.0
20260204_181530,GREEDY_CENTRALIZED,902,1,9020001,0.0,0.0,7,24,1,10,4,24.0,0.0009109973907470703,1000.0
20260204_181530,GREEDY_CENTRALIZED,902,1,9020001,0.0,0.0,8,28,1,7,4,12.0,9.703636169433594e-5,1000.0
20260204_181530,GREEDY_CENTRALIZED,902,1,9020001,0.0,0.0,9,32,3,5,4,4.0,2.9087066650390625e-5,333.3333333333333
20260204_181530,GREEDY_CENTRALIZED,902,1,9020001,0.0,0.0,10,36,4,6,4,8.0,4.8160552978515625e-5,573.3333333333334
20260204_181530,GREEDY_CENTRALIZED,902,1,9020001,0.0,0.0,11,40,4,8,4,16.0,0.0002040863037109375,720.0
20260204_181530,GREEDY_CENTRALIZED,902,1,9020001,0.0,0.0,12,44,4,7,4,12.0,0.00011396408081054688,720.0
20260204_181530,GREEDY_CENTRALIZED,902,1,9020001,0.0,0.0,13,48,4,9,4,20.0,0.00044918060302734375,800.0
20260204_181530,GREEDY_CENTRALIZED,902,1,9020001,0.0,0.0,14,52,4,12,4,32.0,0.0059130191802978516,680.0
20260204_181530,GREEDY_CENTRALIZED,902,1,9020001,0.0,0.0,15,56,4,10,4,52.0,0.002000093460083008,980.0
20260204_181530,GREEDY_CENTRALIZED,902,1,9020001,0.0,0.0,16,60,6,9,4,40.0,0.0004971027374267578,1480.0
20260204_181530,GREEDY_CENTRALIZED,504,1,5040001,0.0,0.0,1,0,0,1,1,0.0,6.9141387939453125e-6,0.0
20260204_181530,GREEDY_CENTRALIZED,504,1,5040001,0.0,0.0,2,4,0,1,1,0.0,9.5367431640625e-7,0.0
20260204_181530,GREEDY_CENTRALIZED,504,1,5040001,0.0,0.0,3,8,0,2,2,0.0,6.198883056640625e-6,0.0
20260204_181530,GREEDY_CENTRALIZED,504,1,5040001,0.0,0.0,4,12,0,3,3,0.0,5.0067901611328125e-6,0.0
20260204_181530,GREEDY_CENTRALIZED,504,1,5040001,0.0,0.0,5,16,0,1,1,0.0,2.1457672119140625e-6,0.0
20260204_181530,GREEDY_CENTRALIZED,504,1,5040001,0.0,0.0,6,20,0,7,4,12.0,9.799003601074219e-5,1000.0
20260204_181530,GREEDY_CENTRALIZED,504,1,5040001,0.0,0.0,7,24,1,10,4,24.0,0.0008881092071533203,1000.0
20260204_181530,GREEDY_CENTRALIZED,504,1,5040001,0.0,0.0,8,28,1,7,4,12.0,9.799003601074219e-5,1000.0
20260204_181530,GREEDY_CENTRALIZED,504,1,5040001,0.0,0.0,9,32,3,5,4,4.0,2.6941299438476562e-5,333.3333333333333
20260204_181530,GREEDY_CENTRALIZED,504,1,5040001,0.0,0.0,10,36,4,6,4,8.0,4.601478576660156e-5,573.3333333333334
20260204_181530,GREEDY_CENTRALIZED,504,1,5040001,0.0,0.0,11,40,4,8,4,16.0,0.0001919269561767578,720.0
20260204_181530,GREEDY_CENTRALIZED,504,1,5040001,0.0,0.0,12,44,4,7,4,12.0,9.989738464355469e-5,720.0
20260204_181530,GREEDY_CENTRALIZED,504,1,5040001,0.0,0.0,13,48,4,9,4,20.0,0.0004181861877441406,800.0
20260204_181530,GREEDY_CENTRALIZED,504,1,5040001,0.0,0.0,14,52,4,12,4,32.0,0.006027936935424805,680.0
20260204_181530,GREEDY_CENTRALIZED,504,1,5040001,0.0,0.0,15,56,4,10,4,52.0,0.0008611679077148438,980.0
20260204_181530,GREEDY_CENTRALIZED,504,1,5040001,0.0,0.0,16,60,6,9,4,40.0,0.000453948974609375,1480.0
20260204_181530,GREEDY_CENTRALIZED,493,1,4930001,0.0,0.0,1,0,0,1,1,0.0,8.821487426757812e-6,0.0
20260204_181530,GREEDY_CENTRALIZED,493,1,4930001,0.0,0.0,2,4,0,1,1,0.0,9.5367431640625e-7,0.0
20260204_181530,GREEDY_CENTRALIZED,493,1,4930001,0.0,0.0,3,8,0,2,2,0.0,8.106231689453125e-6,0.0
20260204_181530,GREEDY_CENTRALIZED,493,1,4930001,0.0,0.0,4,12,0,3,3,0.0,5.0067901611328125e-6,0.0
20260204_181530,GREEDY_CENTRALIZED,493,1,4930001,0.0,0.0,5,16,0,1,1,0.0,9.5367431640625e-7,0.0
20260204_181530,GREEDY_CENTRALIZED,493,1,4930001,0.0,0.0,6,20,0,7,4,12.0,0.00010585784912109375,1000.0
20260204_181530,GREEDY_CENTRALIZED,493,1,4930001,0.0,0.0,7,24,1,10,4,24.0,0.0011639595031738281,1000.0
20260204_181530,GREEDY_CENTRALIZED,493,1,4930001,0.0,0.0,8,28,1,7,4,12.0,0.00011181831359863281,1000.0
20260204_181530,GREEDY_CENTRALIZED,493,1,4930001,0.0,0.0,9,32,3,5,4,4.0,2.8133392333984375e-5,333.3333333333333
20260204_181530,GREEDY_CENTRALIZED,493,1,4930001,0.0,0.0,10,36,4,6,4,8.0,4.887580871582031e-5,573.3333333333334
20260204_181530,GREEDY_CENTRALIZED,493,1,4930001,0.0,0.0,11,40,4,8,4,16.0,0.00018596649169921875,720.0
20260204_181530,GREEDY_CENTRALIZED,493,1,4930001,0.0,0.0,12,44,4,7,4,12.0,9.894371032714844e-5,720.0
20260204_181530,GREEDY_CENTRALIZED,493,1,4930001,0.0,0.0,13,48,4,9,4,20.0,0.0004069805145263672,800.0
20260204_181530,GREEDY_CENTRALIZED,493,1,4930001,0.0,0.0,14,52,4,12,4,32.0,0.007008075714111328,680.0
20260204_181530,GREEDY_CENTRALIZED,493,1,4930001,0.0,0.0,15,56,4,10,4,52.0,0.0009999275207519531,980.0
20260204_181530,GREEDY_CENTRALIZED,493,1,4930001,0.0,0.0,16,60,6,9,4,40.0,0.0005319118499755859,1480.0
20260204_181530,GREEDY_CENTRALIZED,610,1,6100001,0.0,0.0,1,0,0,1,1,0.0,7.867813110351562e-6,0.0
20260204_181530,GREEDY_CENTRALIZED,610,1,6100001,0.0,0.0,2,4,0,1,1,0.0,9.5367431640625e-7,0.0
20260204_181530,GREEDY_CENTRALIZED,610,1,6100001,0.0,0.0,3,8,0,2,2,0.0,7.867813110351562e-6,0.0
20260204_181530,GREEDY_CENTRALIZED,610,1,6100001,0.0,0.0,4,12,0,3,3,0.0,6.198883056640625e-6,0.0
20260204_181530,GREEDY_CENTRALIZED,610,1,6100001,0.0,0.0,5,16,0,1,1,0.0,1.9073486328125e-6,0.0
20260204_181530,GREEDY_CENTRALIZED,610,1,6100001,0.0,0.0,6,20,0,7,4,12.0,0.00010895729064941406,1000.0
20260204_181530,GREEDY_CENTRALIZED,610,1,6100001,0.0,0.0,7,24,1,10,4,24.0,0.0009109973907470703,1000.0
20260204_181530,GREEDY_CENTRALIZED,610,1,6100001,0.0,0.0,8,28,1,7,4,12.0,0.000102996826171875,1000.0
20260204_181530,GREEDY_CENTRALIZED,610,1,6100001,0.0,0.0,9,32,3,5,4,4.0,2.7894973754882812e-5,333.3333333333333
20260204_181530,GREEDY_CENTRALIZED,610,1,6100001,0.0,0.0,10,36,4,6,4,8.0,4.9114227294921875e-5,573.3333333333334
20260204_181530,GREEDY_CENTRALIZED,610,1,6100001,0.0,0.0,11,40,4,8,4,16.0,0.00020599365234375,720.0
20260204_181530,GREEDY_CENTRALIZED,610,1,6100001,0.0,0.0,12,44,4,7,4,12.0,0.0001239776611328125,720.0
20260204_181530,GREEDY_CENTRALIZED,610,1,6100001,0.0,0.0,13,48,4,9,4,20.0,0.0005748271942138672,800.0
20260204_181530,GREEDY_CENTRALIZED,610,1,6100001,0.0,0.0,14,52,4,12,4,32.0,0.005937099456787109,680.0
20260204_181530,GREEDY_CENTRALIZED,610,1,6100001,0.0,0.0,15,56,4,10,4,52.0,0.0008981227874755859,980.0
20260204_181530,GREEDY_CENTRALIZED,610,1,6100001,0.0,0.0,16,60,6,9,4,40.0,0.0005059242248535156,1480.0
20260204_181530,GREEDY_CENTRALIZED,626,1,6260001,0.0,0.0,1,0,0,1,1,0.0,1.0013580322265625e-5,0.0
20260204_181530,GREEDY_CENTRALIZED,626,1,6260001,0.0,0.0,2,4,0,1,1,0.0,2.1457672119140625e-6,0.0
20260204_181530,GREEDY_CENTRALIZED,626,1,6260001,0.0,0.0,3,8,0,2,2,0.0,8.106231689453125e-6,0.0
20260204_181530,GREEDY_CENTRALIZED,626,1,6260001,0.0,0.0,4,12,0,3,3,0.0,5.0067901611328125e-6,0.0
20260204_181530,GREEDY_CENTRALIZED,626,1,6260001,0.0,0.0,5,16,0,1,1,0.0,1.1920928955078125e-6,0.0
20260204_181530,GREEDY_CENTRALIZED,626,1,6260001,0.0,0.0,6,20,0,7,4,12.0,0.00011801719665527344,1000.0
20260204_181530,GREEDY_CENTRALIZED,626,1,6260001,0.0,0.0,7,24,1,10,4,24.0,0.0008640289306640625,1000.0
20260204_181530,GREEDY_CENTRALIZED,626,1,6260001,0.0,0.0,8,28,1,7,4,12.0,0.00010013580322265625,1000.0
20260204_181530,GREEDY_CENTRALIZED,626,1,6260001,0.0,0.0,9,32,3,5,4,4.0,3.719329833984375e-5,333.3333333333333
20260204_181530,GREEDY_CENTRALIZED,626,1,6260001,0.0,0.0,10,36,4,6,4,8.0,5.698204040527344e-5,573.3333333333334
20260204_181530,GREEDY_CENTRALIZED,626,1,6260001,0.0,0.0,11,40,4,8,4,16.0,0.0001919269561767578,720.0
20260204_181530,GREEDY_CENTRALIZED,626,1,6260001,0.0,0.0,12,44,4,7,4,12.0,9.799003601074219e-5,720.0
20260204_181530,GREEDY_CENTRALIZED,626,1,6260001,0.0,0.0,13,48,4,9,4,20.0,0.00043487548828125,800.0
20260204_181530,GREEDY_CENTRALIZED,626,1,6260001,0.0,0.0,14,52,4,12,4,32.0,0.00610804557800293,680.0
20260204_181530,GREEDY_CENTRALIZED,626,1,6260001,0.0,0.0,15,56,4,10,4,52.0,0.0009579658508300781,980.0
20260204_181530,GREEDY_CENTRALIZED,626,1,6260001,0.0,0.0,16,60,6,9,4,40.0,0.0005478858947753906,1480.0
20260204_181530,GREEDY_CENTRALIZED,992,1,9920001,0.0,0.0,1,0,0,1,1,0.0,1.0967254638671875e-5,0.0
20260204_181530,GREEDY_CENTRALIZED,992,1,9920001,0.0,0.0,2,4,0,1,1,0.0,2.1457672119140625e-6,0.0
20260204_181530,GREEDY_CENTRALIZED,992,1,9920001,0.0,0.0,3,8,0,2,2,0.0,9.059906005859375e-6,0.0
20260204_181530,GREEDY_CENTRALIZED,992,1,9920001,0.0,0.0,4,12,0,3,3,0.0,5.9604644775390625e-6,0.0
20260204_181530,GREEDY_CENTRALIZED,992,1,9920001,0.0,0.0,5,16,0,1,1,0.0,1.9073486328125e-6,0.0
20260204_181530,GREEDY_CENTRALIZED,992,1,9920001,0.0,0.0,6,20,0,7,4,12.0,0.00010704994201660156,1000.0
20260204_181530,GREEDY_CENTRALIZED,992,1,9920001,0.0,0.0,7,24,1,10,4,24.0,0.0008928775787353516,1000.0
20260204_181530,GREEDY_CENTRALIZED,992,1,9920001,0.0,0.0,8,28,1,7,4,12.0,0.00012993812561035156,1000.0
20260204_181530,GREEDY_CENTRALIZED,992,1,9920001,0.0,0.0,9,32,3,5,4,4.0,2.7894973754882812e-5,333.3333333333333
20260204_181530,GREEDY_CENTRALIZED,992,1,9920001,0.0,0.0,10,36,4,6,4,8.0,5.507469177246094e-5,573.3333333333334
20260204_181530,GREEDY_CENTRALIZED,992,1,9920001,0.0,0.0,11,40,4,8,4,16.0,0.0002288818359375,720.0
20260204_181530,GREEDY_CENTRALIZED,992,1,9920001,0.0,0.0,12,44,4,7,4,12.0,0.00010204315185546875,720.0
20260204_181530,GREEDY_CENTRALIZED,992,1,9920001,0.0,0.0,13,48,4,9,4,20.0,0.00044798851013183594,800.0
20260204_181530,GREEDY_CENTRALIZED,992,1,9920001,0.0,0.0,14,52,4,12,4,32.0,0.006387948989868164,680.0
20260204_181530,GREEDY_CENTRALIZED,992,1,9920001,0.0,0.0,15,56,4,10,4,52.0,0.0009667873382568359,980.0
20260204_181530,GREEDY_CENTRALIZED,992,1,9920001,0.0,0.0,16,60,6,9,4,40.0,0.0004169940948486328,1480.0
20260204_181530,GREEDY_CENTRALIZED,370,1,3700001,0.0,0.0,1,0,0,1,1,0.0,7.152557373046875e-6,0.0
20260204_181530,GREEDY_CENTRALIZED,370,1,3700001,0.0,0.0,2,4,0,1,1,0.0,9.5367431640625e-7,0.0
20260204_181530,GREEDY_CENTRALIZED,370,1,3700001,0.0,0.0,3,8,0,2,2,0.0,7.867813110351562e-6,0.0
20260204_181530,GREEDY_CENTRALIZED,370,1,3700001,0.0,0.0,4,12,0,3,3,0.0,5.0067901611328125e-6,0.0
20260204_181530,GREEDY_CENTRALIZED,370,1,3700001,0.0,0.0,5,16,0,1,1,0.0,1.1920928955078125e-6,0.0
20260204_181530,GREEDY_CENTRALIZED,370,1,3700001,0.0,0.0,6,20,0,7,4,12.0,9.679794311523438e-5,1000.0
20260204_181530,GREEDY_CENTRALIZED,370,1,3700001,0.0,0.0,7,24,1,10,4,24.0,0.0008380413055419922,1000.0
20260204_181530,GREEDY_CENTRALIZED,370,1,3700001,0.0,0.0,8,28,1,7,4,12.0,9.989738464355469e-5,1000.0
20260204_181530,GREEDY_CENTRALIZED,370,1,3700001,0.0,0.0,9,32,3,5,4,4.0,2.7894973754882812e-5,333.3333333333333
20260204_181530,GREEDY_CENTRALIZED,370,1,3700001,0.0,0.0,10,36,4,6,4,8.0,4.887580871582031e-5,573.3333333333334
20260204_181530,GREEDY_CENTRALIZED,370,1,3700001,0.0,0.0,11,40,4,8,4,16.0,0.0002269744873046875,720.0
20260204_181530,GREEDY_CENTRALIZED,370,1,3700001,0.0,0.0,12,44,4,7,4,12.0,0.00011801719665527344,720.0
20260204_181530,GREEDY_CENTRALIZED,370,1,3700001,0.0,0.0,13,48,4,9,4,20.0,0.00044417381286621094,800.0
20260204_181530,GREEDY_CENTRALIZED,370,1,3700001,0.0,0.0,14,52,4,12,4,32.0,0.006103992462158203,680.0
20260204_181530,GREEDY_CENTRALIZED,370,1,3700001,0.0,0.0,15,56,4,10,4,52.0,0.0010209083557128906,980.0
20260204_181530,GREEDY_CENTRALIZED,370,1,3700001,0.0,0.0,16,60,6,9,4,40.0,0.000762939453125,1480.0
20260204_181530,GREEDY_CENTRALIZED,69,1,690001,0.0,0.0,1,0,0,1,1,0.0,9.775161743164062e-6,0.0
20260204_181530,GREEDY_CENTRALIZED,69,1,690001,0.0,0.0,2,4,0,1,1,0.0,1.9073486328125e-6,0.0
20260204_181530,GREEDY_CENTRALIZED,69,1,690001,0.0,0.0,3,8,0,2,2,0.0,8.106231689453125e-6,0.0
20260204_181530,GREEDY_CENTRALIZED,69,1,690001,0.0,0.0,4,12,0,3,3,0.0,5.0067901611328125e-6,0.0
20260204_181530,GREEDY_CENTRALIZED,69,1,690001,0.0,0.0,5,16,0,1,1,0.0,1.9073486328125e-6,0.0
20260204_181530,GREEDY_CENTRALIZED,69,1,690001,0.0,0.0,6,20,0,7,4,12.0,0.00010204315185546875,1000.0
20260204_181530,GREEDY_CENTRALIZED,69,1,690001,0.0,0.0,7,24,1,10,4,24.0,0.0008420944213867188,1000.0
20260204_181530,GREEDY_CENTRALIZED,69,1,690001,0.0,0.0,8,28,1,7,4,12.0,9.489059448242188e-5,1000.0
20260204_181530,GREEDY_CENTRALIZED,69,1,690001,0.0,0.0,9,32,3,5,4,4.0,2.6941299438476562e-5,333.3333333333333
20260204_181530,GREEDY_CENTRALIZED,69,1,690001,0.0,0.0,10,36,4,6,4,8.0,4.696846008300781e-5,573.3333333333334
20260204_181530,GREEDY_CENTRALIZED,69,1,690001,0.0,0.0,11,40,4,8,4,16.0,0.00018596649169921875,720.0
20260204_181530,GREEDY_CENTRALIZED,69,1,690001,0.0,0.0,12,44,4,7,4,12.0,9.799003601074219e-5,720.0
20260204_181530,GREEDY_CENTRALIZED,69,1,690001,0.0,0.0,13,48,4,9,4,20.0,0.0004000663757324219,800.0
20260204_181530,GREEDY_CENTRALIZED,69,1,690001,0.0,0.0,14,52,4,12,4,32.0,0.006127119064331055,680.0
20260204_181530,GREEDY_CENTRALIZED,69,1,690001,0.0,0.0,15,56,4,10,4,52.0,0.0008769035339355469,980.0
20260204_181530,GREEDY_CENTRALIZED,69,1,690001,0.0,0.0,16,60,6,9,4,40.0,0.0004220008850097656,1480.0
20260204_181530,GREEDY_CENTRALIZED,318,1,3180001,0.0,0.0,1,0,0,1,1,0.0,5.9604644775390625e-6,0.0
20260204_181530,GREEDY_CENTRALIZED,318,1,3180001,0.0,0.0,2,4,0,1,1,0.0,2.1457672119140625e-6,0.0
20260204_181530,GREEDY_CENTRALIZED,318,1,3180001,0.0,0.0,3,8,0,2,2,0.0,8.106231689453125e-6,0.0
20260204_181530,GREEDY_CENTRALIZED,318,1,3180001,0.0,0.0,4,12,0,3,3,0.0,4.0531158447265625e-6,0.0
20260204_181530,GREEDY_CENTRALIZED,318,1,3180001,0.0,0.0,5,16,0,1,1,0.0,9.5367431640625e-7,0.0
20260204_181530,GREEDY_CENTRALIZED,318,1,3180001,0.0,0.0,6,20,0,7,4,12.0,9.703636169433594e-5,1000.0
20260204_181530,GREEDY_CENTRALIZED,318,1,3180001,0.0,0.0,7,24,1,10,4,24.0,0.0008909702301025391,1000.0
20260204_181530,GREEDY_CENTRALIZED,318,1,3180001,0.0,0.0,8,28,1,7,4,12.0,0.00010395050048828125,1000.0
20260204_181530,GREEDY_CENTRALIZED,318,1,3180001,0.0,0.0,9,32,3,5,4,4.0,2.8133392333984375e-5,333.3333333333333
20260204_181530,GREEDY_CENTRALIZED,318,1,3180001,0.0,0.0,10,36,4,6,4,8.0,5.1975250244140625e-5,573.3333333333334
20260204_181530,GREEDY_CENTRALIZED,318,1,3180001,0.0,0.0,11,40,4,8,4,16.0,0.0002570152282714844,720.0
20260204_181530,GREEDY_CENTRALIZED,318,1,3180001,0.0,0.0,12,44,4,7,4,12.0,0.00024509429931640625,720.0
20260204_181530,GREEDY_CENTRALIZED,318,1,3180001,0.0,0.0,13,48,4,9,4,20.0,0.0007269382476806641,800.0
20260204_181530,GREEDY_CENTRALIZED,318,1,3180001,0.0,0.0,14,52,4,12,4,32.0,0.005965232849121094,680.0
20260204_181530,GREEDY_CENTRALIZED,318,1,3180001,0.0,0.0,15,56,4,10,4,52.0,0.0010371208190917969,980.0
20260204_181530,GREEDY_CENTRALIZED,318,1,3180001,0.0,0.0,16,60,6,9,4,40.0,0.0006208419799804688,1480.0
20260204_181530,AGG_ORACLE_FCFS,764,1,7640001,0.0,0.0,1,0,0,1,1,0.0,4.00543212890625e-5,0.0
20260204_181530,AGG_ORACLE_FCFS,764,1,7640001,0.0,0.0,2,4,0,1,1,0.0,2.1457672119140625e-6,0.0
20260204_181530,AGG_ORACLE_FCFS,764,1,7640001,0.0,0.0,3,8,0,2,2,0.0,8.106231689453125e-6,0.0
20260204_181530,AGG_ORACLE_FCFS,764,1,7640001,0.0,0.0,4,12,0,3,3,0.0,1.811981201171875e-5,0.0
20260204_181530,AGG_ORACLE_FCFS,764,1,7640001,0.0,0.0,5,16,0,1,1,0.0,1.9073486328125e-6,0.0
20260204_181530,AGG_ORACLE_FCFS,764,1,7640001,0.0,0.0,6,20,0,7,4,12.0,0.000102996826171875,1000.0
20260204_181530,AGG_ORACLE_FCFS,764,1,7640001,0.0,0.0,7,24,1,10,4,24.0,0.0008528232574462891,1000.0
20260204_181530,AGG_ORACLE_FCFS,764,1,7640001,0.0,0.0,8,28,1,7,4,12.0,9.584426879882812e-5,1000.0
20260204_181530,AGG_ORACLE_FCFS,764,1,7640001,0.0,0.0,9,32,3,5,4,4.0,2.6941299438476562e-5,333.3333333333333
20260204_181530,AGG_ORACLE_FCFS,764,1,7640001,0.0,0.0,10,36,4,6,4,14.0,4.7206878662109375e-5,740.0
20260204_181530,AGG_ORACLE_FCFS,764,1,7640001,0.0,0.0,11,40,5,8,4,16.0,0.0002079010009765625,720.0
20260204_181530,AGG_ORACLE_FCFS,764,1,7640001,0.0,0.0,12,44,5,7,4,12.0,0.00010991096496582031,720.0
20260204_181530,AGG_ORACLE_FCFS,764,1,7640001,0.0,0.0,13,48,5,9,4,48.0,0.0004260540008544922,813.3333333333333
20260204_181530,AGG_ORACLE_FCFS,764,1,7640001,0.0,0.0,14,52,6,12,4,56.0,0.005880117416381836,1440.0
20260204_181530,AGG_ORACLE_FCFS,764,1,7640001,0.0,0.0,15,56,6,10,4,44.0,0.0009081363677978516,1340.0
20260204_181530,AGG_ORACLE_FCFS,764,1,7640001,0.0,0.0,16,60,6,9,4,40.0,0.0004279613494873047,1480.0
20260204_181530,AGG_ORACLE_FCFS,744,1,7440001,0.0,0.0,1,0,0,1,1,0.0,1.2159347534179688e-5,0.0
20260204_181530,AGG_ORACLE_FCFS,744,1,7440001,0.0,0.0,2,4,0,1,1,0.0,2.86102294921875e-6,0.0
20260204_181530,AGG_ORACLE_FCFS,744,1,7440001,0.0,0.0,3,8,0,2,2,0.0,9.059906005859375e-6,0.0
20260204_181530,AGG_ORACLE_FCFS,744,1,7440001,0.0,0.0,4,12,0,3,3,0.0,1.0013580322265625e-5,0.0
20260204_181530,AGG_ORACLE_FCFS,744,1,7440001,0.0,0.0,5,16,0,1,1,0.0,2.1457672119140625e-6,0.0
20260204_181530,AGG_ORACLE_FCFS,744,1,7440001,0.0,0.0,6,20,0,7,4,12.0,0.00010204315185546875,1000.0
20260204_181530,AGG_ORACLE_FCFS,744,1,7440001,0.0,0.0,7,24,1,10,4,24.0,0.0008990764617919922,1000.0
20260204_181530,AGG_ORACLE_FCFS,744,1,7440001,0.0,0.0,8,28,1,7,4,12.0,9.512901306152344e-5,1000.0
20260204_181530,AGG_ORACLE_FCFS,744,1,7440001,0.0,0.0,9,32,3,5,4,4.0,2.6941299438476562e-5,333.3333333333333
20260204_181530,AGG_ORACLE_FCFS,744,1,7440001,0.0,0.0,10,36,4,6,4,14.0,4.696846008300781e-5,740.0
20260204_181530,AGG_ORACLE_FCFS,744,1,7440001,0.0,0.0,11,40,5,8,4,16.0,0.00019693374633789062,720.0
20260204_181530,AGG_ORACLE_FCFS,744,1,7440001,0.0,0.0,12,44,5,7,4,22.0,0.00011301040649414062,1080.0
20260204_181530,AGG_ORACLE_FCFS,744,1,7440001,0.0,0.0,13,48,5,9,4,44.0,0.0004138946533203125,813.3333333333333
20260204_181530,AGG_ORACLE_FCFS,744,1,7440001,0.0,0.0,14,52,6,12,4,56.0,0.00561213493347168,1440.0
20260204_181530,AGG_ORACLE_FCFS,744,1,7440001,0.0,0.0,15,56,6,10,4,44.0,0.0008869171142578125,1340.0
20260204_181530,AGG_ORACLE_FCFS,744,1,7440001,0.0,0.0,16,60,6,9,4,40.0,0.0005099773406982422,1480.0
20260204_181530,AGG_ORACLE_FCFS,855,1,8550001,0.0,0.0,1,0,0,1,1,0.0,1.0013580322265625e-5,0.0
20260204_181530,AGG_ORACLE_FCFS,855,1,8550001,0.0,0.0,2,4,0,1,1,0.0,2.1457672119140625e-6,0.0
20260204_181530,AGG_ORACLE_FCFS,855,1,8550001,0.0,0.0,3,8,0,2,2,0.0,9.059906005859375e-6,0.0
20260204_181530,AGG_ORACLE_FCFS,855,1,8550001,0.0,0.0,4,12,0,3,3,0.0,1.1205673217773438e-5,0.0
20260204_181530,AGG_ORACLE_FCFS,855,1,8550001,0.0,0.0,5,16,0,1,1,0.0,3.0994415283203125e-6,0.0
20260204_181530,AGG_ORACLE_FCFS,855,1,8550001,0.0,0.0,6,20,0,7,4,12.0,0.00010704994201660156,1000.0
20260204_181530,AGG_ORACLE_FCFS,855,1,8550001,0.0,0.0,7,24,1,10,4,24.0,0.0008399486541748047,1000.0
20260204_181530,AGG_ORACLE_FCFS,855,1,8550001,0.0,0.0,8,28,1,7,4,12.0,9.393692016601562e-5,1000.0
20260204_181530,AGG_ORACLE_FCFS,855,1,8550001,0.0,0.0,9,32,3,5,4,4.0,2.5987625122070312e-5,333.3333333333333
20260204_181530,AGG_ORACLE_FCFS,855,1,8550001,0.0,0.0,10,36,4,6,4,14.0,4.601478576660156e-5,740.0
20260204_181530,AGG_ORACLE_FCFS,855,1,8550001,0.0,0.0,11,40,5,8,4,16.0,0.0001850128173828125,720.0
20260204_181530,AGG_ORACLE_FCFS,855,1,8550001,0.0,0.0,12,44,5,7,4,12.0,9.703636169433594e-5,720.0
20260204_181530,AGG_ORACLE_FCFS,855,1,8550001,0.0,0.0,13,48,5,9,4,48.0,0.00041604042053222656,813.3333333333333
20260204_181530,AGG_ORACLE_FCFS,855,1,8550001,0.0,0.0,14,52,6,12,4,56.0,0.005934000015258789,1440.0
20260204_181530,AGG_ORACLE_FCFS,855,1,8550001,0.0,0.0,15,56,6,10,4,44.0,0.0008680820465087891,1340.0
20260204_181530,AGG_ORACLE_FCFS,855,1,8550001,0.0,0.0,16,60,6,9,4,40.0,0.0004570484161376953,1480.0
20260204_181530,AGG_ORACLE_FCFS,218,1,2180001,0.0,0.0,1,0,0,1,1,0.0,1.0013580322265625e-5,0.0
20260204_181530,AGG_ORACLE_FCFS,218,1,2180001,0.0,0.0,2,4,0,1,1,0.0,9.5367431640625e-7,0.0
20260204_181530,AGG_ORACLE_FCFS,218,1,2180001,0.0,0.0,3,8,0,2,2,0.0,6.9141387939453125e-6,0.0
20260204_181530,AGG_ORACLE_FCFS,218,1,2180001,0.0,0.0,4,12,0,3,3,0.0,8.106231689453125e-6,0.0
20260204_181530,AGG_ORACLE_FCFS,218,1,2180001,0.0,0.0,5,16,0,1,1,0.0,1.1920928955078125e-6,0.0
20260204_181530,AGG_ORACLE_FCFS,218,1,2180001,0.0,0.0,6,20,0,7,4,12.0,0.0001049041748046875,1000.0
20260204_181530,AGG_ORACLE_FCFS,218,1,2180001,0.0,0.0,7,24,1,10,4,24.0,0.0010409355163574219,1000.0
20260204_181530,AGG_ORACLE_FCFS,218,1,2180001,0.0,0.0,8,28,1,7,4,12.0,9.894371032714844e-5,1000.0
20260204_181530,AGG_ORACLE_FCFS,218,1,2180001,0.0,0.0,9,32,3,5,4,4.0,2.6941299438476562e-5,333.3333333333333
20260204_181530,AGG_ORACLE_FCFS,218,1,2180001,0.0,0.0,10,36,4,6,4,14.0,5.1975250244140625e-5,740.0
20260204_181530,AGG_ORACLE_FCFS,218,1,2180001,0.0,0.0,11,40,5,8,4,16.0,0.000186920166015625,720.0
20260204_181530,AGG_ORACLE_FCFS,218,1,2180001,0.0,0.0,12,44,5,7,4,22.0,9.799003601074219e-5,1080.0
20260204_181530,AGG_ORACLE_FCFS,218,1,2180001,0.0,0.0,13,48,5,9,4,44.0,0.0004010200500488281,813.3333333333333
20260204_181530,AGG_ORACLE_FCFS,218,1,2180001,0.0,0.0,14,52,6,12,4,56.0,0.005517005920410156,1440.0
20260204_181530,AGG_ORACLE_FCFS,218,1,2180001,0.0,0.0,15,56,6,10,4,44.0,0.0009629726409912109,1340.0
20260204_181530,AGG_ORACLE_FCFS,218,1,2180001,0.0,0.0,16,60,6,9,4,40.0,0.0005619525909423828,1480.0
20260204_181530,AGG_ORACLE_FCFS,321,1,3210001,0.0,0.0,1,0,0,1,1,0.0,7.867813110351562e-6,0.0
20260204_181530,AGG_ORACLE_FCFS,321,1,3210001,0.0,0.0,2,4,0,1,1,0.0,1.9073486328125e-6,0.0
20260204_181530,AGG_ORACLE_FCFS,321,1,3210001,0.0,0.0,3,8,0,2,2,0.0,8.106231689453125e-6,0.0
20260204_181530,AGG_ORACLE_FCFS,321,1,3210001,0.0,0.0,4,12,0,3,3,0.0,6.9141387939453125e-6,0.0
20260204_181530,AGG_ORACLE_FCFS,321,1,3210001,0.0,0.0,5,16,0,1,1,0.0,9.5367431640625e-7,0.0
20260204_181530,AGG_ORACLE_FCFS,321,1,3210001,0.0,0.0,6,20,0,7,4,12.0,0.00010395050048828125,1000.0
20260204_181530,AGG_ORACLE_FCFS,321,1,3210001,0.0,0.0,7,24,1,10,4,24.0,0.000843048095703125,1000.0
20260204_181530,AGG_ORACLE_FCFS,321,1,3210001,0.0,0.0,8,28,1,7,4,12.0,9.298324584960938e-5,1000.0
20260204_181530,AGG_ORACLE_FCFS,321,1,3210001,0.0,0.0,9,32,3,5,4,4.0,2.6941299438476562e-5,333.3333333333333
20260204_181530,AGG_ORACLE_FCFS,321,1,3210001,0.0,0.0,10,36,4,6,4,14.0,4.696846008300781e-5,740.0
20260204_181530,AGG_ORACLE_FCFS,321,1,3210001,0.0,0.0,11,40,5,8,4,16.0,0.00018715858459472656,720.0
20260204_181530,AGG_ORACLE_FCFS,321,1,3210001,0.0,0.0,12,44,5,7,4,22.0,9.799003601074219e-5,1080.0
20260204_181530,AGG_ORACLE_FCFS,321,1,3210001,0.0,0.0,13,48,5,9,4,44.0,0.00040793418884277344,813.3333333333333
20260204_181530,AGG_ORACLE_FCFS,321,1,3210001,0.0,0.0,14,52,6,12,4,56.0,0.005823850631713867,1440.0
20260204_181530,AGG_ORACLE_FCFS,321,1,3210001,0.0,0.0,15,56,6,10,4,44.0,0.0009410381317138672,1340.0
20260204_181530,AGG_ORACLE_FCFS,321,1,3210001,0.0,0.0,16,60,6,9,4,40.0,0.0004520416259765625,1480.0
20260204_181530,AGG_ORACLE_FCFS,477,1,4770001,0.0,0.0,1,0,0,1,1,0.0,8.821487426757812e-6,0.0
20260204_181530,AGG_ORACLE_FCFS,477,1,4770001,0.0,0.0,2,4,0,1,1,0.0,1.9073486328125e-6,0.0
20260204_181530,AGG_ORACLE_FCFS,477,1,4770001,0.0,0.0,3,8,0,2,2,0.0,7.152557373046875e-6,0.0
20260204_181530,AGG_ORACLE_FCFS,477,1,4770001,0.0,0.0,4,12,0,3,3,0.0,7.152557373046875e-6,0.0
20260204_181530,AGG_ORACLE_FCFS,477,1,4770001,0.0,0.0,5,16,0,1,1,0.0,1.9073486328125e-6,0.0
20260204_181530,AGG_ORACLE_FCFS,477,1,4770001,0.0,0.0,6,20,0,7,4,12.0,0.00010013580322265625,1000.0
20260204_181530,AGG_ORACLE_FCFS,477,1,4770001,0.0,0.0,7,24,1,10,4,24.0,0.0008931159973144531,1000.0
20260204_181530,AGG_ORACLE_FCFS,477,1,4770001,0.0,0.0,8,28,1,7,4,12.0,0.00011706352233886719,1000.0
20260204_181530,AGG_ORACLE_FCFS,477,1,4770001,0.0,0.0,9,32,3,5,4,4.0,3.0994415283203125e-5,333.3333333333333
20260204_181530,AGG_ORACLE_FCFS,477,1,4770001,0.0,0.0,10,36,4,6,4,14.0,5.0067901611328125e-5,740.0
20260204_181530,AGG_ORACLE_FCFS,477,1,4770001,0.0,0.0,11,40,5,8,4,16.0,0.0002079010009765625,720.0
20260204_181530,AGG_ORACLE_FCFS,477,1,4770001,0.0,0.0,12,44,5,7,4,12.0,0.00010704994201660156,720.0
20260204_181530,AGG_ORACLE_FCFS,477,1,4770001,0.0,0.0,13,48,5,9,4,48.0,0.0004589557647705078,813.3333333333333
20260204_181530,AGG_ORACLE_FCFS,477,1,4770001,0.0,0.0,14,52,6,12,4,56.0,0.0058460235595703125,1440.0
20260204_181530,AGG_ORACLE_FCFS,477,1,4770001,0.0,0.0,15,56,6,10,4,44.0,0.0009338855743408203,1340.0
20260204_181530,AGG_ORACLE_FCFS,477,1,4770001,0.0,0.0,16,60,6,9,4,40.0,0.0005040168762207031,1480.0
20260204_181530,AGG_ORACLE_FCFS,878,1,8780001,0.0,0.0,1,0,0,1,1,0.0,7.867813110351562e-6,0.0
20260204_181530,AGG_ORACLE_FCFS,878,1,8780001,0.0,0.0,2,4,0,1,1,0.0,1.9073486328125e-6,0.0
20260204_181530,AGG_ORACLE_FCFS,878,1,8780001,0.0,0.0,3,8,0,2,2,0.0,7.152557373046875e-6,0.0
20260204_181530,AGG_ORACLE_FCFS,878,1,8780001,0.0,0.0,4,12,0,3,3,0.0,6.9141387939453125e-6,0.0
20260204_181530,AGG_ORACLE_FCFS,878,1,8780001,0.0,0.0,5,16,0,1,1,0.0,1.9073486328125e-6,0.0
20260204_181530,AGG_ORACLE_FCFS,878,1,8780001,0.0,0.0,6,20,0,7,4,12.0,0.00010514259338378906,1000.0
20260204_181530,AGG_ORACLE_FCFS,878,1,8780001,0.0,0.0,7,24,1,10,4,24.0,0.0009098052978515625,1000.0
20260204_181530,AGG_ORACLE_FCFS,878,1,8780001,0.0,0.0,8,28,1,7,4,12.0,0.00010013580322265625,1000.0
20260204_181530,AGG_ORACLE_FCFS,878,1,8780001,0.0,0.0,9,32,3,5,4,4.0,2.7179718017578125e-5,333.3333333333333
20260204_181530,AGG_ORACLE_FCFS,878,1,8780001,0.0,0.0,10,36,4,6,4,14.0,4.792213439941406e-5,740.0
20260204_181530,AGG_ORACLE_FCFS,878,1,8780001,0.0,0.0,11,40,5,8,4,16.0,0.00021219253540039062,720.0
20260204_181530,AGG_ORACLE_FCFS,878,1,8780001,0.0,0.0,12,44,5,7,4,22.0,0.0001049041748046875,1080.0
20260204_181530,AGG_ORACLE_FCFS,878,1,8780001,0.0,0.0,13,48,5,9,4,44.0,0.0004611015319824219,813.3333333333333
20260204_181530,AGG_ORACLE_FCFS,878,1,8780001,0.0,0.0,14,52,6,12,4,56.0,0.00556492805480957,1440.0
20260204_181530,AGG_ORACLE_FCFS,878,1,8780001,0.0,0.0,15,56,6,10,4,44.0,0.0008630752563476562,1340.0
20260204_181530,AGG_ORACLE_FCFS,878,1,8780001,0.0,0.0,16,60,6,9,4,40.0,0.00045990943908691406,1480.0
20260204_181530,AGG_ORACLE_FCFS,112,1,1120001,0.0,0.0,1,0,0,1,1,0.0,9.059906005859375e-6,0.0
20260204_181530,AGG_ORACLE_FCFS,112,1,1120001,0.0,0.0,2,4,0,1,1,0.0,2.1457672119140625e-6,0.0
20260204_181530,AGG_ORACLE_FCFS,112,1,1120001,0.0,0.0,3,8,0,2,2,0.0,7.867813110351562e-6,0.0
20260204_181530,AGG_ORACLE_FCFS,112,1,1120001,0.0,0.0,4,12,0,3,3,0.0,6.9141387939453125e-6,0.0
20260204_181530,AGG_ORACLE_FCFS,112,1,1120001,0.0,0.0,5,16,0,1,1,0.0,9.5367431640625e-7,0.0
20260204_181530,AGG_ORACLE_FCFS,112,1,1120001,0.0,0.0,6,20,0,7,4,12.0,0.00010395050048828125,1000.0
20260204_181530,AGG_ORACLE_FCFS,112,1,1120001,0.0,0.0,7,24,1,10,4,24.0,0.0008900165557861328,1000.0
20260204_181530,AGG_ORACLE_FCFS,112,1,1120001,0.0,0.0,8,28,1,7,4,12.0,9.584426879882812e-5,1000.0
20260204_181530,AGG_ORACLE_FCFS,112,1,1120001,0.0,0.0,9,32,3,5,4,4.0,2.5987625122070312e-5,333.3333333333333
20260204_181530,AGG_ORACLE_FCFS,112,1,1120001,0.0,0.0,10,36,4,6,4,14.0,4.696846008300781e-5,740.0
20260204_181530,AGG_ORACLE_FCFS,112,1,1120001,0.0,0.0,11,40,5,8,4,16.0,0.00019097328186035156,720.0
20260204_181530,AGG_ORACLE_FCFS,112,1,1120001,0.0,0.0,12,44,5,7,4,12.0,0.000102996826171875,720.0
20260204_181530,AGG_ORACLE_FCFS,112,1,1120001,0.0,0.0,13,48,5,9,4,48.0,0.0004169940948486328,813.3333333333333
20260204_181530,AGG_ORACLE_FCFS,112,1,1120001,0.0,0.0,14,52,6,12,4,56.0,0.005950212478637695,1440.0
20260204_181530,AGG_ORACLE_FCFS,112,1,1120001,0.0,0.0,15,56,6,10,4,44.0,0.0010309219360351562,1340.0
20260204_181530,AGG_ORACLE_FCFS,112,1,1120001,0.0,0.0,16,60,6,9,4,40.0,0.00043582916259765625,1480.0
20260204_181530,AGG_ORACLE_FCFS,570,1,5700001,0.0,0.0,1,0,0,1,1,0.0,5.9604644775390625e-6,0.0
20260204_181530,AGG_ORACLE_FCFS,570,1,5700001,0.0,0.0,2,4,0,1,1,0.0,1.1920928955078125e-6,0.0
20260204_181530,AGG_ORACLE_FCFS,570,1,5700001,0.0,0.0,3,8,0,2,2,0.0,6.9141387939453125e-6,0.0
20260204_181530,AGG_ORACLE_FCFS,570,1,5700001,0.0,0.0,4,12,0,3,3,0.0,6.9141387939453125e-6,0.0
20260204_181530,AGG_ORACLE_FCFS,570,1,5700001,0.0,0.0,5,16,0,1,1,0.0,2.1457672119140625e-6,0.0
20260204_181530,AGG_ORACLE_FCFS,570,1,5700001,0.0,0.0,6,20,0,7,4,12.0,9.918212890625e-5,1000.0
20260204_181530,AGG_ORACLE_FCFS,570,1,5700001,0.0,0.0,7,24,1,10,4,24.0,0.0008671283721923828,1000.0
20260204_181530,AGG_ORACLE_FCFS,570,1,5700001,0.0,0.0,8,28,1,7,4,12.0,9.489059448242188e-5,1000.0
20260204_181530,AGG_ORACLE_FCFS,570,1,5700001,0.0,0.0,9,32,3,5,4,4.0,2.7179718017578125e-5,333.3333333333333
20260204_181530,AGG_ORACLE_FCFS,570,1,5700001,0.0,0.0,10,36,4,6,4,14.0,4.982948303222656e-5,740.0
20260204_181530,AGG_ORACLE_FCFS,570,1,5700001,0.0,0.0,11,40,5,8,4,16.0,0.00020503997802734375,720.0
20260204_181530,AGG_ORACLE_FCFS,570,1,5700001,0.0,0.0,12,44,5,7,4,12.0,0.00010609626770019531,720.0
20260204_181530,AGG_ORACLE_FCFS,570,1,5700001,0.0,0.0,13,48,5,9,4,48.0,0.00043201446533203125,813.3333333333333
20260204_181530,AGG_ORACLE_FCFS,570,1,5700001,0.0,0.0,14,52,6,12,4,56.0,0.005460977554321289,1440.0
20260204_181530,AGG_ORACLE_FCFS,570,1,5700001,0.0,0.0,15,56,6,10,4,44.0,0.0008769035339355469,1340.0
20260204_181530,AGG_ORACLE_FCFS,570,1,5700001,0.0,0.0,16,60,6,9,4,40.0,0.00044798851013183594,1480.0
20260204_181530,AGG_ORACLE_FCFS,657,1,6570001,0.0,0.0,1,0,0,1,1,0.0,8.106231689453125e-6,0.0
20260204_181530,AGG_ORACLE_FCFS,657,1,6570001,0.0,0.0,2,4,0,1,1,0.0,2.1457672119140625e-6,0.0
20260204_181530,AGG_ORACLE_FCFS,657,1,6570001,0.0,0.0,3,8,0,2,2,0.0,7.152557373046875e-6,0.0
20260204_181530,AGG_ORACLE_FCFS,657,1,6570001,0.0,0.0,4,12,0,3,3,0.0,8.106231689453125e-6,0.0
20260204_181530,AGG_ORACLE_FCFS,657,1,6570001,0.0,0.0,5,16,0,1,1,0.0,1.9073486328125e-6,0.0
20260204_181530,AGG_ORACLE_FCFS,657,1,6570001,0.0,0.0,6,20,0,7,4,12.0,0.00010395050048828125,1000.0
20260204_181530,AGG_ORACLE_FCFS,657,1,6570001,0.0,0.0,7,24,1,10,4,24.0,0.0009129047393798828,1000.0
20260204_181530,AGG_ORACLE_FCFS,657,1,6570001,0.0,0.0,8,28,1,7,4,12.0,0.00010180473327636719,1000.0
20260204_181530,AGG_ORACLE_FCFS,657,1,6570001,0.0,0.0,9,32,3,5,4,4.0,2.6941299438476562e-5,333.3333333333333
20260204_181530,AGG_ORACLE_FCFS,657,1,6570001,0.0,0.0,10,36,4,6,4,14.0,5.1975250244140625e-5,740.0
20260204_181530,AGG_ORACLE_FCFS,657,1,6570001,0.0,0.0,11,40,5,8,4,16.0,0.00019693374633789062,720.0
20260204_181530,AGG_ORACLE_FCFS,657,1,6570001,0.0,0.0,12,44,5,7,4,22.0,0.0001010894775390625,1080.0
20260204_181530,AGG_ORACLE_FCFS,657,1,6570001,0.0,0.0,13,48,5,9,4,44.0,0.00043392181396484375,813.3333333333333
20260204_181530,AGG_ORACLE_FCFS,657,1,6570001,0.0,0.0,14,52,6,12,4,56.0,0.005268096923828125,1440.0
20260204_181530,AGG_ORACLE_FCFS,657,1,6570001,0.0,0.0,15,56,6,10,4,44.0,0.0010271072387695312,1340.0
20260204_181530,AGG_ORACLE_FCFS,657,1,6570001,0.0,0.0,16,60,6,9,4,40.0,0.00041103363037109375,1480.0
20260204_181530,AGG_ORACLE_FCFS,423,1,4230001,0.0,0.0,1,0,0,1,1,0.0,7.867813110351562e-6,0.0
20260204_181530,AGG_ORACLE_FCFS,423,1,4230001,0.0,0.0,2,4,0,1,1,0.0,1.1920928955078125e-6,0.0
20260204_181530,AGG_ORACLE_FCFS,423,1,4230001,0.0,0.0,3,8,0,2,2,0.0,5.9604644775390625e-6,0.0
20260204_181530,AGG_ORACLE_FCFS,423,1,4230001,0.0,0.0,4,12,0,3,3,0.0,7.867813110351562e-6,0.0
20260204_181530,AGG_ORACLE_FCFS,423,1,4230001,0.0,0.0,5,16,0,1,1,0.0,2.1457672119140625e-6,0.0
20260204_181530,AGG_ORACLE_FCFS,423,1,4230001,0.0,0.0,6,20,0,7,4,12.0,9.703636169433594e-5,1000.0
20260204_181530,AGG_ORACLE_FCFS,423,1,4230001,0.0,0.0,7,24,1,10,4,24.0,0.0008349418640136719,1000.0
20260204_181530,AGG_ORACLE_FCFS,423,1,4230001,0.0,0.0,8,28,1,7,4,12.0,9.202957153320312e-5,1000.0
20260204_181530,AGG_ORACLE_FCFS,423,1,4230001,0.0,0.0,9,32,3,5,4,4.0,2.5033950805664062e-5,333.3333333333333
20260204_181530,AGG_ORACLE_FCFS,423,1,4230001,0.0,0.0,10,36,4,6,4,14.0,4.696846008300781e-5,740.0
20260204_181530,AGG_ORACLE_FCFS,423,1,4230001,0.0,0.0,11,40,5,8,4,16.0,0.00018286705017089844,720.0
20260204_181530,AGG_ORACLE_FCFS,423,1,4230001,0.0,0.0,12,44,5,7,4,12.0,9.894371032714844e-5,720.0
20260204_181530,AGG_ORACLE_FCFS,423,1,4230001,0.0,0.0,13,48,5,9,4,48.0,0.0004000663757324219,813.3333333333333
20260204_181530,AGG_ORACLE_FCFS,423,1,4230001,0.0,0.0,14,52,6,12,4,56.0,0.005403995513916016,1440.0
20260204_181530,AGG_ORACLE_FCFS,423,1,4230001,0.0,0.0,15,56,6,10,4,44.0,0.0008618831634521484,1340.0
20260204_181530,AGG_ORACLE_FCFS,423,1,4230001,0.0,0.0,16,60,6,9,4,40.0,0.0004420280456542969,1480.0
20260204_181530,AGG_ORACLE_FCFS,902,1,9020001,0.0,0.0,1,0,0,1,1,0.0,6.9141387939453125e-6,0.0
20260204_181530,AGG_ORACLE_FCFS,902,1,9020001,0.0,0.0,2,4,0,1,1,0.0,9.5367431640625e-7,0.0
20260204_181530,AGG_ORACLE_FCFS,902,1,9020001,0.0,0.0,3,8,0,2,2,0.0,7.152557373046875e-6,0.0
20260204_181530,AGG_ORACLE_FCFS,902,1,9020001,0.0,0.0,4,12,0,3,3,0.0,8.106231689453125e-6,0.0
20260204_181530,AGG_ORACLE_FCFS,902,1,9020001,0.0,0.0,5,16,0,1,1,0.0,1.9073486328125e-6,0.0
20260204_181530,AGG_ORACLE_FCFS,902,1,9020001,0.0,0.0,6,20,0,7,4,12.0,0.000102996826171875,1000.0
20260204_181530,AGG_ORACLE_FCFS,902,1,9020001,0.0,0.0,7,24,1,10,4,24.0,0.0009222030639648438,1000.0
20260204_181530,AGG_ORACLE_FCFS,902,1,9020001,0.0,0.0,8,28,1,7,4,12.0,0.0001010894775390625,1000.0
20260204_181530,AGG_ORACLE_FCFS,902,1,9020001,0.0,0.0,9,32,3,5,4,4.0,2.9087066650390625e-5,333.3333333333333
20260204_181530,AGG_ORACLE_FCFS,902,1,9020001,0.0,0.0,10,36,4,6,4,14.0,5.507469177246094e-5,740.0
20260204_181530,AGG_ORACLE_FCFS,902,1,9020001,0.0,0.0,11,40,5,8,4,16.0,0.0002009868621826172,720.0
20260204_181530,AGG_ORACLE_FCFS,902,1,9020001,0.0,0.0,12,44,5,7,4,12.0,0.00012183189392089844,720.0
20260204_181530,AGG_ORACLE_FCFS,902,1,9020001,0.0,0.0,13,48,5,9,4,48.0,0.0005481243133544922,813.3333333333333
20260204_181530,AGG_ORACLE_FCFS,902,1,9020001,0.0,0.0,14,52,6,12,4,56.0,0.005061149597167969,1440.0
20260204_181530,AGG_ORACLE_FCFS,902,1,9020001,0.0,0.0,15,56,6,10,4,44.0,0.0010080337524414062,1340.0
20260204_181530,AGG_ORACLE_FCFS,902,1,9020001,0.0,0.0,16,60,6,9,4,40.0,0.0004661083221435547,1480.0
20260204_181530,AGG_ORACLE_FCFS,504,1,5040001,0.0,0.0,1,0,0,1,1,0.0,1.1205673217773438e-5,0.0
20260204_181530,AGG_ORACLE_FCFS,504,1,5040001,0.0,0.0,2,4,0,1,1,0.0,1.9073486328125e-6,0.0
20260204_181530,AGG_ORACLE_FCFS,504,1,5040001,0.0,0.0,3,8,0,2,2,0.0,8.106231689453125e-6,0.0
20260204_181530,AGG_ORACLE_FCFS,504,1,5040001,0.0,0.0,4,12,0,3,3,0.0,7.152557373046875e-6,0.0
20260204_181530,AGG_ORACLE_FCFS,504,1,5040001,0.0,0.0,5,16,0,1,1,0.0,9.5367431640625e-7,0.0
20260204_181530,AGG_ORACLE_FCFS,504,1,5040001,0.0,0.0,6,20,0,7,4,12.0,0.00010013580322265625,1000.0
20260204_181530,AGG_ORACLE_FCFS,504,1,5040001,0.0,0.0,7,24,1,10,4,24.0,0.000865936279296875,1000.0
20260204_181530,AGG_ORACLE_FCFS,504,1,5040001,0.0,0.0,8,28,1,7,4,12.0,8.988380432128906e-5,1000.0
20260204_181530,AGG_ORACLE_FCFS,504,1,5040001,0.0,0.0,9,32,3,5,4,4.0,2.5987625122070312e-5,333.3333333333333
20260204_181530,AGG_ORACLE_FCFS,504,1,5040001,0.0,0.0,10,36,4,6,4,14.0,4.601478576660156e-5,740.0
20260204_181530,AGG_ORACLE_FCFS,504,1,5040001,0.0,0.0,11,40,5,8,4,16.0,0.0001819133758544922,720.0
20260204_181530,AGG_ORACLE_FCFS,504,1,5040001,0.0,0.0,12,44,5,7,4,22.0,0.00010991096496582031,1080.0
20260204_181530,AGG_ORACLE_FCFS,504,1,5040001,0.0,0.0,13,48,5,9,4,44.0,0.0004019737243652344,813.3333333333333
20260204_181530,AGG_ORACLE_FCFS,504,1,5040001,0.0,0.0,14,52,6,12,4,56.0,0.005486011505126953,1440.0
20260204_181530,AGG_ORACLE_FCFS,504,1,5040001,0.0,0.0,15,56,6,10,4,44.0,0.0009169578552246094,1340.0
20260204_181530,AGG_ORACLE_FCFS,504,1,5040001,0.0,0.0,16,60,6,9,4,40.0,0.0004329681396484375,1480.0
20260204_181530,AGG_ORACLE_FCFS,493,1,4930001,0.0,0.0,1,0,0,1,1,0.0,7.152557373046875e-6,0.0
20260204_181530,AGG_ORACLE_FCFS,493,1,4930001,0.0,0.0,2,4,0,1,1,0.0,9.5367431640625e-7,0.0
20260204_181530,AGG_ORACLE_FCFS,493,1,4930001,0.0,0.0,3,8,0,2,2,0.0,6.9141387939453125e-6,0.0
20260204_181530,AGG_ORACLE_FCFS,493,1,4930001,0.0,0.0,4,12,0,3,3,0.0,7.152557373046875e-6,0.0
20260204_181530,AGG_ORACLE_FCFS,493,1,4930001,0.0,0.0,5,16,0,1,1,0.0,9.5367431640625e-7,0.0
20260204_181530,AGG_ORACLE_FCFS,493,1,4930001,0.0,0.0,6,20,0,7,4,12.0,0.00010514259338378906,1000.0
20260204_181530,AGG_ORACLE_FCFS,493,1,4930001,0.0,0.0,7,24,1,10,4,24.0,0.0009179115295410156,1000.0
20260204_181530,AGG_ORACLE_FCFS,493,1,4930001,0.0,0.0,8,28,1,7,4,12.0,9.918212890625e-5,1000.0
20260204_181530,AGG_ORACLE_FCFS,493,1,4930001,0.0,0.0,9,32,3,5,4,4.0,2.8133392333984375e-5,333.3333333333333
20260204_181530,AGG_ORACLE_FCFS,493,1,4930001,0.0,0.0,10,36,4,6,4,14.0,5.0067901611328125e-5,740.0
20260204_181530,AGG_ORACLE_FCFS,493,1,4930001,0.0,0.0,11,40,5,8,4,16.0,0.00020313262939453125,720.0
20260204_181530,AGG_ORACLE_FCFS,493,1,4930001,0.0,0.0,12,44,5,7,4,12.0,0.00010800361633300781,720.0
20260204_181530,AGG_ORACLE_FCFS,493,1,4930001,0.0,0.0,13,48,5,9,4,48.0,0.0004470348358154297,813.3333333333333
20260204_181530,AGG_ORACLE_FCFS,493,1,4930001,0.0,0.0,14,52,6,12,4,56.0,0.005209207534790039,1440.0
20260204_181530,AGG_ORACLE_FCFS,493,1,4930001,0.0,0.0,15,56,6,10,4,44.0,0.0009658336639404297,1340.0
20260204_181530,AGG_ORACLE_FCFS,493,1,4930001,0.0,0.0,16,60,6,9,4,40.0,0.0004379749298095703,1480.0
20260204_181530,AGG_ORACLE_FCFS,610,1,6100001,0.0,0.0,1,0,0,1,1,0.0,1.0013580322265625e-5,0.0
20260204_181530,AGG_ORACLE_FCFS,610,1,6100001,0.0,0.0,2,4,0,1,1,0.0,1.9073486328125e-6,0.0
20260204_181530,AGG_ORACLE_FCFS,610,1,6100001,0.0,0.0,3,8,0,2,2,0.0,8.106231689453125e-6,0.0
20260204_181530,AGG_ORACLE_FCFS,610,1,6100001,0.0,0.0,4,12,0,3,3,0.0,1.0013580322265625e-5,0.0
20260204_181530,AGG_ORACLE_FCFS,610,1,6100001,0.0,0.0,5,16,0,1,1,0.0,1.9073486328125e-6,0.0
20260204_181530,AGG_ORACLE_FCFS,610,1,6100001,0.0,0.0,6,20,0,7,4,12.0,0.00010895729064941406,1000.0
20260204_181530,AGG_ORACLE_FCFS,610,1,6100001,0.0,0.0,7,24,1,10,4,24.0,0.0008318424224853516,1000.0
20260204_181530,AGG_ORACLE_FCFS,610,1,6100001,0.0,0.0,8,28,1,7,4,12.0,8.988380432128906e-5,1000.0
20260204_181530,AGG_ORACLE_FCFS,610,1,6100001,0.0,0.0,9,32,3,5,4,4.0,2.5033950805664062e-5,333.3333333333333
20260204_181530,AGG_ORACLE_FCFS,610,1,6100001,0.0,0.0,10,36,4,6,4,14.0,4.601478576660156e-5,740.0
20260204_181530,AGG_ORACLE_FCFS,610,1,6100001,0.0,0.0,11,40,5,8,4,16.0,0.0001938343048095703,720.0
20260204_181530,AGG_ORACLE_FCFS,610,1,6100001,0.0,0.0,12,44,5,7,4,12.0,0.00010204315185546875,720.0
20260204_181530,AGG_ORACLE_FCFS,610,1,6100001,0.0,0.0,13,48,5,9,4,48.0,0.00042319297790527344,813.3333333333333
20260204_181530,AGG_ORACLE_FCFS,610,1,6100001,0.0,0.0,14,52,6,12,4,56.0,0.0054090023040771484,1440.0
20260204_181530,AGG_ORACLE_FCFS,610,1,6100001,0.0,0.0,15,56,6,10,4,44.0,0.0008800029754638672,1340.0
20260204_181530,AGG_ORACLE_FCFS,610,1,6100001,0.0,0.0,16,60,6,9,4,40.0,0.0004260540008544922,1480.0
20260204_181530,AGG_ORACLE_FCFS,626,1,6260001,0.0,0.0,1,0,0,1,1,0.0,5.9604644775390625e-6,0.0
20260204_181530,AGG_ORACLE_FCFS,626,1,6260001,0.0,0.0,2,4,0,1,1,0.0,9.5367431640625e-7,0.0
20260204_181530,AGG_ORACLE_FCFS,626,1,6260001,0.0,0.0,3,8,0,2,2,0.0,5.9604644775390625e-6,0.0
20260204_181530,AGG_ORACLE_FCFS,626,1,6260001,0.0,0.0,4,12,0,3,3,0.0,7.152557373046875e-6,0.0
20260204_181530,AGG_ORACLE_FCFS,626,1,6260001,0.0,0.0,5,16,0,1,1,0.0,1.9073486328125e-6,0.0
20260204_181530,AGG_ORACLE_FCFS,626,1,6260001,0.0,0.0,6,20,0,7,4,12.0,0.000102996826171875,1000.0
20260204_181530,AGG_ORACLE_FCFS,626,1,6260001,0.0,0.0,7,24,1,10,4,24.0,0.0008521080017089844,1000.0
20260204_181530,AGG_ORACLE_FCFS,626,1,6260001,0.0,0.0,8,28,1,7,4,12.0,0.0001010894775390625,1000.0
20260204_181530,AGG_ORACLE_FCFS,626,1,6260001,0.0,0.0,9,32,3,5,4,4.0,3.0040740966796875e-5,333.3333333333333
20260204_181530,AGG_ORACLE_FCFS,626,1,6260001,0.0,0.0,10,36,4,6,4,14.0,4.8160552978515625e-5,740.0
20260204_181530,AGG_ORACLE_FCFS,626,1,6260001,0.0,0.0,11,40,5,8,4,16.0,0.00019502639770507812,720.0
20260204_181530,AGG_ORACLE_FCFS,626,1,6260001,0.0,0.0,12,44,5,7,4,22.0,0.00010395050048828125,1080.0
20260204_181530,AGG_ORACLE_FCFS,626,1,6260001,0.0,0.0,13,48,5,9,4,44.0,0.0004508495330810547,813.3333333333333
20260204_181530,AGG_ORACLE_FCFS,626,1,6260001,0.0,0.0,14,52,6,12,4,56.0,0.005418062210083008,1440.0
20260204_181530,AGG_ORACLE_FCFS,626,1,6260001,0.0,0.0,15,56,6,10,4,44.0,0.0009281635284423828,1340.0
20260204_181530,AGG_ORACLE_FCFS,626,1,6260001,0.0,0.0,16,60,6,9,4,40.0,0.0004601478576660156,1480.0
20260204_181530,AGG_ORACLE_FCFS,992,1,9920001,0.0,0.0,1,0,0,1,1,0.0,7.867813110351562e-6,0.0
20260204_181530,AGG_ORACLE_FCFS,992,1,9920001,0.0,0.0,2,4,0,1,1,0.0,1.9073486328125e-6,0.0
20260204_181530,AGG_ORACLE_FCFS,992,1,9920001,0.0,0.0,3,8,0,2,2,0.0,7.152557373046875e-6,0.0
20260204_181530,AGG_ORACLE_FCFS,992,1,9920001,0.0,0.0,4,12,0,3,3,0.0,6.9141387939453125e-6,0.0
20260204_181530,AGG_ORACLE_FCFS,992,1,9920001,0.0,0.0,5,16,0,1,1,0.0,9.5367431640625e-7,0.0
20260204_181530,AGG_ORACLE_FCFS,992,1,9920001,0.0,0.0,6,20,0,7,4,12.0,9.989738464355469e-5,1000.0
20260204_181530,AGG_ORACLE_FCFS,992,1,9920001,0.0,0.0,7,24,1,10,4,24.0,0.0008661746978759766,1000.0
20260204_181530,AGG_ORACLE_FCFS,992,1,9920001,0.0,0.0,8,28,1,7,4,12.0,0.00010585784912109375,1000.0
20260204_181530,AGG_ORACLE_FCFS,992,1,9920001,0.0,0.0,9,32,3,5,4,4.0,3.409385681152344e-5,333.3333333333333
20260204_181530,AGG_ORACLE_FCFS,992,1,9920001,0.0,0.0,10,36,4,6,4,14.0,5.412101745605469e-5,740.0
20260204_181530,AGG_ORACLE_FCFS,992,1,9920001,0.0,0.0,11,40,5,8,4,16.0,0.00019788742065429688,720.0
20260204_181530,AGG_ORACLE_FCFS,992,1,9920001,0.0,0.0,12,44,5,7,4,22.0,0.00011205673217773438,1080.0
20260204_181530,AGG_ORACLE_FCFS,992,1,9920001,0.0,0.0,13,48,5,9,4,44.0,0.0004558563232421875,813.3333333333333
20260204_181530,AGG_ORACLE_FCFS,992,1,9920001,0.0,0.0,14,52,6,12,4,56.0,0.0055370330810546875,1440.0
20260204_181530,AGG_ORACLE_FCFS,992,1,9920001,0.0,0.0,15,56,6,10,4,44.0,0.0010521411895751953,1340.0
20260204_181530,AGG_ORACLE_FCFS,992,1,9920001,0.0,0.0,16,60,6,9,4,40.0,0.00041103363037109375,1480.0
20260204_181530,AGG_ORACLE_FCFS,370,1,3700001,0.0,0.0,1,0,0,1,1,0.0,7.867813110351562e-6,0.0
20260204_181530,AGG_ORACLE_FCFS,370,1,3700001,0.0,0.0,2,4,0,1,1,0.0,1.1920928955078125e-6,0.0
20260204_181530,AGG_ORACLE_FCFS,370,1,3700001,0.0,0.0,3,8,0,2,2,0.0,5.9604644775390625e-6,0.0
20260204_181530,AGG_ORACLE_FCFS,370,1,3700001,0.0,0.0,4,12,0,3,3,0.0,6.9141387939453125e-6,0.0
20260204_181530,AGG_ORACLE_FCFS,370,1,3700001,0.0,0.0,5,16,0,1,1,0.0,1.1920928955078125e-6,0.0
20260204_181530,AGG_ORACLE_FCFS,370,1,3700001,0.0,0.0,6,20,0,7,4,12.0,9.584426879882812e-5,1000.0
20260204_181530,AGG_ORACLE_FCFS,370,1,3700001,0.0,0.0,7,24,1,10,4,24.0,0.0008399486541748047,1000.0
20260204_181530,AGG_ORACLE_FCFS,370,1,3700001,0.0,0.0,8,28,1,7,4,12.0,9.512901306152344e-5,1000.0
20260204_181530,AGG_ORACLE_FCFS,370,1,3700001,0.0,0.0,9,32,3,5,4,4.0,2.7894973754882812e-5,333.3333333333333
20260204_181530,AGG_ORACLE_FCFS,370,1,3700001,0.0,0.0,10,36,4,6,4,14.0,4.8160552978515625e-5,740.0
20260204_181530,AGG_ORACLE_FCFS,370,1,3700001,0.0,0.0,11,40,5,8,4,16.0,0.00019812583923339844,720.0
20260204_181530,AGG_ORACLE_FCFS,370,1,3700001,0.0,0.0,12,44,5,7,4,22.0,0.00010395050048828125,1080.0
20260204_181530,AGG_ORACLE_FCFS,370,1,3700001,0.0,0.0,13,48,5,9,4,44.0,0.00044417381286621094,813.3333333333333
20260204_181530,AGG_ORACLE_FCFS,370,1,3700001,0.0,0.0,14,52,6,12,4,56.0,0.00529789924621582,1440.0
20260204_181530,AGG_ORACLE_FCFS,370,1,3700001,0.0,0.0,15,56,6,10,4,44.0,0.0009551048278808594,1340.0
20260204_181530,AGG_ORACLE_FCFS,370,1,3700001,0.0,0.0,16,60,6,9,4,40.0,0.0004360675811767578,1480.0
20260204_181530,AGG_ORACLE_FCFS,69,1,690001,0.0,0.0,1,0,0,1,1,0.0,8.106231689453125e-6,0.0
20260204_181530,AGG_ORACLE_FCFS,69,1,690001,0.0,0.0,2,4,0,1,1,0.0,9.5367431640625e-7,0.0
20260204_181530,AGG_ORACLE_FCFS,69,1,690001,0.0,0.0,3,8,0,2,2,0.0,6.9141387939453125e-6,0.0
20260204_181530,AGG_ORACLE_FCFS,69,1,690001,0.0,0.0,4,12,0,3,3,0.0,6.9141387939453125e-6,0.0
20260204_181530,AGG_ORACLE_FCFS,69,1,690001,0.0,0.0,5,16,0,1,1,0.0,9.5367431640625e-7,0.0
20260204_181530,AGG_ORACLE_FCFS,69,1,690001,0.0,0.0,6,20,0,7,4,12.0,0.0001049041748046875,1000.0
20260204_181530,AGG_ORACLE_FCFS,69,1,690001,0.0,0.0,7,24,1,10,4,24.0,0.001035928726196289,1000.0
20260204_181530,AGG_ORACLE_FCFS,69,1,690001,0.0,0.0,8,28,1,7,4,12.0,0.00014591217041015625,1000.0
20260204_181530,AGG_ORACLE_FCFS,69,1,690001,0.0,0.0,9,32,3,5,4,4.0,3.218650817871094e-5,333.3333333333333
20260204_181530,AGG_ORACLE_FCFS,69,1,690001,0.0,0.0,10,36,4,6,4,14.0,5.602836608886719e-5,740.0
20260204_181530,AGG_ORACLE_FCFS,69,1,690001,0.0,0.0,11,40,5,8,4,16.0,0.0001881122589111328,720.0
20260204_181530,AGG_ORACLE_FCFS,69,1,690001,0.0,0.0,12,44,5,7,4,12.0,9.799003601074219e-5,720.0
20260204_181530,AGG_ORACLE_FCFS,69,1,690001,0.0,0.0,13,48,5,9,4,48.0,0.00040411949157714844,813.3333333333333
20260204_181530,AGG_ORACLE_FCFS,69,1,690001,0.0,0.0,14,52,6,12,4,56.0,0.0035338401794433594,1440.0
20260204_181530,AGG_ORACLE_FCFS,69,1,690001,0.0,0.0,15,56,6,10,4,44.0,0.0009601116180419922,1340.0
20260204_181530,AGG_ORACLE_FCFS,69,1,690001,0.0,0.0,16,60,6,9,4,40.0,0.0004210472106933594,1480.0
20260204_181530,AGG_ORACLE_FCFS,318,1,3180001,0.0,0.0,1,0,0,1,1,0.0,8.106231689453125e-6,0.0
20260204_181530,AGG_ORACLE_FCFS,318,1,3180001,0.0,0.0,2,4,0,1,1,0.0,9.5367431640625e-7,0.0
20260204_181530,AGG_ORACLE_FCFS,318,1,3180001,0.0,0.0,3,8,0,2,2,0.0,6.9141387939453125e-6,0.0
20260204_181530,AGG_ORACLE_FCFS,318,1,3180001,0.0,0.0,4,12,0,3,3,0.0,8.106231689453125e-6,0.0
20260204_181530,AGG_ORACLE_FCFS,318,1,3180001,0.0,0.0,5,16,0,1,1,0.0,2.1457672119140625e-6,0.0
20260204_181530,AGG_ORACLE_FCFS,318,1,3180001,0.0,0.0,6,20,0,7,4,12.0,0.00011086463928222656,1000.0
20260204_181530,AGG_ORACLE_FCFS,318,1,3180001,0.0,0.0,7,24,1,10,4,24.0,0.0008349418640136719,1000.0
20260204_181530,AGG_ORACLE_FCFS,318,1,3180001,0.0,0.0,8,28,1,7,4,12.0,8.988380432128906e-5,1000.0
20260204_181530,AGG_ORACLE_FCFS,318,1,3180001,0.0,0.0,9,32,3,5,4,4.0,2.5987625122070312e-5,333.3333333333333
20260204_181530,AGG_ORACLE_FCFS,318,1,3180001,0.0,0.0,10,36,4,6,4,14.0,4.696846008300781e-5,740.0
20260204_181530,AGG_ORACLE_FCFS,318,1,3180001,0.0,0.0,11,40,5,8,4,16.0,0.00019693374633789062,720.0
20260204_181530,AGG_ORACLE_FCFS,318,1,3180001,0.0,0.0,12,44,5,7,4,12.0,0.00010395050048828125,720.0
20260204_181530,AGG_ORACLE_FCFS,318,1,3180001,0.0,0.0,13,48,5,9,4,48.0,0.0004298686981201172,813.3333333333333
20260204_181530,AGG_ORACLE_FCFS,318,1,3180001,0.0,0.0,14,52,6,12,4,56.0,0.003738880157470703,1440.0
20260204_181530,AGG_ORACLE_FCFS,318,1,3180001,0.0,0.0,15,56,6,10,4,44.0,0.0009870529174804688,1340.0
20260204_181530,AGG_ORACLE_FCFS,318,1,3180001,0.0,0.0,16,60,6,9,4,40.0,0.0004360675811767578,1480.0
20260204_181530,CE_NAIVE,764,1,7640001,0.0,0.0,1,0,0,1,1,0.0,0.09806609153747559,0.0
20260204_181530,CE_NAIVE,764,1,7640001,0.0,0.0,2,4,0,1,1,0.0,0.0905919075012207,0.0
20260204_181530,CE_NAIVE,764,1,7640001,0.0,0.0,3,8,0,2,2,0.0,0.10747599601745605,0.0
20260204_181530,CE_NAIVE,764,1,7640001,0.0,0.0,4,12,0,3,3,0.0,0.09563994407653809,0.0
20260204_181530,CE_NAIVE,764,1,7640001,0.0,0.0,5,16,0,1,1,0.0,0.09077310562133789,0.0
20260204_181530,CE_NAIVE,764,1,7640001,0.0,0.0,6,20,0,7,5,15.0,0.1790010929107666,736.6666666666666
20260204_181530,CE_NAIVE,764,1,7640001,0.0,0.0,7,24,2,9,5,25.0,0.6402950286865234,895.0
20260204_181530,CE_NAIVE,764,1,7640001,0.0,0.0,8,28,3,5,4,4.0,0.1714789867401123,360.0
20260204_181530,CE_NAIVE,764,1,7640001,0.0,0.0,9,32,4,3,3,6.0,0.11076784133911133,240.0
20260204_181530,CE_NAIVE,764,1,7640001,0.0,0.0,10,36,5,5,5,9.0,0.1093590259552002,535.0
20260204_181530,CE_NAIVE,764,1,7640001,0.0,0.0,11,40,6,6,4,16.0,0.11364221572875977,790.0
20260204_181530,CE_NAIVE,764,1,7640001,0.0,0.0,12,44,6,5,4,20.0,0.11358904838562012,1220.0
20260204_181530,CE_NAIVE,764,1,7640001,0.0,0.0,13,48,6,7,4,32.0,0.11564493179321289,880.0
20260204_181530,CE_NAIVE,764,1,7640001,0.0,0.0,14,52,6,10,4,48.0,0.11067700386047363,1480.0
20260204_181530,CE_NAIVE,764,1,7640001,0.0,0.0,15,56,6,8,5,50.0,0.11747002601623535,1280.0
20260204_181530,CE_NAIVE,764,1,7640001,0.0,0.0,16,60,7,6,4,32.0,0.10850310325622559,2150.0
20260204_181530,CE_NAIVE,744,1,7440001,0.0,0.0,1,0,0,1,1,0.0,0.0939030647277832,0.0
20260204_181530,CE_NAIVE,744,1,7440001,0.0,0.0,2,4,0,1,1,0.0,0.09007000923156738,0.0
20260204_181530,CE_NAIVE,744,1,7440001,0.0,0.0,3,8,0,2,2,0.0,0.10407114028930664,0.0
20260204_181530,CE_NAIVE,744,1,7440001,0.0,0.0,4,12,0,3,3,0.0,0.09951615333557129,0.0
20260204_181530,CE_NAIVE,744,1,7440001,0.0,0.0,5,16,0,1,1,0.0,0.09048295021057129,0.0
20260204_181530,CE_NAIVE,744,1,7440001,0.0,0.0,6,20,0,7,5,15.0,0.16962790489196777,736.6666666666666
20260204_181530,CE_NAIVE,744,1,7440001,0.0,0.0,7,24,2,9,5,25.0,0.6555681228637695,985.0
20260204_181530,CE_NAIVE,744,1,7440001,0.0,0.0,8,28,3,5,4,4.0,0.10323500633239746,360.0
20260204_181530,CE_NAIVE,744,1,7440001,0.0,0.0,9,32,4,3,3,6.0,0.10115814208984375,170.0
20260204_181530,CE_NAIVE,744,1,7440001,0.0,0.0,10,36,5,5,5,9.0,0.10483098030090332,535.0
20260204_181530,CE_NAIVE,744,1,7440001,0.0,0.0,11,40,6,6,4,16.0,0.11001896858215332,790.0
20260204_181530,CE_NAIVE,744,1,7440001,0.0,0.0,12,44,6,5,4,20.0,0.11089611053466797,1220.0
20260204_181530,CE_NAIVE,744,1,7440001,0.0,0.0,13,48,6,7,4,32.0,0.11597800254821777,880.0
20260204_181530,CE_NAIVE,744,1,7440001,0.0,0.0,14,52,6,10,4,48.0,0.11297202110290527,1480.0
20260204_181530,CE_NAIVE,744,1,7440001,0.0,0.0,15,56,6,8,5,50.0,0.11700701713562012,1280.0
20260204_181530,CE_NAIVE,744,1,7440001,0.0,0.0,16,60,7,6,4,32.0,0.11306905746459961,2150.0
20260204_181530,CE_NAIVE,855,1,8550001,0.0,0.0,1,0,0,1,1,0.0,0.0966799259185791,0.0
20260204_181530,CE_NAIVE,855,1,8550001,0.0,0.0,2,4,0,1,1,0.0,0.09281206130981445,0.0
20260204_181530,CE_NAIVE,855,1,8550001,0.0,0.0,3,8,0,2,2,0.0,0.09699702262878418,0.0
20260204_181530,CE_NAIVE,855,1,8550001,0.0,0.0,4,12,0,3,3,0.0,0.10613179206848145,0.0
20260204_181530,CE_NAIVE,855,1,8550001,0.0,0.0,5,16,0,1,1,0.0,0.09410619735717773,0.0
20260204_181530,CE_NAIVE,855,1,8550001,0.0,0.0,6,20,0,7,5,15.0,0.17925500869750977,736.6666666666666
20260204_181530,CE_NAIVE,855,1,8550001,0.0,0.0,7,24,2,9,5,25.0,0.6627388000488281,1020.0
20260204_181530,CE_NAIVE,855,1,8550001,0.0,0.0,8,28,3,5,4,4.0,0.1026298999786377,500.0
20260204_181530,CE_NAIVE,855,1,8550001,0.0,0.0,9,32,4,3,3,6.0,0.10071086883544922,100.0
20260204_181530,CE_NAIVE,855,1,8550001,0.0,0.0,10,36,5,5,5,9.0,0.10925006866455078,535.0
20260204_181530,CE_NAIVE,855,1,8550001,0.0,0.0,11,40,6,6,4,16.0,0.12069106101989746,790.0
20260204_181530,CE_NAIVE,855,1,8550001,0.0,0.0,12,44,6,5,4,20.0,0.10646486282348633,1220.0
20260204_181530,CE_NAIVE,855,1,8550001,0.0,0.0,13,48,6,7,4,32.0,0.11430501937866211,880.0
20260204_181530,CE_NAIVE,855,1,8550001,0.0,0.0,14,52,6,10,4,48.0,0.11838603019714355,1480.0
20260204_181530,CE_NAIVE,855,1,8550001,0.0,0.0,15,56,6,8,5,50.0,0.10748291015625,1280.0
20260204_181530,CE_NAIVE,855,1,8550001,0.0,0.0,16,60,7,6,4,32.0,0.10486006736755371,2150.0
20260204_181530,CE_NAIVE,218,1,2180001,0.0,0.0,1,0,0,1,1,0.0,0.09182500839233398,0.0
20260204_181530,CE_NAIVE,218,1,2180001,0.0,0.0,2,4,0,1,1,0.0,0.09128403663635254,0.0
20260204_181530,CE_NAIVE,218,1,2180001,0.0,0.0,3,8,0,2,2,0.0,0.10330390930175781,0.0
20260204_181530,CE_NAIVE,218,1,2180001,0.0,0.0,4,12,0,3,3,0.0,0.09991693496704102,0.0
20260204_181530,CE_NAIVE,218,1,2180001,0.0,0.0,5,16,0,1,1,0.0,0.09479713439941406,0.0
20260204_181530,CE_NAIVE,218,1,2180001,0.0,0.0,6,20,0,7,5,15.0,0.17821097373962402,736.6666666666666
20260204_181530,CE_NAIVE,218,1,2180001,0.0,0.0,7,24,2,9,5,25.0,0.6885039806365967,1320.0
20260204_181530,CE_NAIVE,218,1,2180001,0.0,0.0,8,28,3,5,4,4.0,0.19254016876220703,333.3333333333333
20260204_181530,CE_NAIVE,218,1,2180001,0.0,0.0,9,32,4,3,3,6.0,0.10309696197509766,100.0
20260204_181530,CE_NAIVE,218,1,2180001,0.0,0.0,10,36,5,5,5,9.0,0.10911202430725098,535.0
20260204_181530,CE_NAIVE,218,1,2180001,0.0,0.0,11,40,6,6,4,16.0,0.11081719398498535,790.0
20260204_181530,CE_NAIVE,218,1,2180001,0.0,0.0,12,44,6,5,4,20.0,0.11417889595031738,1220.0
20260204_181530,CE_NAIVE,218,1,2180001,0.0,0.0,13,48,6,7,4,32.0,0.11281299591064453,880.0
20260204_181530,CE_NAIVE,218,1,2180001,0.0,0.0,14,52,6,10,4,48.0,0.10857892036437988,1480.0
20260204_181530,CE_NAIVE,218,1,2180001,0.0,0.0,15,56,6,8,5,50.0,0.10852193832397461,1280.0
20260204_181530,CE_NAIVE,218,1,2180001,0.0,0.0,16,60,7,6,4,32.0,0.11602020263671875,2150.0
20260204_181530,CE_NAIVE,321,1,3210001,0.0,0.0,1,0,0,1,1,0.0,0.09156298637390137,0.0
20260204_181530,CE_NAIVE,321,1,3210001,0.0,0.0,2,4,0,1,1,0.0,0.0929861068725586,0.0
20260204_181530,CE_NAIVE,321,1,3210001,0.0,0.0,3,8,0,2,2,0.0,0.0984189510345459,0.0
20260204_181530,CE_NAIVE,321,1,3210001,0.0,0.0,4,12,0,3,3,0.0,0.09463310241699219,0.0
20260204_181530,CE_NAIVE,321,1,3210001,0.0,0.0,5,16,0,1,1,0.0,0.09006381034851074,0.0
20260204_181530,CE_NAIVE,321,1,3210001,0.0,0.0,6,20,0,7,5,15.0,0.17885303497314453,736.6666666666666
20260204_181530,CE_NAIVE,321,1,3210001,0.0,0.0,7,24,2,9,5,25.0,0.6778051853179932,1020.0
20260204_181530,CE_NAIVE,321,1,3210001,0.0,0.0,8,28,3,5,4,4.0,0.10792708396911621,360.0
20260204_181530,CE_NAIVE,321,1,3210001,0.0,0.0,9,32,4,3,3,6.0,0.1017160415649414,170.0
20260204_181530,CE_NAIVE,321,1,3210001,0.0,0.0,10,36,5,5,5,9.0,0.11067509651184082,535.0
20260204_181530,CE_NAIVE,321,1,3210001,0.0,0.0,11,40,6,6,4,16.0,0.12287092208862305,790.0
20260204_181530,CE_NAIVE,321,1,3210001,0.0,0.0,12,44,6,5,4,20.0,0.11043596267700195,1220.0
20260204_181530,CE_NAIVE,321,1,3210001,0.0,0.0,13,48,6,7,4,32.0,0.1186368465423584,880.0
20260204_181530,CE_NAIVE,321,1,3210001,0.0,0.0,14,52,6,10,4,48.0,0.12923789024353027,1480.0
20260204_181530,CE_NAIVE,321,1,3210001,0.0,0.0,15,56,6,8,5,50.0,0.16256499290466309,1280.0
20260204_181530,CE_NAIVE,321,1,3210001,0.0,0.0,16,60,7,6,4,32.0,0.10610389709472656,2150.0
20260204_181530,CE_NAIVE,477,1,4770001,0.0,0.0,1,0,0,1,1,0.0,0.09362196922302246,0.0
20260204_181530,CE_NAIVE,477,1,4770001,0.0,0.0,2,4,0,1,1,0.0,0.12034296989440918,0.0
20260204_181530,CE_NAIVE,477,1,4770001,0.0,0.0,3,8,0,2,2,0.0,0.11385607719421387,0.0
20260204_181530,CE_NAIVE,477,1,4770001,0.0,0.0,4,12,0,3,3,0.0,0.09515905380249023,0.0
20260204_181530,CE_NAIVE,477,1,4770001,0.0,0.0,5,16,0,1,1,0.0,0.09261918067932129,0.0
20260204_181530,CE_NAIVE,477,1,4770001,0.0,0.0,6,20,0,7,5,15.0,0.26627492904663086,736.6666666666666
20260204_181530,CE_NAIVE,477,1,4770001,0.0,0.0,7,24,2,9,5,25.0,0.6648728847503662,985.0
20260204_181530,CE_NAIVE,477,1,4770001,0.0,0.0,8,28,3,5,4,4.0,0.10814094543457031,500.0
20260204_181530,CE_NAIVE,477,1,4770001,0.0,0.0,9,32,4,3,3,6.0,0.10654187202453613,100.0
20260204_181530,CE_NAIVE,477,1,4770001,0.0,0.0,10,36,5,5,5,9.0,0.11287188529968262,535.0
20260204_181530,CE_NAIVE,477,1,4770001,0.0,0.0,11,40,6,6,4,16.0,0.11721301078796387,790.0
20260204_181530,CE_NAIVE,477,1,4770001,0.0,0.0,12,44,6,5,4,20.0,0.12024998664855957,1220.0
20260204_181530,CE_NAIVE,477,1,4770001,0.0,0.0,13,48,6,7,4,32.0,0.11762714385986328,880.0
20260204_181530,CE_NAIVE,477,1,4770001,0.0,0.0,14,52,6,10,4,48.0,0.11276602745056152,1480.0
20260204_181530,CE_NAIVE,477,1,4770001,0.0,0.0,15,56,6,8,5,50.0,0.11148214340209961,1280.0
20260204_181530,CE_NAIVE,477,1,4770001,0.0,0.0,16,60,7,6,4,32.0,0.11110806465148926,2150.0
20260204_181530,CE_NAIVE,878,1,8780001,0.0,0.0,1,0,0,1,1,0.0,0.09923195838928223,0.0
20260204_181530,CE_NAIVE,878,1,8780001,0.0,0.0,2,4,0,1,1,0.0,0.09569406509399414,0.0
20260204_181530,CE_NAIVE,878,1,8780001,0.0,0.0,3,8,0,2,2,0.0,0.10430002212524414,0.0
20260204_181530,CE_NAIVE,878,1,8780001,0.0,0.0,4,12,0,3,3,0.0,0.09843707084655762,0.0
20260204_181530,CE_NAIVE,878,1,8780001,0.0,0.0,5,16,0,1,1,0.0,0.09409093856811523,0.0
20260204_181530,CE_NAIVE,878,1,8780001,0.0,0.0,6,20,0,7,5,15.0,0.17132282257080078,736.6666666666666
20260204_181530,CE_NAIVE,878,1,8780001,0.0,0.0,7,24,2,9,5,25.0,0.6704721450805664,835.0
20260204_181530,CE_NAIVE,878,1,8780001,0.0,0.0,8,28,3,5,4,4.0,0.10471487045288086,360.0
20260204_181530,CE_NAIVE,878,1,8780001,0.0,0.0,9,32,4,3,3,6.0,0.1035621166229248,240.0
20260204_181530,CE_NAIVE,878,1,8780001,0.0,0.0,10,36,5,5,5,9.0,0.10669398307800293,535.0
20260204_181530,CE_NAIVE,878,1,8780001,0.0,0.0,11,40,6,6,4,16.0,0.11967110633850098,790.0
20260204_181530,CE_NAIVE,878,1,8780001,0.0,0.0,12,44,6,5,4,20.0,0.10554003715515137,1220.0
20260204_181530,CE_NAIVE,878,1,8780001,0.0,0.0,13,48,6,7,4,32.0,0.11521792411804199,880.0
20260204_181530,CE_NAIVE,878,1,8780001,0.0,0.0,14,52,6,10,4,48.0,0.1142129898071289,1480.0
20260204_181530,CE_NAIVE,878,1,8780001,0.0,0.0,15,56,6,8,5,50.0,0.11124110221862793,1280.0
20260204_181530,CE_NAIVE,878,1,8780001,0.0,0.0,16,60,7,6,4,32.0,0.12212705612182617,2150.0
20260204_181530,CE_NAIVE,112,1,1120001,0.0,0.0,1,0,0,1,1,0.0,0.09920001029968262,0.0
20260204_181530,CE_NAIVE,112,1,1120001,0.0,0.0,2,4,0,1,1,0.0,0.09601902961730957,0.0
20260204_181530,CE_NAIVE,112,1,1120001,0.0,0.0,3,8,0,2,2,0.0,0.10104894638061523,0.0
20260204_181530,CE_NAIVE,112,1,1120001,0.0,0.0,4,12,0,3,3,0.0,0.09791398048400879,0.0
20260204_181530,CE_NAIVE,112,1,1120001,0.0,0.0,5,16,0,1,1,0.0,0.09577798843383789,0.0
20260204_181530,CE_NAIVE,112,1,1120001,0.0,0.0,6,20,0,7,5,15.0,0.18318796157836914,736.6666666666666
20260204_181530,CE_NAIVE,112,1,1120001,0.0,0.0,7,24,2,9,5,25.0,0.6781079769134521,895.0
20260204_181530,CE_NAIVE,112,1,1120001,0.0,0.0,8,28,3,5,4,4.0,0.10382890701293945,360.0
20260204_181530,CE_NAIVE,112,1,1120001,0.0,0.0,9,32,4,3,3,6.0,0.10150003433227539,240.0
20260204_181530,CE_NAIVE,112,1,1120001,0.0,0.0,10,36,5,5,5,9.0,0.11858797073364258,535.0
20260204_181530,CE_NAIVE,112,1,1120001,0.0,0.0,11,40,6,6,4,16.0,0.11432504653930664,790.0
20260204_181530,CE_NAIVE,112,1,1120001,0.0,0.0,12,44,6,5,4,20.0,0.10622596740722656,1220.0
20260204_181530,CE_NAIVE,112,1,1120001,0.0,0.0,13,48,6,7,4,32.0,0.11364912986755371,880.0
20260204_181530,CE_NAIVE,112,1,1120001,0.0,0.0,14,52,6,10,4,48.0,0.11389589309692383,1480.0
20260204_181530,CE_NAIVE,112,1,1120001,0.0,0.0,15,56,6,8,5,50.0,0.11747908592224121,1280.0
20260204_181530,CE_NAIVE,112,1,1120001,0.0,0.0,16,60,7,6,4,32.0,0.10634589195251465,2150.0
20260204_181530,CE_NAIVE,570,1,5700001,0.0,0.0,1,0,0,1,1,0.0,0.09353303909301758,0.0
20260204_181530,CE_NAIVE,570,1,5700001,0.0,0.0,2,4,0,1,1,0.0,0.09035301208496094,0.0
20260204_181530,CE_NAIVE,570,1,5700001,0.0,0.0,3,8,0,2,2,0.0,0.0958251953125,0.0
20260204_181530,CE_NAIVE,570,1,5700001,0.0,0.0,4,12,0,3,3,0.0,0.09804987907409668,0.0
20260204_181530,CE_NAIVE,570,1,5700001,0.0,0.0,5,16,0,1,1,0.0,0.0957021713256836,0.0
20260204_181530,CE_NAIVE,570,1,5700001,0.0,0.0,6,20,0,7,5,15.0,0.19371294975280762,736.6666666666666
20260204_181530,CE_NAIVE,570,1,5700001,0.0,0.0,7,24,2,9,5,25.0,0.6882150173187256,1020.0
20260204_181530,CE_NAIVE,570,1,5700001,0.0,0.0,8,28,3,5,4,4.0,0.10811877250671387,360.0
20260204_181530,CE_NAIVE,570,1,5700001,0.0,0.0,9,32,4,3,3,6.0,0.1095728874206543,170.0
20260204_181530,CE_NAIVE,570,1,5700001,0.0,0.0,10,36,5,5,5,9.0,0.10899877548217773,535.0
20260204_181530,CE_NAIVE,570,1,5700001,0.0,0.0,11,40,6,6,4,16.0,0.1145329475402832,790.0
20260204_181530,CE_NAIVE,570,1,5700001,0.0,0.0,12,44,6,5,4,20.0,0.1061239242553711,1220.0
20260204_181530,CE_NAIVE,570,1,5700001,0.0,0.0,13,48,6,7,4,32.0,0.11373019218444824,880.0
20260204_181530,CE_NAIVE,570,1,5700001,0.0,0.0,14,52,6,10,4,48.0,0.11822795867919922,1480.0
20260204_181530,CE_NAIVE,570,1,5700001,0.0,0.0,15,56,6,8,5,50.0,0.10818314552307129,1280.0
20260204_181530,CE_NAIVE,570,1,5700001,0.0,0.0,16,60,7,6,4,32.0,0.11121511459350586,2150.0
20260204_181530,CE_NAIVE,657,1,6570001,0.0,0.0,1,0,0,1,1,0.0,0.09688115119934082,0.0
20260204_181530,CE_NAIVE,657,1,6570001,0.0,0.0,2,4,0,1,1,0.0,0.09139108657836914,0.0
20260204_181530,CE_NAIVE,657,1,6570001,0.0,0.0,3,8,0,2,2,0.0,0.09528493881225586,0.0
20260204_181530,CE_NAIVE,657,1,6570001,0.0,0.0,4,12,0,3,3,0.0,0.09633684158325195,0.0
20260204_181530,CE_NAIVE,657,1,6570001,0.0,0.0,5,16,0,1,1,0.0,0.09152603149414062,0.0
20260204_181530,CE_NAIVE,657,1,6570001,0.0,0.0,6,20,0,7,5,15.0,0.18159103393554688,736.6666666666666
20260204_181530,CE_NAIVE,657,1,6570001,0.0,0.0,7,24,2,9,5,25.0,0.6650269031524658,1070.0
20260204_181530,CE_NAIVE,657,1,6570001,0.0,0.0,8,28,3,5,4,4.0,0.20129704475402832,500.0
20260204_181530,CE_NAIVE,657,1,6570001,0.0,0.0,9,32,4,3,3,6.0,0.1064901351928711,100.0
20260204_181530,CE_NAIVE,657,1,6570001,0.0,0.0,10,36,5,5,5,9.0,0.11218905448913574,535.0
20260204_181530,CE_NAIVE,657,1,6570001,0.0,0.0,11,40,6,6,4,16.0,0.11602091789245605,790.0
20260204_181530,CE_NAIVE,657,1,6570001,0.0,0.0,12,44,6,5,4,20.0,0.1126408576965332,1220.0
20260204_181530,CE_NAIVE,657,1,6570001,0.0,0.0,13,48,6,7,4,32.0,0.11922597885131836,880.0
20260204_181530,CE_NAIVE,657,1,6570001,0.0,0.0,14,52,6,10,4,48.0,0.12433290481567383,1480.0
20260204_181530,CE_NAIVE,657,1,6570001,0.0,0.0,15,56,6,8,5,50.0,0.10885405540466309,1280.0
20260204_181530,CE_NAIVE,657,1,6570001,0.0,0.0,16,60,7,6,4,32.0,0.10923981666564941,2150.0
20260204_181530,CE_NAIVE,423,1,4230001,0.0,0.0,1,0,0,1,1,0.0,0.14597296714782715,0.0
20260204_181530,CE_NAIVE,423,1,4230001,0.0,0.0,2,4,0,1,1,0.0,0.091094970703125,0.0
20260204_181530,CE_NAIVE,423,1,4230001,0.0,0.0,3,8,0,2,2,0.0,0.09540510177612305,0.0
20260204_181530,CE_NAIVE,423,1,4230001,0.0,0.0,4,12,0,3,3,0.0,0.09597206115722656,0.0
20260204_181530,CE_NAIVE,423,1,4230001,0.0,0.0,5,16,0,1,1,0.0,0.09500694274902344,0.0
20260204_181530,CE_NAIVE,423,1,4230001,0.0,0.0,6,20,0,7,5,15.0,0.18737006187438965,736.6666666666666
20260204_181530,CE_NAIVE,423,1,4230001,0.0,0.0,7,24,2,9,5,25.0,0.661383867263794,895.0
20260204_181530,CE_NAIVE,423,1,4230001,0.0,0.0,8,28,3,5,4,4.0,0.11364388465881348,500.0
20260204_181530,CE_NAIVE,423,1,4230001,0.0,0.0,9,32,4,3,3,6.0,0.10612702369689941,100.0
20260204_181530,CE_NAIVE,423,1,4230001,0.0,0.0,10,36,5,5,5,9.0,0.11165809631347656,535.0
20260204_181530,CE_NAIVE,423,1,4230001,0.0,0.0,11,40,6,6,4,16.0,0.11629199981689453,790.0
20260204_181530,CE_NAIVE,423,1,4230001,0.0,0.0,12,44,6,5,4,20.0,0.11084389686584473,1220.0
20260204_181530,CE_NAIVE,423,1,4230001,0.0,0.0,13,48,6,7,4,32.0,0.11792802810668945,880.0
20260204_181530,CE_NAIVE,423,1,4230001,0.0,0.0,14,52,6,10,4,48.0,0.12342596054077148,1480.0
20260204_181530,CE_NAIVE,423,1,4230001,0.0,0.0,15,56,6,8,5,50.0,0.11259102821350098,1280.0
20260204_181530,CE_NAIVE,423,1,4230001,0.0,0.0,16,60,7,6,4,32.0,0.1106879711151123,2150.0
20260204_181530,CE_NAIVE,902,1,9020001,0.0,0.0,1,0,0,1,1,0.0,0.09928512573242188,0.0
20260204_181530,CE_NAIVE,902,1,9020001,0.0,0.0,2,4,0,1,1,0.0,0.0953829288482666,0.0
20260204_181530,CE_NAIVE,902,1,9020001,0.0,0.0,3,8,0,2,2,0.0,0.09964704513549805,0.0
20260204_181530,CE_NAIVE,902,1,9020001,0.0,0.0,4,12,0,3,3,0.0,0.09960293769836426,0.0
20260204_181530,CE_NAIVE,902,1,9020001,0.0,0.0,5,16,0,1,1,0.0,0.09353804588317871,0.0
20260204_181530,CE_NAIVE,902,1,9020001,0.0,0.0,6,20,0,7,5,15.0,0.18787598609924316,736.6666666666666
20260204_181530,CE_NAIVE,902,1,9020001,0.0,0.0,7,24,2,9,5,25.0,0.6558849811553955,1020.0
20260204_181530,CE_NAIVE,902,1,9020001,0.0,0.0,8,28,3,5,4,4.0,0.1761798858642578,360.0
20260204_181530,CE_NAIVE,902,1,9020001,0.0,0.0,9,32,4,3,3,6.0,0.1003580093383789,170.0
20260204_181530,CE_NAIVE,902,1,9020001,0.0,0.0,10,36,5,5,5,9.0,0.10988497734069824,535.0
20260204_181530,CE_NAIVE,902,1,9020001,0.0,0.0,11,40,6,6,4,16.0,0.1125650405883789,790.0
20260204_181530,CE_NAIVE,902,1,9020001,0.0,0.0,12,44,6,5,4,20.0,0.10726499557495117,1220.0
20260204_181530,CE_NAIVE,902,1,9020001,0.0,0.0,13,48,6,7,4,32.0,0.11408305168151855,880.0
20260204_181530,CE_NAIVE,902,1,9020001,0.0,0.0,14,52,6,10,4,48.0,0.12309098243713379,1480.0
20260204_181530,CE_NAIVE,902,1,9020001,0.0,0.0,15,56,6,8,5,50.0,0.10952496528625488,1280.0
20260204_181530,CE_NAIVE,902,1,9020001,0.0,0.0,16,60,7,6,4,32.0,0.1126251220703125,2150.0
20260204_181530,CE_NAIVE,504,1,5040001,0.0,0.0,1,0,0,1,1,0.0,0.0997011661529541,0.0
20260204_181530,CE_NAIVE,504,1,5040001,0.0,0.0,2,4,0,1,1,0.0,0.09704899787902832,0.0
20260204_181530,CE_NAIVE,504,1,5040001,0.0,0.0,3,8,0,2,2,0.0,0.10052895545959473,0.0
20260204_181530,CE_NAIVE,504,1,5040001,0.0,0.0,4,12,0,3,3,0.0,0.10004591941833496,0.0
20260204_181530,CE_NAIVE,504,1,5040001,0.0,0.0,5,16,0,1,1,0.0,0.09563493728637695,0.0
20260204_181530,CE_NAIVE,504,1,5040001,0.0,0.0,6,20,0,7,5,15.0,0.19582915306091309,736.6666666666666
20260204_181530,CE_NAIVE,504,1,5040001,0.0,0.0,7,24,2,9,5,25.0,0.6832878589630127,985.0
20260204_181530,CE_NAIVE,504,1,5040001,0.0,0.0,8,28,3,5,4,4.0,0.10360002517700195,360.0
20260204_181530,CE_NAIVE,504,1,5040001,0.0,0.0,9,32,4,3,3,6.0,0.1069188117980957,170.0
20260204_181530,CE_NAIVE,504,1,5040001,0.0,0.0,10,36,5,5,5,9.0,0.10883903503417969,535.0
20260204_181530,CE_NAIVE,504,1,5040001,0.0,0.0,11,40,6,6,4,16.0,0.11509394645690918,790.0
20260204_181530,CE_NAIVE,504,1,5040001,0.0,0.0,12,44,6,5,4,20.0,0.10888409614562988,1220.0
20260204_181530,CE_NAIVE,504,1,5040001,0.0,0.0,13,48,6,7,4,32.0,0.11265015602111816,880.0
20260204_181530,CE_NAIVE,504,1,5040001,0.0,0.0,14,52,6,10,4,48.0,0.11191797256469727,1480.0
20260204_181530,CE_NAIVE,504,1,5040001,0.0,0.0,15,56,6,8,5,50.0,0.1190791130065918,1280.0
20260204_181530,CE_NAIVE,504,1,5040001,0.0,0.0,16,60,7,6,4,32.0,0.10681605339050293,2150.0
20260204_181530,CE_NAIVE,493,1,4930001,0.0,0.0,1,0,0,1,1,0.0,0.09299302101135254,0.0
20260204_181530,CE_NAIVE,493,1,4930001,0.0,0.0,2,4,0,1,1,0.0,0.09200000762939453,0.0
20260204_181530,CE_NAIVE,493,1,4930001,0.0,0.0,3,8,0,2,2,0.0,0.09532594680786133,0.0
20260204_181530,CE_NAIVE,493,1,4930001,0.0,0.0,4,12,0,3,3,0.0,0.09811282157897949,0.0
20260204_181530,CE_NAIVE,493,1,4930001,0.0,0.0,5,16,0,1,1,0.0,0.09311103820800781,0.0
20260204_181530,CE_NAIVE,493,1,4930001,0.0,0.0,6,20,0,7,5,15.0,0.1932370662689209,736.6666666666666
20260204_181530,CE_NAIVE,493,1,4930001,0.0,0.0,7,24,2,9,5,25.0,0.6890850067138672,1020.0
20260204_181530,CE_NAIVE,493,1,4930001,0.0,0.0,8,28,3,5,4,4.0,0.10869097709655762,360.0
20260204_181530,CE_NAIVE,493,1,4930001,0.0,0.0,9,32,4,3,3,6.0,0.10171985626220703,170.0
20260204_181530,CE_NAIVE,493,1,4930001,0.0,0.0,10,36,5,5,5,9.0,0.12240982055664062,535.0
20260204_181530,CE_NAIVE,493,1,4930001,0.0,0.0,11,40,6,6,4,16.0,0.11405706405639648,790.0
20260204_181530,CE_NAIVE,493,1,4930001,0.0,0.0,12,44,6,5,4,20.0,0.11064887046813965,1220.0
20260204_181530,CE_NAIVE,493,1,4930001,0.0,0.0,13,48,6,7,4,32.0,0.11404895782470703,880.0
20260204_181530,CE_NAIVE,493,1,4930001,0.0,0.0,14,52,6,10,4,48.0,0.10871696472167969,1480.0
20260204_181530,CE_NAIVE,493,1,4930001,0.0,0.0,15,56,6,8,5,50.0,0.10848021507263184,1280.0
20260204_181530,CE_NAIVE,493,1,4930001,0.0,0.0,16,60,7,6,4,32.0,0.11971282958984375,2150.0
20260204_181530,CE_NAIVE,610,1,6100001,0.0,0.0,1,0,0,1,1,0.0,0.09783101081848145,0.0
20260204_181530,CE_NAIVE,610,1,6100001,0.0,0.0,2,4,0,1,1,0.0,0.09242892265319824,0.0
20260204_181530,CE_NAIVE,610,1,6100001,0.0,0.0,3,8,0,2,2,0.0,0.09551000595092773,0.0
20260204_181530,CE_NAIVE,610,1,6100001,0.0,0.0,4,12,0,3,3,0.0,0.09589815139770508,0.0
20260204_181530,CE_NAIVE,610,1,6100001,0.0,0.0,5,16,0,1,1,0.0,0.09382200241088867,0.0
20260204_181530,CE_NAIVE,610,1,6100001,0.0,0.0,6,20,0,7,5,15.0,0.172774076461792,736.6666666666666
20260204_181530,CE_NAIVE,610,1,6100001,0.0,0.0,7,24,2,9,5,25.0,0.6779389381408691,1070.0
20260204_181530,CE_NAIVE,610,1,6100001,0.0,0.0,8,28,3,5,4,4.0,0.10975885391235352,500.0
20260204_181530,CE_NAIVE,610,1,6100001,0.0,0.0,9,32,4,3,3,6.0,0.10656404495239258,100.0
20260204_181530,CE_NAIVE,610,1,6100001,0.0,0.0,10,36,5,5,5,9.0,0.11108016967773438,535.0
20260204_181530,CE_NAIVE,610,1,6100001,0.0,0.0,11,40,6,6,4,16.0,0.11737298965454102,790.0
20260204_181530,CE_NAIVE,610,1,6100001,0.0,0.0,12,44,6,5,4,20.0,0.12370610237121582,1220.0
20260204_181530,CE_NAIVE,610,1,6100001,0.0,0.0,13,48,6,7,4,32.0,0.11961078643798828,880.0
20260204_181530,CE_NAIVE,610,1,6100001,0.0,0.0,14,52,6,10,4,48.0,0.11584877967834473,1480.0
20260204_181530,CE_NAIVE,610,1,6100001,0.0,0.0,15,56,6,8,5,50.0,0.11439108848571777,1280.0
20260204_181530,CE_NAIVE,610,1,6100001,0.0,0.0,16,60,7,6,4,32.0,0.1099550724029541,2150.0
20260204_181530,CE_NAIVE,626,1,6260001,0.0,0.0,1,0,0,1,1,0.0,0.09664797782897949,0.0
20260204_181530,CE_NAIVE,626,1,6260001,0.0,0.0,2,4,0,1,1,0.0,0.0923769474029541,0.0
20260204_181530,CE_NAIVE,626,1,6260001,0.0,0.0,3,8,0,2,2,0.0,0.09517502784729004,0.0
20260204_181530,CE_NAIVE,626,1,6260001,0.0,0.0,4,12,0,3,3,0.0,0.10551619529724121,0.0
20260204_181530,CE_NAIVE,626,1,6260001,0.0,0.0,5,16,0,1,1,0.0,0.09111714363098145,0.0
20260204_181530,CE_NAIVE,626,1,6260001,0.0,0.0,6,20,0,7,5,15.0,0.17377996444702148,736.6666666666666
20260204_181530,CE_NAIVE,626,1,6260001,0.0,0.0,7,24,2,9,5,25.0,0.6678891181945801,835.0
20260204_181530,CE_NAIVE,626,1,6260001,0.0,0.0,8,28,3,5,4,4.0,0.10431909561157227,500.0
20260204_181530,CE_NAIVE,626,1,6260001,0.0,0.0,9,32,4,3,3,6.0,0.10236787796020508,100.0
20260204_181530,CE_NAIVE,626,1,6260001,0.0,0.0,10,36,5,5,5,9.0,0.10851383209228516,535.0
20260204_181530,CE_NAIVE,626,1,6260001,0.0,0.0,11,40,6,6,4,16.0,0.11611819267272949,790.0
20260204_181530,CE_NAIVE,626,1,6260001,0.0,0.0,12,44,6,5,4,20.0,0.10916590690612793,1220.0
20260204_181530,CE_NAIVE,626,1,6260001,0.0,0.0,13,48,6,7,4,32.0,0.11934995651245117,880.0
20260204_181530,CE_NAIVE,626,1,6260001,0.0,0.0,14,52,6,10,4,48.0,0.12506985664367676,1480.0
20260204_181530,CE_NAIVE,626,1,6260001,0.0,0.0,15,56,6,8,5,50.0,0.11431598663330078,1280.0
20260204_181530,CE_NAIVE,626,1,6260001,0.0,0.0,16,60,7,6,4,32.0,0.11112499237060547,2150.0
20260204_181530,CE_NAIVE,992,1,9920001,0.0,0.0,1,0,0,1,1,0.0,0.09850597381591797,0.0
20260204_181530,CE_NAIVE,992,1,9920001,0.0,0.0,2,4,0,1,1,0.0,0.09487509727478027,0.0
20260204_181530,CE_NAIVE,992,1,9920001,0.0,0.0,3,8,0,2,2,0.0,0.09985995292663574,0.0
20260204_181530,CE_NAIVE,992,1,9920001,0.0,0.0,4,12,0,3,3,0.0,0.10049986839294434,0.0
20260204_181530,CE_NAIVE,992,1,9920001,0.0,0.0,5,16,0,1,1,0.0,0.09559798240661621,0.0
20260204_181530,CE_NAIVE,992,1,9920001,0.0,0.0,6,20,0,7,5,15.0,0.19463491439819336,736.6666666666666
20260204_181530,CE_NAIVE,992,1,9920001,0.0,0.0,7,24,2,9,5,25.0,0.6685681343078613,1020.0
20260204_181530,CE_NAIVE,992,1,9920001,0.0,0.0,8,28,4,5,4,4.0,0.17389297485351562,360.0
20260204_181530,CE_NAIVE,992,1,9920001,0.0,0.0,9,32,4,3,3,6.0,0.10357904434204102,240.0
20260204_181530,CE_NAIVE,992,1,9920001,0.0,0.0,10,36,5,5,5,9.0,0.12747812271118164,535.0
20260204_181530,CE_NAIVE,992,1,9920001,0.0,0.0,11,40,6,6,4,16.0,0.11408305168151855,790.0
20260204_181530,CE_NAIVE,992,1,9920001,0.0,0.0,12,44,6,5,4,20.0,0.10702013969421387,1220.0
20260204_181530,CE_NAIVE,992,1,9920001,0.0,0.0,13,48,6,7,4,32.0,0.11362814903259277,880.0
20260204_181530,CE_NAIVE,992,1,9920001,0.0,0.0,14,52,6,10,4,48.0,0.10905289649963379,1480.0
20260204_181530,CE_NAIVE,992,1,9920001,0.0,0.0,15,56,6,8,5,50.0,0.1090087890625,1280.0
20260204_181530,CE_NAIVE,992,1,9920001,0.0,0.0,16,60,7,6,4,32.0,0.12096714973449707,2150.0
20260204_181530,CE_NAIVE,370,1,3700001,0.0,0.0,1,0,0,1,1,0.0,0.09241604804992676,0.0
20260204_181530,CE_NAIVE,370,1,3700001,0.0,0.0,2,4,0,1,1,0.0,0.09623289108276367,0.0
20260204_181530,CE_NAIVE,370,1,3700001,0.0,0.0,3,8,0,2,2,0.0,0.10265994071960449,0.0
20260204_181530,CE_NAIVE,370,1,3700001,0.0,0.0,4,12,0,3,3,0.0,0.10122203826904297,0.0
20260204_181530,CE_NAIVE,370,1,3700001,0.0,0.0,5,16,0,1,1,0.0,0.09622502326965332,0.0
20260204_181530,CE_NAIVE,370,1,3700001,0.0,0.0,6,20,0,7,5,15.0,0.1825120449066162,736.6666666666666
20260204_181530,CE_NAIVE,370,1,3700001,0.0,0.0,7,24,2,9,5,25.0,0.7017371654510498,1320.0
20260204_181530,CE_NAIVE,370,1,3700001,0.0,0.0,8,28,3,5,4,4.0,0.16653704643249512,333.3333333333333
20260204_181530,CE_NAIVE,370,1,3700001,0.0,0.0,9,32,4,3,3,6.0,0.10319399833679199,100.0
20260204_181530,CE_NAIVE,370,1,3700001,0.0,0.0,10,36,5,5,5,9.0,0.10883307456970215,535.0
20260204_181530,CE_NAIVE,370,1,3700001,0.0,0.0,11,40,6,6,4,16.0,0.11366701126098633,790.0
20260204_181530,CE_NAIVE,370,1,3700001,0.0,0.0,12,44,6,5,4,20.0,0.10956788063049316,1220.0
20260204_181530,CE_NAIVE,370,1,3700001,0.0,0.0,13,48,6,7,4,32.0,0.1299269199371338,880.0
20260204_181530,CE_NAIVE,370,1,3700001,0.0,0.0,14,52,6,10,4,48.0,0.11079192161560059,1480.0
20260204_181530,CE_NAIVE,370,1,3700001,0.0,0.0,15,56,6,8,5,50.0,0.11277604103088379,1280.0
20260204_181530,CE_NAIVE,370,1,3700001,0.0,0.0,16,60,7,6,4,32.0,0.10816502571105957,2150.0
20260204_181530,CE_NAIVE,69,1,690001,0.0,0.0,1,0,0,1,1,0.0,0.09238314628601074,0.0
20260204_181530,CE_NAIVE,69,1,690001,0.0,0.0,2,4,0,1,1,0.0,0.0915842056274414,0.0
20260204_181530,CE_NAIVE,69,1,690001,0.0,0.0,3,8,0,2,2,0.0,0.09553718566894531,0.0
20260204_181530,CE_NAIVE,69,1,690001,0.0,0.0,4,12,0,3,3,0.0,0.09589004516601562,0.0
20260204_181530,CE_NAIVE,69,1,690001,0.0,0.0,5,16,0,1,1,0.0,0.10796999931335449,0.0
20260204_181530,CE_NAIVE,69,1,690001,0.0,0.0,6,20,0,7,5,15.0,0.1748640537261963,736.6666666666666
20260204_181530,CE_NAIVE,69,1,690001,0.0,0.0,7,24,2,9,5,25.0,0.6914989948272705,985.0
20260204_181530,CE_NAIVE,69,1,690001,0.0,0.0,8,28,3,5,4,4.0,0.10899901390075684,500.0
20260204_181530,CE_NAIVE,69,1,690001,0.0,0.0,9,32,4,3,3,6.0,0.1178441047668457,100.0
20260204_181530,CE_NAIVE,69,1,690001,0.0,0.0,10,36,5,5,5,9.0,0.11241698265075684,535.0
20260204_181530,CE_NAIVE,69,1,690001,0.0,0.0,11,40,6,6,4,16.0,0.12000703811645508,790.0
20260204_181530,CE_NAIVE,69,1,690001,0.0,0.0,12,44,6,5,4,20.0,0.11212396621704102,1220.0
20260204_181530,CE_NAIVE,69,1,690001,0.0,0.0,13,48,6,7,4,32.0,0.11407113075256348,880.0
20260204_181530,CE_NAIVE,69,1,690001,0.0,0.0,14,52,6,10,4,48.0,0.109619140625,1480.0
20260204_181530,CE_NAIVE,69,1,690001,0.0,0.0,15,56,6,8,5,50.0,0.10820412635803223,1280.0
20260204_181530,CE_NAIVE,69,1,690001,0.0,0.0,16,60,7,6,4,32.0,0.11728382110595703,2150.0
20260204_181530,CE_NAIVE,318,1,3180001,0.0,0.0,1,0,0,1,1,0.0,0.09656405448913574,0.0
20260204_181530,CE_NAIVE,318,1,3180001,0.0,0.0,2,4,0,1,1,0.0,0.09492111206054688,0.0
20260204_181530,CE_NAIVE,318,1,3180001,0.0,0.0,3,8,0,2,2,0.0,0.0959310531616211,0.0
20260204_181530,CE_NAIVE,318,1,3180001,0.0,0.0,4,12,0,3,3,0.0,0.0952310562133789,0.0
20260204_181530,CE_NAIVE,318,1,3180001,0.0,0.0,5,16,0,1,1,0.0,0.0933990478515625,0.0
20260204_181530,CE_NAIVE,318,1,3180001,0.0,0.0,6,20,0,7,5,15.0,0.17871713638305664,736.6666666666666
20260204_181530,CE_NAIVE,318,1,3180001,0.0,0.0,7,24,2,9,5,25.0,0.6708669662475586,1070.0
20260204_181530,CE_NAIVE,318,1,3180001,0.0,0.0,8,28,3,5,4,4.0,0.16231584548950195,360.0
20260204_181530,CE_NAIVE,318,1,3180001,0.0,0.0,9,32,4,3,3,6.0,0.10689210891723633,240.0
20260204_181530,CE_NAIVE,318,1,3180001,0.0,0.0,10,36,5,5,5,9.0,0.11262202262878418,535.0
20260204_181530,CE_NAIVE,318,1,3180001,0.0,0.0,11,40,6,6,4,16.0,0.1684868335723877,790.0
20260204_181530,CE_NAIVE,318,1,3180001,0.0,0.0,12,44,6,5,4,20.0,0.11236310005187988,1220.0
20260204_181530,CE_NAIVE,318,1,3180001,0.0,0.0,13,48,6,7,4,32.0,0.1325678825378418,880.0
20260204_181530,CE_NAIVE,318,1,3180001,0.0,0.0,14,52,6,10,4,48.0,0.1169731616973877,1480.0
20260204_181530,CE_NAIVE,318,1,3180001,0.0,0.0,15,56,6,8,5,50.0,0.11490201950073242,1280.0
20260204_181530,CE_NAIVE,318,1,3180001,0.0,0.0,16,60,7,6,4,32.0,0.11244893074035645,2150.0
20260204_181530,RRCE_PNE,764,1,7640001,0.0,0.0,1,0,0,1,1,0.0,0.10064697265625,0.0
20260204_181530,RRCE_PNE,764,1,7640001,0.0,0.0,2,4,0,1,1,0.0,0.09217596054077148,0.0
20260204_181530,RRCE_PNE,764,1,7640001,0.0,0.0,3,8,0,2,2,0.0,0.09786796569824219,0.0
20260204_181530,RRCE_PNE,764,1,7640001,0.0,0.0,4,12,0,3,3,0.0,0.09555792808532715,0.0
20260204_181530,RRCE_PNE,764,1,7640001,0.0,0.0,5,16,0,1,1,0.0,0.0908041000366211,0.0
20260204_181530,RRCE_PNE,764,1,7640001,0.0,0.0,6,20,0,7,5,15.0,0.19074106216430664,736.6666666666666
20260204_181530,RRCE_PNE,764,1,7640001,0.0,0.0,7,24,2,9,5,25.0,0.6626431941986084,895.0
20260204_181530,RRCE_PNE,764,1,7640001,0.0,0.0,8,28,3,5,4,4.0,0.10457611083984375,500.0
20260204_181530,RRCE_PNE,764,1,7640001,0.0,0.0,9,32,4,3,3,6.0,0.10331201553344727,100.0
20260204_181530,RRCE_PNE,764,1,7640001,0.0,0.0,10,36,5,5,5,9.0,0.12447404861450195,535.0
20260204_181530,RRCE_PNE,764,1,7640001,0.0,0.0,11,40,6,6,4,16.0,0.11330199241638184,790.0
20260204_181530,RRCE_PNE,764,1,7640001,0.0,0.0,12,44,6,5,4,20.0,0.10746598243713379,1220.0
20260204_181530,RRCE_PNE,764,1,7640001,0.0,0.0,13,48,6,7,4,32.0,0.11735200881958008,880.0
20260204_181530,RRCE_PNE,764,1,7640001,0.0,0.0,14,52,6,10,4,48.0,0.11580491065979004,1480.0
20260204_181530,RRCE_PNE,764,1,7640001,0.0,0.0,15,56,6,8,5,50.0,0.11245203018188477,1280.0
20260204_181530,RRCE_PNE,764,1,7640001,0.0,0.0,16,60,7,6,4,32.0,0.1120750904083252,2150.0
20260204_181530,RRCE_PNE,744,1,7440001,0.0,0.0,1,0,0,1,1,0.0,0.12166190147399902,0.0
20260204_181530,RRCE_PNE,744,1,7440001,0.0,0.0,2,4,0,1,1,0.0,0.09605598449707031,0.0
20260204_181530,RRCE_PNE,744,1,7440001,0.0,0.0,3,8,0,2,2,0.0,0.1012420654296875,0.0
20260204_181530,RRCE_PNE,744,1,7440001,0.0,0.0,4,12,0,3,3,0.0,0.09917998313903809,0.0
20260204_181530,RRCE_PNE,744,1,7440001,0.0,0.0,5,16,0,1,1,0.0,0.09608197212219238,0.0
20260204_181530,RRCE_PNE,744,1,7440001,0.0,0.0,6,20,0,7,5,15.0,0.18418002128601074,736.6666666666666
20260204_181530,RRCE_PNE,744,1,7440001,0.0,0.0,7,24,2,9,5,25.0,0.7432119846343994,1320.0
20260204_181530,RRCE_PNE,744,1,7440001,0.0,0.0,8,28,3,5,4,4.0,0.10159707069396973,333.3333333333333
20260204_181530,RRCE_PNE,744,1,7440001,0.0,0.0,9,32,4,3,3,6.0,0.1063380241394043,100.0
20260204_181530,RRCE_PNE,744,1,7440001,0.0,0.0,10,36,5,5,5,9.0,0.10983800888061523,535.0
20260204_181530,RRCE_PNE,744,1,7440001,0.0,0.0,11,40,6,6,4,16.0,0.11307287216186523,790.0
20260204_181530,RRCE_PNE,744,1,7440001,0.0,0.0,12,44,6,5,4,20.0,0.12099099159240723,1220.0
20260204_181530,RRCE_PNE,744,1,7440001,0.0,0.0,13,48,6,7,4,32.0,0.11473202705383301,880.0
20260204_181530,RRCE_PNE,744,1,7440001,0.0,0.0,14,52,6,10,4,48.0,0.11144614219665527,1480.0
20260204_181530,RRCE_PNE,744,1,7440001,0.0,0.0,15,56,6,8,5,50.0,0.11328721046447754,1280.0
20260204_181530,RRCE_PNE,744,1,7440001,0.0,0.0,16,60,7,6,4,32.0,0.10789203643798828,2150.0
20260204_181530,RRCE_PNE,855,1,8550001,0.0,0.0,1,0,0,1,1,0.0,0.09529590606689453,0.0
20260204_181530,RRCE_PNE,855,1,8550001,0.0,0.0,2,4,0,1,1,0.0,0.09422802925109863,0.0
20260204_181530,RRCE_PNE,855,1,8550001,0.0,0.0,3,8,0,2,2,0.0,0.10415983200073242,0.0
20260204_181530,RRCE_PNE,855,1,8550001,0.0,0.0,4,12,0,3,3,0.0,0.09976315498352051,0.0
20260204_181530,RRCE_PNE,855,1,8550001,0.0,0.0,5,16,0,1,1,0.0,0.09623289108276367,0.0
20260204_181530,RRCE_PNE,855,1,8550001,0.0,0.0,6,20,0,7,5,15.0,0.19617986679077148,736.6666666666666
20260204_181530,RRCE_PNE,855,1,8550001,0.0,0.0,7,24,2,9,5,25.0,0.6994540691375732,1320.0
20260204_181530,RRCE_PNE,855,1,8550001,0.0,0.0,8,28,4,5,4,4.0,0.2718169689178467,333.3333333333333
20260204_181530,RRCE_PNE,855,1,8550001,0.0,0.0,9,32,4,3,3,6.0,0.1039438247680664,100.0
20260204_181530,RRCE_PNE,855,1,8550001,0.0,0.0,10,36,5,5,5,9.0,0.11293792724609375,535.0
20260204_181530,RRCE_PNE,855,1,8550001,0.0,0.0,11,40,6,6,4,16.0,0.11580204963684082,790.0
20260204_181530,RRCE_PNE,855,1,8550001,0.0,0.0,12,44,6,5,4,20.0,0.10749006271362305,1220.0
20260204_181530,RRCE_PNE,855,1,8550001,0.0,0.0,13,48,6,7,4,32.0,0.131303071975708,880.0
20260204_181530,RRCE_PNE,855,1,8550001,0.0,0.0,14,52,6,10,4,48.0,0.11110591888427734,1480.0
20260204_181530,RRCE_PNE,855,1,8550001,0.0,0.0,15,56,6,8,5,50.0,0.10835599899291992,1280.0
20260204_181530,RRCE_PNE,855,1,8550001,0.0,0.0,16,60,7,6,4,32.0,0.1075589656829834,2150.0
20260204_181530,RRCE_PNE,218,1,2180001,0.0,0.0,1,0,0,1,1,0.0,0.09530186653137207,0.0
20260204_181530,RRCE_PNE,218,1,2180001,0.0,0.0,2,4,0,1,1,0.0,0.09442400932312012,0.0
20260204_181530,RRCE_PNE,218,1,2180001,0.0,0.0,3,8,0,2,2,0.0,0.09941411018371582,0.0
20260204_181530,RRCE_PNE,218,1,2180001,0.0,0.0,4,12,0,3,3,0.0,0.09914112091064453,0.0
20260204_181530,RRCE_PNE,218,1,2180001,0.0,0.0,5,16,0,1,1,0.0,0.09166979789733887,0.0
20260204_181530,RRCE_PNE,218,1,2180001,0.0,0.0,6,20,0,7,5,15.0,0.1874709129333496,736.6666666666666
20260204_181530,RRCE_PNE,218,1,2180001,0.0,0.0,7,24,2,9,5,25.0,0.6958348751068115,720.0
20260204_181530,RRCE_PNE,218,1,2180001,0.0,0.0,8,28,3,5,4,4.0,0.11143302917480469,500.0
20260204_181530,RRCE_PNE,218,1,2180001,0.0,0.0,9,32,4,3,3,6.0,0.10645318031311035,100.0
20260204_181530,RRCE_PNE,218,1,2180001,0.0,0.0,10,36,5,5,5,9.0,0.11265707015991211,535.0
20260204_181530,RRCE_PNE,218,1,2180001,0.0,0.0,11,40,6,6,4,16.0,0.11739993095397949,790.0
20260204_181530,RRCE_PNE,218,1,2180001,0.0,0.0,12,44,6,5,4,20.0,0.12011098861694336,1220.0
20260204_181530,RRCE_PNE,218,1,2180001,0.0,0.0,13,48,6,7,4,32.0,0.11606502532958984,880.0
20260204_181530,RRCE_PNE,218,1,2180001,0.0,0.0,14,52,6,10,4,48.0,0.1119391918182373,1480.0
20260204_181530,RRCE_PNE,218,1,2180001,0.0,0.0,15,56,6,8,5,50.0,0.11098289489746094,1280.0
20260204_181530,RRCE_PNE,218,1,2180001,0.0,0.0,16,60,7,6,4,32.0,0.11028003692626953,2150.0
20260204_181530,RRCE_PNE,321,1,3210001,0.0,0.0,1,0,0,1,1,0.0,0.09545207023620605,0.0
20260204_181530,RRCE_PNE,321,1,3210001,0.0,0.0,2,4,0,1,1,0.0,0.09161591529846191,0.0
20260204_181530,RRCE_PNE,321,1,3210001,0.0,0.0,3,8,0,2,2,0.0,0.09761595726013184,0.0
20260204_181530,RRCE_PNE,321,1,3210001,0.0,0.0,4,12,0,3,3,0.0,0.09702706336975098,0.0
20260204_181530,RRCE_PNE,321,1,3210001,0.0,0.0,5,16,0,1,1,0.0,0.10367989540100098,0.0
20260204_181530,RRCE_PNE,321,1,3210001,0.0,0.0,6,20,0,7,5,15.0,0.1729750633239746,736.6666666666666
20260204_181530,RRCE_PNE,321,1,3210001,0.0,0.0,7,24,2,9,5,25.0,0.6761081218719482,1020.0
20260204_181530,RRCE_PNE,321,1,3210001,0.0,0.0,8,28,3,5,4,4.0,0.10944485664367676,500.0
20260204_181530,RRCE_PNE,321,1,3210001,0.0,0.0,9,32,4,3,3,6.0,0.1072230339050293,100.0
20260204_181530,RRCE_PNE,321,1,3210001,0.0,0.0,10,36,5,5,5,9.0,0.12502098083496094,535.0
20260204_181530,RRCE_PNE,321,1,3210001,0.0,0.0,11,40,6,6,4,16.0,0.11791801452636719,790.0
20260204_181530,RRCE_PNE,321,1,3210001,0.0,0.0,12,44,6,5,4,20.0,0.11422896385192871,1220.0
20260204_181530,RRCE_PNE,321,1,3210001,0.0,0.0,13,48,6,7,4,32.0,0.11927986145019531,880.0
20260204_181530,RRCE_PNE,321,1,3210001,0.0,0.0,14,52,6,10,4,48.0,0.11640501022338867,1480.0
20260204_181530,RRCE_PNE,321,1,3210001,0.0,0.0,15,56,6,8,5,50.0,0.11800885200500488,1280.0
20260204_181530,RRCE_PNE,321,1,3210001,0.0,0.0,16,60,7,6,4,32.0,0.11249613761901855,2150.0
20260204_181530,RRCE_PNE,477,1,4770001,0.0,0.0,1,0,0,1,1,0.0,0.0989539623260498,0.0
20260204_181530,RRCE_PNE,477,1,4770001,0.0,0.0,2,4,0,1,1,0.0,0.10429191589355469,0.0
20260204_181530,RRCE_PNE,477,1,4770001,0.0,0.0,3,8,0,2,2,0.0,0.09566307067871094,0.0
20260204_181530,RRCE_PNE,477,1,4770001,0.0,0.0,4,12,0,3,3,0.0,0.09635496139526367,0.0
20260204_181530,RRCE_PNE,477,1,4770001,0.0,0.0,5,16,0,1,1,0.0,0.09371399879455566,0.0
20260204_181530,RRCE_PNE,477,1,4770001,0.0,0.0,6,20,0,7,5,15.0,0.17947888374328613,736.6666666666666
20260204_181530,RRCE_PNE,477,1,4770001,0.0,0.0,7,24,2,9,5,25.0,0.6792218685150146,1320.0
20260204_181530,RRCE_PNE,477,1,4770001,0.0,0.0,8,28,3,5,4,4.0,0.10076689720153809,333.3333333333333
20260204_181530,RRCE_PNE,477,1,4770001,0.0,0.0,9,32,4,3,3,6.0,0.10795998573303223,100.0
20260204_181530,RRCE_PNE,477,1,4770001,0.0,0.0,10,36,5,5,5,9.0,0.10999488830566406,535.0
20260204_181530,RRCE_PNE,477,1,4770001,0.0,0.0,11,40,6,6,4,16.0,0.11252403259277344,790.0
20260204_181530,RRCE_PNE,477,1,4770001,0.0,0.0,12,44,6,5,4,20.0,0.10830903053283691,1220.0
20260204_181530,RRCE_PNE,477,1,4770001,0.0,0.0,13,48,6,7,4,32.0,0.11979293823242188,880.0
20260204_181530,RRCE_PNE,477,1,4770001,0.0,0.0,14,52,6,10,4,48.0,0.1151270866394043,1480.0
20260204_181530,RRCE_PNE,477,1,4770001,0.0,0.0,15,56,6,8,5,50.0,0.12639904022216797,1280.0
20260204_181530,RRCE_PNE,477,1,4770001,0.0,0.0,16,60,7,6,4,32.0,0.11259198188781738,2150.0
20260204_181530,RRCE_PNE,878,1,8780001,0.0,0.0,1,0,0,1,1,0.0,0.09772706031799316,0.0
20260204_181530,RRCE_PNE,878,1,8780001,0.0,0.0,2,4,0,1,1,0.0,0.09698009490966797,0.0
20260204_181530,RRCE_PNE,878,1,8780001,0.0,0.0,3,8,0,2,2,0.0,0.10131597518920898,0.0
20260204_181530,RRCE_PNE,878,1,8780001,0.0,0.0,4,12,0,3,3,0.0,0.1021108627319336,0.0
20260204_181530,RRCE_PNE,878,1,8780001,0.0,0.0,5,16,0,1,1,0.0,0.09670305252075195,0.0
20260204_181530,RRCE_PNE,878,1,8780001,0.0,0.0,6,20,0,7,5,15.0,0.19078803062438965,736.6666666666666
20260204_181530,RRCE_PNE,878,1,8780001,0.0,0.0,7,24,2,9,5,25.0,0.680368185043335,1070.0
20260204_181530,RRCE_PNE,878,1,8780001,0.0,0.0,8,28,3,5,4,4.0,0.10267114639282227,500.0
20260204_181530,RRCE_PNE,878,1,8780001,0.0,0.0,9,32,4,3,3,6.0,0.15788483619689941,100.0
20260204_181530,RRCE_PNE,878,1,8780001,0.0,0.0,10,36,5,5,5,9.0,0.10939502716064453,535.0
20260204_181530,RRCE_PNE,878,1,8780001,0.0,0.0,11,40,6,6,4,16.0,0.11226582527160645,790.0
20260204_181530,RRCE_PNE,878,1,8780001,0.0,0.0,12,44,6,5,4,20.0,0.10787391662597656,1220.0
20260204_181530,RRCE_PNE,878,1,8780001,0.0,0.0,13,48,6,7,4,32.0,0.11448407173156738,880.0
20260204_181530,RRCE_PNE,878,1,8780001,0.0,0.0,14,52,6,10,4,48.0,0.1142129898071289,1480.0
20260204_181530,RRCE_PNE,878,1,8780001,0.0,0.0,15,56,6,8,5,50.0,0.12475109100341797,1280.0
20260204_181530,RRCE_PNE,878,1,8780001,0.0,0.0,16,60,7,6,4,32.0,0.10730409622192383,2150.0
20260204_181530,RRCE_PNE,112,1,1120001,0.0,0.0,1,0,0,1,1,0.0,0.09739804267883301,0.0
20260204_181530,RRCE_PNE,112,1,1120001,0.0,0.0,2,4,0,1,1,0.0,0.0980520248413086,0.0
20260204_181530,RRCE_PNE,112,1,1120001,0.0,0.0,3,8,0,2,2,0.0,0.10169696807861328,0.0
20260204_181530,RRCE_PNE,112,1,1120001,0.0,0.0,4,12,0,3,3,0.0,0.10024595260620117,0.0
20260204_181530,RRCE_PNE,112,1,1120001,0.0,0.0,5,16,0,1,1,0.0,0.09627604484558105,0.0
20260204_181530,RRCE_PNE,112,1,1120001,0.0,0.0,6,20,0,7,5,15.0,0.1832880973815918,736.6666666666666
20260204_181530,RRCE_PNE,112,1,1120001,0.0,0.0,7,24,2,9,5,25.0,0.7152359485626221,985.0
20260204_181530,RRCE_PNE,112,1,1120001,0.0,0.0,8,28,3,5,4,4.0,0.10426783561706543,360.0
20260204_181530,RRCE_PNE,112,1,1120001,0.0,0.0,9,32,4,3,3,6.0,0.09771895408630371,170.0
20260204_181530,RRCE_PNE,112,1,1120001,0.0,0.0,10,36,5,5,5,9.0,0.11279582977294922,535.0
20260204_181530,RRCE_PNE,112,1,1120001,0.0,0.0,11,40,6,6,4,16.0,0.11653304100036621,790.0
20260204_181530,RRCE_PNE,112,1,1120001,0.0,0.0,12,44,6,5,4,20.0,0.10780096054077148,1220.0
20260204_181530,RRCE_PNE,112,1,1120001,0.0,0.0,13,48,6,7,4,32.0,0.11489987373352051,880.0
20260204_181530,RRCE_PNE,112,1,1120001,0.0,0.0,14,52,6,10,4,48.0,0.11328983306884766,1480.0
20260204_181530,RRCE_PNE,112,1,1120001,0.0,0.0,15,56,6,8,5,50.0,0.12509512901306152,1280.0
20260204_181530,RRCE_PNE,112,1,1120001,0.0,0.0,16,60,7,6,4,32.0,0.10841012001037598,2150.0
20260204_181530,RRCE_PNE,570,1,5700001,0.0,0.0,1,0,0,1,1,0.0,0.09399819374084473,0.0
20260204_181530,RRCE_PNE,570,1,5700001,0.0,0.0,2,4,0,1,1,0.0,0.09247994422912598,0.0
20260204_181530,RRCE_PNE,570,1,5700001,0.0,0.0,3,8,0,2,2,0.0,0.0961601734161377,0.0
20260204_181530,RRCE_PNE,570,1,5700001,0.0,0.0,4,12,0,3,3,0.0,0.09744811058044434,0.0
20260204_181530,RRCE_PNE,570,1,5700001,0.0,0.0,5,16,0,1,1,0.0,0.09408807754516602,0.0
20260204_181530,RRCE_PNE,570,1,5700001,0.0,0.0,6,20,0,7,5,15.0,0.17600393295288086,736.6666666666666
20260204_181530,RRCE_PNE,570,1,5700001,0.0,0.0,7,24,2,9,5,25.0,0.7127010822296143,985.0
20260204_181530,RRCE_PNE,570,1,5700001,0.0,0.0,8,28,3,5,4,4.0,0.10928988456726074,500.0
20260204_181530,RRCE_PNE,570,1,5700001,0.0,0.0,9,32,4,3,3,6.0,0.10895013809204102,100.0
20260204_181530,RRCE_PNE,570,1,5700001,0.0,0.0,10,36,5,5,5,9.0,0.1127769947052002,535.0
20260204_181530,RRCE_PNE,570,1,5700001,0.0,0.0,11,40,6,6,4,16.0,0.11764001846313477,790.0
20260204_181530,RRCE_PNE,570,1,5700001,0.0,0.0,12,44,6,5,4,20.0,0.11195802688598633,1220.0
20260204_181530,RRCE_PNE,570,1,5700001,0.0,0.0,13,48,6,7,4,32.0,0.1151590347290039,880.0
20260204_181530,RRCE_PNE,570,1,5700001,0.0,0.0,14,52,6,10,4,48.0,0.11123800277709961,1480.0
20260204_181530,RRCE_PNE,570,1,5700001,0.0,0.0,15,56,6,8,5,50.0,0.12203502655029297,1280.0
20260204_181530,RRCE_PNE,570,1,5700001,0.0,0.0,16,60,7,6,4,32.0,0.1086428165435791,2150.0
20260204_181530,RRCE_PNE,657,1,6570001,0.0,0.0,1,0,0,1,1,0.0,0.09548115730285645,0.0
20260204_181530,RRCE_PNE,657,1,6570001,0.0,0.0,2,4,0,1,1,0.0,0.0927889347076416,0.0
20260204_181530,RRCE_PNE,657,1,6570001,0.0,0.0,3,8,0,2,2,0.0,0.09833288192749023,0.0
20260204_181530,RRCE_PNE,657,1,6570001,0.0,0.0,4,12,0,3,3,0.0,0.10194706916809082,0.0
20260204_181530,RRCE_PNE,657,1,6570001,0.0,0.0,5,16,0,1,1,0.0,0.0932149887084961,0.0
20260204_181530,RRCE_PNE,657,1,6570001,0.0,0.0,6,20,0,7,5,15.0,0.1757369041442871,736.6666666666666
20260204_181530,RRCE_PNE,657,1,6570001,0.0,0.0,7,24,2,9,5,25.0,0.6837120056152344,720.0
20260204_181530,RRCE_PNE,657,1,6570001,0.0,0.0,8,28,3,5,4,4.0,0.1100301742553711,500.0
20260204_181530,RRCE_PNE,657,1,6570001,0.0,0.0,9,32,4,3,3,6.0,0.10827493667602539,100.0
20260204_181530,RRCE_PNE,657,1,6570001,0.0,0.0,10,36,5,5,5,9.0,0.11378002166748047,535.0
20260204_181530,RRCE_PNE,657,1,6570001,0.0,0.0,11,40,6,6,4,16.0,0.11665487289428711,790.0
20260204_181530,RRCE_PNE,657,1,6570001,0.0,0.0,12,44,6,5,4,20.0,0.11276507377624512,1220.0
20260204_181530,RRCE_PNE,657,1,6570001,0.0,0.0,13,48,6,7,4,32.0,0.12047314643859863,880.0
20260204_181530,RRCE_PNE,657,1,6570001,0.0,0.0,14,52,6,10,4,48.0,0.11587381362915039,1480.0
20260204_181530,RRCE_PNE,657,1,6570001,0.0,0.0,15,56,6,8,5,50.0,0.12770700454711914,1280.0
20260204_181530,RRCE_PNE,657,1,6570001,0.0,0.0,16,60,7,6,4,32.0,0.11380195617675781,2150.0
20260204_181530,RRCE_PNE,423,1,4230001,0.0,0.0,1,0,0,1,1,0.0,0.0998539924621582,0.0
20260204_181530,RRCE_PNE,423,1,4230001,0.0,0.0,2,4,0,1,1,0.0,0.09533190727233887,0.0
20260204_181530,RRCE_PNE,423,1,4230001,0.0,0.0,3,8,0,2,2,0.0,0.09690093994140625,0.0
20260204_181530,RRCE_PNE,423,1,4230001,0.0,0.0,4,12,0,3,3,0.0,0.09646916389465332,0.0
20260204_181530,RRCE_PNE,423,1,4230001,0.0,0.0,5,16,0,1,1,0.0,0.09179210662841797,0.0
20260204_181530,RRCE_PNE,423,1,4230001,0.0,0.0,6,20,0,7,5,15.0,0.18235492706298828,736.6666666666666
20260204_181530,RRCE_PNE,423,1,4230001,0.0,0.0,7,24,2,9,5,25.0,0.6881389617919922,985.0
20260204_181530,RRCE_PNE,423,1,4230001,0.0,0.0,8,28,3,5,4,4.0,0.10487794876098633,360.0
20260204_181530,RRCE_PNE,423,1,4230001,0.0,0.0,9,32,4,3,3,6.0,0.09972596168518066,170.0
20260204_181530,RRCE_PNE,423,1,4230001,0.0,0.0,10,36,5,5,5,9.0,0.11139178276062012,535.0
20260204_181530,RRCE_PNE,423,1,4230001,0.0,0.0,11,40,6,6,4,16.0,0.1154167652130127,790.0
20260204_181530,RRCE_PNE,423,1,4230001,0.0,0.0,12,44,6,5,4,20.0,0.10847997665405273,1220.0
20260204_181530,RRCE_PNE,423,1,4230001,0.0,0.0,13,48,6,7,4,32.0,0.1176300048828125,880.0
20260204_181530,RRCE_PNE,423,1,4230001,0.0,0.0,14,52,6,10,4,48.0,0.11394405364990234,1480.0
20260204_181530,RRCE_PNE,423,1,4230001,0.0,0.0,15,56,6,8,5,50.0,0.12735700607299805,1280.0
20260204_181530,RRCE_PNE,423,1,4230001,0.0,0.0,16,60,7,6,4,32.0,0.11188912391662598,2150.0
20260204_181530,RRCE_PNE,902,1,9020001,0.0,0.0,1,0,0,1,1,0.0,0.0991671085357666,0.0
20260204_181530,RRCE_PNE,902,1,9020001,0.0,0.0,2,4,0,1,1,0.0,0.09733104705810547,0.0
20260204_181530,RRCE_PNE,902,1,9020001,0.0,0.0,3,8,0,2,2,0.0,0.10141491889953613,0.0
20260204_181530,RRCE_PNE,902,1,9020001,0.0,0.0,4,12,0,3,3,0.0,0.10094690322875977,0.0
20260204_181530,RRCE_PNE,902,1,9020001,0.0,0.0,5,16,0,1,1,0.0,0.0949399471282959,0.0
20260204_181530,RRCE_PNE,902,1,9020001,0.0,0.0,6,20,0,7,5,15.0,0.18848085403442383,736.6666666666666
20260204_181530,RRCE_PNE,902,1,9020001,0.0,0.0,7,24,2,9,5,25.0,0.6965258121490479,1320.0
20260204_181530,RRCE_PNE,902,1,9020001,0.0,0.0,8,28,4,5,4,4.0,0.1006929874420166,333.3333333333333
20260204_181530,RRCE_PNE,902,1,9020001,0.0,0.0,9,32,4,3,3,6.0,0.10435199737548828,100.0
20260204_181530,RRCE_PNE,902,1,9020001,0.0,0.0,10,36,5,5,5,9.0,0.11257600784301758,535.0
20260204_181530,RRCE_PNE,902,1,9020001,0.0,0.0,11,40,6,6,4,16.0,0.11301994323730469,790.0
20260204_181530,RRCE_PNE,902,1,9020001,0.0,0.0,12,44,6,5,4,20.0,0.10726094245910645,1220.0
20260204_181530,RRCE_PNE,902,1,9020001,0.0,0.0,13,48,6,7,4,32.0,0.11441397666931152,880.0
20260204_181530,RRCE_PNE,902,1,9020001,0.0,0.0,14,52,6,10,4,48.0,0.1100931167602539,1480.0
20260204_181530,RRCE_PNE,902,1,9020001,0.0,0.0,15,56,6,8,5,50.0,0.12638187408447266,1280.0
20260204_181530,RRCE_PNE,902,1,9020001,0.0,0.0,16,60,7,6,4,32.0,0.11008119583129883,2150.0
20260204_181530,RRCE_PNE,504,1,5040001,0.0,0.0,1,0,0,1,1,0.0,0.09419798851013184,0.0
20260204_181530,RRCE_PNE,504,1,5040001,0.0,0.0,2,4,0,1,1,0.0,0.09246587753295898,0.0
20260204_181530,RRCE_PNE,504,1,5040001,0.0,0.0,3,8,0,2,2,0.0,0.09843897819519043,0.0
20260204_181530,RRCE_PNE,504,1,5040001,0.0,0.0,4,12,0,3,3,0.0,0.09970903396606445,0.0
20260204_181530,RRCE_PNE,504,1,5040001,0.0,0.0,5,16,0,1,1,0.0,0.0952310562133789,0.0
20260204_181530,RRCE_PNE,504,1,5040001,0.0,0.0,6,20,0,7,5,15.0,0.18526196479797363,736.6666666666666
20260204_181530,RRCE_PNE,504,1,5040001,0.0,0.0,7,24,2,9,5,25.0,0.726330041885376,1070.0
20260204_181530,RRCE_PNE,504,1,5040001,0.0,0.0,8,28,3,5,4,4.0,0.1047048568725586,500.0
20260204_181530,RRCE_PNE,504,1,5040001,0.0,0.0,9,32,4,3,3,6.0,0.10288810729980469,100.0
20260204_181530,RRCE_PNE,504,1,5040001,0.0,0.0,10,36,5,5,5,9.0,0.10847306251525879,535.0
20260204_181530,RRCE_PNE,504,1,5040001,0.0,0.0,11,40,6,6,4,16.0,0.11681485176086426,790.0
20260204_181530,RRCE_PNE,504,1,5040001,0.0,0.0,12,44,6,5,4,20.0,0.11078810691833496,1220.0
20260204_181530,RRCE_PNE,504,1,5040001,0.0,0.0,13,48,6,7,4,32.0,0.11618900299072266,880.0
20260204_181530,RRCE_PNE,504,1,5040001,0.0,0.0,14,52,6,10,4,48.0,0.11139297485351562,1480.0
20260204_181530,RRCE_PNE,504,1,5040001,0.0,0.0,15,56,6,8,5,50.0,0.12591099739074707,1280.0
20260204_181530,RRCE_PNE,504,1,5040001,0.0,0.0,16,60,7,6,4,32.0,0.1096501350402832,2150.0
20260204_181530,RRCE_PNE,493,1,4930001,0.0,0.0,1,0,0,1,1,0.0,0.09437108039855957,0.0
20260204_181530,RRCE_PNE,493,1,4930001,0.0,0.0,2,4,0,1,1,0.0,0.09303498268127441,0.0
20260204_181530,RRCE_PNE,493,1,4930001,0.0,0.0,3,8,0,2,2,0.0,0.09690999984741211,0.0
20260204_181530,RRCE_PNE,493,1,4930001,0.0,0.0,4,12,0,3,3,0.0,0.09776902198791504,0.0
20260204_181530,RRCE_PNE,493,1,4930001,0.0,0.0,5,16,0,1,1,0.0,0.09498000144958496,0.0
20260204_181530,RRCE_PNE,493,1,4930001,0.0,0.0,6,20,0,7,5,15.0,0.17792296409606934,736.6666666666666
20260204_181530,RRCE_PNE,493,1,4930001,0.0,0.0,7,24,2,9,5,25.0,0.7006011009216309,1020.0
20260204_181530,RRCE_PNE,493,1,4930001,0.0,0.0,8,28,3,5,4,4.0,0.11193394660949707,360.0
20260204_181530,RRCE_PNE,493,1,4930001,0.0,0.0,9,32,4,3,3,6.0,0.1026468276977539,170.0
20260204_181530,RRCE_PNE,493,1,4930001,0.0,0.0,10,36,5,5,5,9.0,0.11390209197998047,535.0
20260204_181530,RRCE_PNE,493,1,4930001,0.0,0.0,11,40,6,6,4,16.0,0.11850690841674805,790.0
20260204_181530,RRCE_PNE,493,1,4930001,0.0,0.0,12,44,6,5,4,20.0,0.1136620044708252,1220.0
20260204_181530,RRCE_PNE,493,1,4930001,0.0,0.0,13,48,6,7,4,32.0,0.1199030876159668,880.0
20260204_181530,RRCE_PNE,493,1,4930001,0.0,0.0,14,52,6,10,4,48.0,0.11348295211791992,1480.0
20260204_181530,RRCE_PNE,493,1,4930001,0.0,0.0,15,56,6,8,5,50.0,0.12344789505004883,1280.0
20260204_181530,RRCE_PNE,493,1,4930001,0.0,0.0,16,60,7,6,4,32.0,0.10715413093566895,2150.0
20260204_181530,RRCE_PNE,610,1,6100001,0.0,0.0,1,0,0,1,1,0.0,0.09913897514343262,0.0
20260204_181530,RRCE_PNE,610,1,6100001,0.0,0.0,2,4,0,1,1,0.0,0.09454798698425293,0.0
20260204_181530,RRCE_PNE,610,1,6100001,0.0,0.0,3,8,0,2,2,0.0,0.0965127944946289,0.0
20260204_181530,RRCE_PNE,610,1,6100001,0.0,0.0,4,12,0,3,3,0.0,0.09743213653564453,0.0
20260204_181530,RRCE_PNE,610,1,6100001,0.0,0.0,5,16,0,1,1,0.0,0.09379696846008301,0.0
20260204_181530,RRCE_PNE,610,1,6100001,0.0,0.0,6,20,0,7,5,15.0,0.176314115524292,736.6666666666666
20260204_181530,RRCE_PNE,610,1,6100001,0.0,0.0,7,24,2,9,5,25.0,0.6860790252685547,895.0
20260204_181530,RRCE_PNE,610,1,6100001,0.0,0.0,8,28,3,5,4,4.0,0.1093130111694336,500.0
20260204_181530,RRCE_PNE,610,1,6100001,0.0,0.0,9,32,4,3,3,6.0,0.10647296905517578,100.0
20260204_181530,RRCE_PNE,610,1,6100001,0.0,0.0,10,36,5,5,5,9.0,0.11205101013183594,535.0
20260204_181530,RRCE_PNE,610,1,6100001,0.0,0.0,11,40,6,6,4,16.0,0.1180570125579834,790.0
20260204_181530,RRCE_PNE,610,1,6100001,0.0,0.0,12,44,6,5,4,20.0,0.11234498023986816,1220.0
20260204_181530,RRCE_PNE,610,1,6100001,0.0,0.0,13,48,6,7,4,32.0,0.12138891220092773,880.0
20260204_181530,RRCE_PNE,610,1,6100001,0.0,0.0,14,52,6,10,4,48.0,0.11501598358154297,1480.0
20260204_181530,RRCE_PNE,610,1,6100001,0.0,0.0,15,56,6,8,5,50.0,0.1275930404663086,1280.0
20260204_181530,RRCE_PNE,610,1,6100001,0.0,0.0,16,60,7,6,4,32.0,0.11289715766906738,2150.0
20260204_181530,RRCE_PNE,626,1,6260001,0.0,0.0,1,0,0,1,1,0.0,0.10026812553405762,0.0
20260204_181530,RRCE_PNE,626,1,6260001,0.0,0.0,2,4,0,1,1,0.0,0.09704017639160156,0.0
20260204_181530,RRCE_PNE,626,1,6260001,0.0,0.0,3,8,0,2,2,0.0,0.10128307342529297,0.0
20260204_181530,RRCE_PNE,626,1,6260001,0.0,0.0,4,12,0,3,3,0.0,0.10048508644104004,0.0
20260204_181530,RRCE_PNE,626,1,6260001,0.0,0.0,5,16,0,1,1,0.0,0.0923459529876709,0.0
20260204_181530,RRCE_PNE,626,1,6260001,0.0,0.0,6,20,0,7,5,15.0,0.1760239601135254,736.6666666666666
20260204_181530,RRCE_PNE,626,1,6260001,0.0,0.0,7,24,2,9,5,25.0,0.6966969966888428,1020.0
20260204_181530,RRCE_PNE,626,1,6260001,0.0,0.0,8,28,3,5,4,4.0,0.10588693618774414,360.0
20260204_181530,RRCE_PNE,626,1,6260001,0.0,0.0,9,32,4,3,3,6.0,0.09897184371948242,170.0
20260204_181530,RRCE_PNE,626,1,6260001,0.0,0.0,10,36,5,5,5,9.0,0.1097710132598877,535.0
20260204_181530,RRCE_PNE,626,1,6260001,0.0,0.0,11,40,6,6,4,16.0,0.11655306816101074,790.0
20260204_181530,RRCE_PNE,626,1,6260001,0.0,0.0,12,44,6,5,4,20.0,0.10817408561706543,1220.0
20260204_181530,RRCE_PNE,626,1,6260001,0.0,0.0,13,48,6,7,4,32.0,0.11545991897583008,880.0
20260204_181530,RRCE_PNE,626,1,6260001,0.0,0.0,14,52,6,10,4,48.0,0.11121106147766113,1480.0
20260204_181530,RRCE_PNE,626,1,6260001,0.0,0.0,15,56,6,8,5,50.0,0.12373590469360352,1280.0
20260204_181530,RRCE_PNE,626,1,6260001,0.0,0.0,16,60,7,6,4,32.0,0.11363410949707031,2150.0
20260204_181530,RRCE_PNE,992,1,9920001,0.0,0.0,1,0,0,1,1,0.0,0.09824609756469727,0.0
20260204_181530,RRCE_PNE,992,1,9920001,0.0,0.0,2,4,0,1,1,0.0,0.09579110145568848,0.0
20260204_181530,RRCE_PNE,992,1,9920001,0.0,0.0,3,8,0,2,2,0.0,0.10134005546569824,0.0
20260204_181530,RRCE_PNE,992,1,9920001,0.0,0.0,4,12,0,3,3,0.0,0.10148286819458008,0.0
20260204_181530,RRCE_PNE,992,1,9920001,0.0,0.0,5,16,0,1,1,0.0,0.09755921363830566,0.0
20260204_181530,RRCE_PNE,992,1,9920001,0.0,0.0,6,20,0,7,5,15.0,0.18619513511657715,736.6666666666666
20260204_181530,RRCE_PNE,992,1,9920001,0.0,0.0,7,24,2,9,5,25.0,0.7117588520050049,1020.0
20260204_181530,RRCE_PNE,992,1,9920001,0.0,0.0,8,28,3,5,4,4.0,0.10593795776367188,500.0
20260204_181530,RRCE_PNE,992,1,9920001,0.0,0.0,9,32,4,3,3,6.0,0.10368204116821289,100.0
20260204_181530,RRCE_PNE,992,1,9920001,0.0,0.0,10,36,5,5,5,9.0,0.1090700626373291,535.0
20260204_181530,RRCE_PNE,992,1,9920001,0.0,0.0,11,40,6,6,4,16.0,0.11506009101867676,790.0
20260204_181530,RRCE_PNE,992,1,9920001,0.0,0.0,12,44,6,5,4,20.0,0.10771608352661133,1220.0
20260204_181530,RRCE_PNE,992,1,9920001,0.0,0.0,13,48,6,7,4,32.0,0.11633896827697754,880.0
20260204_181530,RRCE_PNE,992,1,9920001,0.0,0.0,14,52,6,10,4,48.0,0.11104297637939453,1480.0
20260204_181530,RRCE_PNE,992,1,9920001,0.0,0.0,15,56,6,8,5,50.0,0.12453389167785645,1280.0
20260204_181530,RRCE_PNE,992,1,9920001,0.0,0.0,16,60,7,6,4,32.0,0.11113595962524414,2150.0
20260204_181530,RRCE_PNE,370,1,3700001,0.0,0.0,1,0,0,1,1,0.0,0.09557318687438965,0.0
20260204_181530,RRCE_PNE,370,1,3700001,0.0,0.0,2,4,0,1,1,0.0,0.09325313568115234,0.0
20260204_181530,RRCE_PNE,370,1,3700001,0.0,0.0,3,8,0,2,2,0.0,0.09815716743469238,0.0
20260204_181530,RRCE_PNE,370,1,3700001,0.0,0.0,4,12,0,3,3,0.0,0.09738302230834961,0.0
20260204_181530,RRCE_PNE,370,1,3700001,0.0,0.0,5,16,0,1,1,0.0,0.09237504005432129,0.0
20260204_181530,RRCE_PNE,370,1,3700001,0.0,0.0,6,20,0,7,5,15.0,0.18153905868530273,736.6666666666666
20260204_181530,RRCE_PNE,370,1,3700001,0.0,0.0,7,24,2,9,5,25.0,0.7181401252746582,1020.0
20260204_181530,RRCE_PNE,370,1,3700001,0.0,0.0,8,28,3,5,4,4.0,0.12622594833374023,360.0
20260204_181530,RRCE_PNE,370,1,3700001,0.0,0.0,9,32,4,3,3,6.0,0.10276389122009277,170.0
20260204_181530,RRCE_PNE,370,1,3700001,0.0,0.0,10,36,5,5,5,9.0,0.11219406127929688,535.0
20260204_181530,RRCE_PNE,370,1,3700001,0.0,0.0,11,40,6,6,4,16.0,0.11401200294494629,790.0
20260204_181530,RRCE_PNE,370,1,3700001,0.0,0.0,12,44,6,5,4,20.0,0.11179590225219727,1220.0
20260204_181530,RRCE_PNE,370,1,3700001,0.0,0.0,13,48,6,7,4,32.0,0.11613202095031738,880.0
20260204_181530,RRCE_PNE,370,1,3700001,0.0,0.0,14,52,6,10,4,48.0,0.1109161376953125,1480.0
20260204_181530,RRCE_PNE,370,1,3700001,0.0,0.0,15,56,6,8,5,50.0,0.11116504669189453,1280.0
20260204_181530,RRCE_PNE,370,1,3700001,0.0,0.0,16,60,7,6,4,32.0,0.12411212921142578,2150.0
20260204_181530,RRCE_PNE,69,1,690001,0.0,0.0,1,0,0,1,1,0.0,0.09362411499023438,0.0
20260204_181530,RRCE_PNE,69,1,690001,0.0,0.0,2,4,0,1,1,0.0,0.09197402000427246,0.0
20260204_181530,RRCE_PNE,69,1,690001,0.0,0.0,3,8,0,2,2,0.0,0.09591293334960938,0.0
20260204_181530,RRCE_PNE,69,1,690001,0.0,0.0,4,12,0,3,3,0.0,0.09676194190979004,0.0
20260204_181530,RRCE_PNE,69,1,690001,0.0,0.0,5,16,0,1,1,0.0,0.09372401237487793,0.0
20260204_181530,RRCE_PNE,69,1,690001,0.0,0.0,6,20,0,7,5,15.0,0.18100905418395996,736.6666666666666
20260204_181530,RRCE_PNE,69,1,690001,0.0,0.0,7,24,2,9,5,25.0,0.6786980628967285,720.0
20260204_181530,RRCE_PNE,69,1,690001,0.0,0.0,8,28,3,5,4,4.0,0.12612700462341309,500.0
20260204_181530,RRCE_PNE,69,1,690001,0.0,0.0,9,32,4,3,3,6.0,0.10806894302368164,100.0
20260204_181530,RRCE_PNE,69,1,690001,0.0,0.0,10,36,5,5,5,9.0,0.11404800415039062,535.0
20260204_181530,RRCE_PNE,69,1,690001,0.0,0.0,11,40,6,6,4,16.0,0.11886787414550781,790.0
20260204_181530,RRCE_PNE,69,1,690001,0.0,0.0,12,44,6,5,4,20.0,0.11426591873168945,1220.0
20260204_181530,RRCE_PNE,69,1,690001,0.0,0.0,13,48,6,7,4,32.0,0.12307000160217285,880.0
20260204_181530,RRCE_PNE,69,1,690001,0.0,0.0,14,52,6,10,4,48.0,0.11893796920776367,1480.0
20260204_181530,RRCE_PNE,69,1,690001,0.0,0.0,15,56,6,8,5,50.0,0.1116938591003418,1280.0
20260204_181530,RRCE_PNE,69,1,690001,0.0,0.0,16,60,7,6,4,32.0,0.12407588958740234,2150.0
20260204_181530,RRCE_PNE,318,1,3180001,0.0,0.0,1,0,0,1,1,0.0,0.09612011909484863,0.0
20260204_181530,RRCE_PNE,318,1,3180001,0.0,0.0,2,4,0,1,1,0.0,0.09688186645507812,0.0
20260204_181530,RRCE_PNE,318,1,3180001,0.0,0.0,3,8,0,2,2,0.0,0.09688496589660645,0.0
20260204_181530,RRCE_PNE,318,1,3180001,0.0,0.0,4,12,0,3,3,0.0,0.09635400772094727,0.0
20260204_181530,RRCE_PNE,318,1,3180001,0.0,0.0,5,16,0,1,1,0.0,0.09412598609924316,0.0
20260204_181530,RRCE_PNE,318,1,3180001,0.0,0.0,6,20,0,7,5,15.0,0.1780102252960205,736.6666666666666
20260204_181530,RRCE_PNE,318,1,3180001,0.0,0.0,7,24,2,9,5,25.0,0.6720070838928223,1020.0
20260204_181530,RRCE_PNE,318,1,3180001,0.0,0.0,8,28,3,5,4,4.0,0.12038111686706543,360.0
20260204_181530,RRCE_PNE,318,1,3180001,0.0,0.0,9,32,4,3,3,6.0,0.10249090194702148,170.0
20260204_181530,RRCE_PNE,318,1,3180001,0.0,0.0,10,36,5,5,5,9.0,0.11135506629943848,535.0
20260204_181530,RRCE_PNE,318,1,3180001,0.0,0.0,11,40,6,6,4,16.0,0.11340498924255371,790.0
20260204_181530,RRCE_PNE,318,1,3180001,0.0,0.0,12,44,6,5,4,20.0,0.11141610145568848,1220.0
20260204_181530,RRCE_PNE,318,1,3180001,0.0,0.0,13,48,6,7,4,32.0,0.12038087844848633,880.0
20260204_181530,RRCE_PNE,318,1,3180001,0.0,0.0,14,52,6,10,4,48.0,0.1169118881225586,1480.0
20260204_181530,RRCE_PNE,318,1,3180001,0.0,0.0,15,56,6,8,5,50.0,0.11633610725402832,1280.0
20260204_181530,RRCE_PNE,318,1,3180001,0.0,0.0,16,60,7,6,4,32.0,0.13084101676940918,2150.0
